job_id,job_name,group_name,item_name,quantity,unit_cost,unit_price,cost_type,cost_code
22PBZmrKm96T,Exterior Repairs,Cedar Siding Repair,Hourly Rate,12,55,89,Materials,0000 Uncategorized
22PBZmrKm96T,Exterior Repairs,Cedar Siding Repair,1x6x12 Cedar Board,3,31.33,51.694500000000005,Materials,450 Siding & Trim
22PBZmrKm96T,Exterior Repairs,Cedar Siding Repair,1x8x12 cedar board,10,45.72,75.43800000000002,Materials,450 Siding & Trim
22PBZmrKm96T,Exterior Repairs,Garage Door Framing/Trim Repairs,Hourly Rate,3,55,89,Materials,0000 Uncategorized
22PBZmrKm96T,Exterior Repairs,Garage Door Framing/Trim Repairs,2x8x10 Pressure Treated Lumber,1,12.88,21.252000000000006,Materials,410 Framing
22PBZmrKm96T,Exterior Repairs,Garage Door Framing/Trim Repairs,10' Vinyl Brick Molding,3,21.14,34.88100000000001,Materials,1500 Doors & Windows
22PBZmrKm96T,Exterior Repairs,Fascia/Soffit Repair (Wood),Hourly Rate,10,55,89,Labor,0000 Uncategorized
22PBZmrKm96T,Exterior Repairs,Fascia/Soffit Repair (Wood),1x8x18 Vinyl Trim Plank,2,72,118.80000000000001,Materials,0000 Uncategorized
22PBZmrKm96T,Exterior Repairs,Fascia/Soffit Repair (Wood),2x6x10 Dimensional Lumber,3,13.05,21.532500000000006,Materials,410 Framing
22PBZmrKm96T,Exterior Repairs,Fascia/Soffit Repair (Wood),2x4x10 Dimensional Lumber,4,5.62,9.273000000000001,Materials,410 Framing
22PBZmrKm96T,Exterior Repairs,Fascia/Soffit Repair (Wood),Lexel Clear Paintable Solvent Caulk,4,11.28,18.612000000000002,Materials,6000 Completion
22PBZmrKm96T,Exterior Repairs,Fascia/Soffit Repair (Wood),1050 Quick Dry Siliconized Acrylic Latex Caulk,4,3.31,5.461500000000001,Materials,0000 Uncategorized
22PBZmrKm96T,Exterior Repairs,Cedar Siding Repair,Hourly Rate,12,55,89,Materials,0000 Uncategorized
22PBZmrKm96T,Exterior Repairs,Cedar Siding Repair,1x8x12 cedar board,10,45.72,75.43800000000002,Materials,450 Siding & Trim
22PBZmrKm96T,Exterior Repairs,Cedar Siding Repair,1x6x12 Cedar Board,3,31.33,51.694500000000005,Materials,450 Siding & Trim
22PBZmrKm96T,Exterior Repairs,Garage Door Framing/Trim Repairs,Hourly Rate,3,55,89,Materials,0000 Uncategorized
22PBZmrKm96T,Exterior Repairs,Garage Door Framing/Trim Repairs,10' Vinyl Brick Molding,3,21.14,34.88100000000001,Materials,1500 Doors & Windows
22PBZmrKm96T,Exterior Repairs,Garage Door Framing/Trim Repairs,2x8x10 Pressure Treated Lumber,1,12.88,21.252000000000006,Materials,410 Framing
22PBZmrKm96T,Exterior Repairs,Fascia/Soffit Repair (Wood),Hourly Rate,10,55,89,Labor,0000 Uncategorized
22PBZmrKm96T,Exterior Repairs,Fascia/Soffit Repair (Wood),1x8x18 Vinyl Trim Plank,2,72,118.80000000000001,Materials,0000 Uncategorized
22PBZmrKm96T,Exterior Repairs,Fascia/Soffit Repair (Wood),2x6x10 Dimensional Lumber,3,13.05,21.532500000000006,Materials,410 Framing
22PBZmrKm96T,Exterior Repairs,Fascia/Soffit Repair (Wood),2x4x10 Dimensional Lumber,4,5.62,9.273000000000001,Materials,410 Framing
22PBZmrKm96T,Exterior Repairs,Fascia/Soffit Repair (Wood),Lexel Clear Paintable Solvent Caulk,4,11.28,18.612000000000002,Materials,6000 Completion
22PBZmrKm96T,Exterior Repairs,Fascia/Soffit Repair (Wood),1050 Quick Dry Siliconized Acrylic Latex Caulk,4,3.31,5.461500000000001,Materials,0000 Uncategorized
22PEizMQUtVW,Job 00082,2.10.1 - Exterior Fixtures/Outlets Sealing,Hourly Rate,1,55,89,Materials,210 In-House Labor
22PEizMQUtVW,Job 00082,2.10.1 - Exterior Fixtures/Outlets Sealing,Lexel Clear Paintable Solvent Caulk,1,11.28,18.612000000000002,Materials,820 Specialty Items
22PEizMQUtVW,Job 00082,2.12.1 - Deck/Porch Stairs Handrail Repair,Hourly Rate,8,55,89,Materials,0000 Uncategorized
22PEizMQUtVW,Job 00082,2.12.1 - Deck/Porch Stairs Handrail Repair,2x4x10 PT,2,8.71,14.55,Materials,0000 Uncategorized
22PEizMQUtVW,Job 00082,2.12.1 - Deck/Porch Stairs Handrail Repair,Deckmate 3 inch wood screw,1,12.98,21.417000000000005,Materials,410 Framing
22PEizMQUtVW,Job 00082,2.12.1 - Deck/Porch Stairs Handrail Repair,4x4x8 PT,1,10.77,17.99,Materials,0000 Uncategorized
22PEizMQUtVW,Job 00082,2.12.1 - Deck/Porch Stairs Handrail Repair,4x4 Standoff Post Base,2,12.23,20.42,Materials,0000 Uncategorized
22PEizMQUtVW,Job 00082,"5.4.1&2, 5.5.1-4, 5.8.3-5 - Crawlspace Moisture Mitigation/Insulation Repair",Subcontractor,1,9925,14390.31462954908,Labor,0000 Uncategorized
22PEizMQUtVW,Job 00082,5.7.1 - Floor Point Shoring STL-22,STL-22,1,61.24,409.05,Materials,0000 Uncategorized
22PEizMQUtVW,Job 00082,5.7.1 - Floor Point Shoring STL-22,RapidSet,1,16.18,27.02,Materials,0000 Uncategorized
22PEizMQUtVW,Job 00082,5.7.1 - Floor Point Shoring STL-22,STL-JHD (Double) U-Head,1,68.18,136.36,Materials,0000 Uncategorized
22PEizMQUtVW,Job 00082,5.7.1 - Floor Point Shoring STL-22,Base Plate - 12,1,56.22,108.72,Materials,0000 Uncategorized
22PEizMQUtVW,Job 00082,5.7.1 - Floor Point Shoring STL-22,Hourly Rate,4,55,89,Materials,0000 Uncategorized
22PEizMQUtVW,Job 00082,5.8.2 - Leaking Toilet Repair,Subcontractor,,1350,1957.4999999999998,Labor,0000 Uncategorized
22PEizMQUtVW,Job 00082,7.5.2 - Window Lock Replacement,Hourly Rate,0.5,55,89,Materials,0000 Uncategorized
22PEizMQUtVW,Job 00082,7.5.2 - Window Lock Replacement,Special Order Materials,1,15,24.750000000000004,Materials,0000 Uncategorized
22PEizMQUtVW,Job 00082,8.4.2 - Sink Drain Repair,Oatey 1-1/4 in. White Plastic Sink Drain P- Trap,1,4.69,0,Materials,0000 Uncategorized
22PEizMQUtVW,Job 00082,8.4.2 - Sink Drain Repair,Hourly Rate,3,55,89,Materials,0000 Uncategorized
22PEizMQUtVW,Job 00082,"8.5.1, 8.5.5 - Seal Shower Fixtures",GESilicone 1 10.1 oz. White Bath Tub and Tile Caulk,1,8.98,16,Materials,0000 Uncategorized
22PEizMQUtVW,Job 00082,"8.5.1, 8.5.5 - Seal Shower Fixtures",Hourly Rate,2,55,89,Materials,0000 Uncategorized
22PEizMQUtVW,Job 00082,8.5.4 - Seal Tub/Shower Gaps,GESilicone 1 10.1 oz. White Bath Tub and Tile Caulk,2,8.98,16,Materials,0000 Uncategorized
22PEizMQUtVW,Job 00082,8.5.4 - Seal Tub/Shower Gaps,Hourly Rate,1,55,89,Materials,0000 Uncategorized
22PEizMQUtVW,Job 00082,8.6.2 - Shower Head Repair,Hourly Rate,0.5,55,89,Materials,0000 Uncategorized
22PEjfcGgk7H,Job 00083,Floor Point Shoring STL-14,STL-14,4,207.06,341.64900000000006,Materials,0000 Uncategorized
22PEjfcGgk7H,Job 00083,Floor Point Shoring STL-14,STL-JHD (Double) U-Head,2,68.18,112.49700000000003,Materials,0000 Uncategorized
22PEjfcGgk7H,Job 00083,Floor Point Shoring STL-14,Base Plate - 12,4,56.22,92.76300000000002,Materials,0000 Uncategorized
22PEjfcGgk7H,Job 00083,Floor Point Shoring STL-14,Hourly Rate,16,55,89,Materials,0000 Uncategorized
22PEjfcGgk7H,Job 00083,Floor Point Shoring STL-14,STL-14,4,207.06,341.64900000000006,Materials,0000 Uncategorized
22PEjfcGgk7H,Job 00083,Floor Point Shoring STL-14,STL-JHD (Double) U-Head,2,68.18,112.49700000000003,Materials,0000 Uncategorized
22PEjfcGgk7H,Job 00083,Floor Point Shoring STL-14,Base Plate - 12,4,56.22,92.76300000000002,Materials,0000 Uncategorized
22PEjfcGgk7H,Job 00083,Floor Point Shoring STL-14,Hourly Rate,16,55,89,Materials,0000 Uncategorized
22PEjpwm8u66,Job 00084,2.3.1 - Roof Vent Boot Repair,Henry 208R Rubberized Wet Patch 10.1 oz Roof Cement Leak Repair,1,7.24,12.09,Materials,0000 Uncategorized
22PEjpwm8u66,Job 00084,2.3.1 - Roof Vent Boot Repair,Grip-Rite#11 x 1-1/4 in. Electro-Galvanized Steel Roofing Nails (1 lb.-Pack),1,4.98,8.32,Materials,0000 Uncategorized
22PEjpwm8u66,Job 00084,2.3.1 - Roof Vent Boot Repair,Hourly Rate,2,55,89,Materials,0000 Uncategorized
22PEjpwm8u66,Job 00084,2.4.1 - Kickout Flashing Install,Grip-Rite#11 x 1-1/4 in. Electro-Galvanized Steel Roofing Nails (1 lb.-Pack),1,4.98,8.32,Materials,0000 Uncategorized
22PEjpwm8u66,Job 00084,2.4.1 - Kickout Flashing Install,Henry 208R Rubberized Wet Patch 10.1 oz Roof Cement Leak Repair,1,7.24,12.09,Materials,0000 Uncategorized
22PEjpwm8u66,Job 00084,2.4.1 - Kickout Flashing Install,Black Kickout Flashing,2,12.01,20.06,Materials,0000 Uncategorized
22PEjpwm8u66,Job 00084,2.4.1 - Kickout Flashing Install,Hourly Rate,3,55,89,Materials,0000 Uncategorized
22PEjpwm8u66,Job 00084,"3.2.2, 3.6.2, 3.7.1 - Porch Railing/Deck Repair",Deckmate 3 inch wood screw,1,12.98,21.417000000000005,Materials,410 Framing
22PEjpwm8u66,Job 00084,"3.2.2, 3.6.2, 3.7.1 - Porch Railing/Deck Repair",Hourly Rate,16,55,89,Materials,0000 Uncategorized
22PEjpwm8u66,Job 00084,"3.2.2, 3.6.2, 3.7.1 - Porch Railing/Deck Repair",2x4x12 PT,6,10.84,18.11,Materials,0000 Uncategorized
22PEjpwm8u66,Job 00084,"3.2.2, 3.6.2, 3.7.1 - Porch Railing/Deck Repair",PT Deck Board Premium Pine - 12',10,14.53,24.27,Materials,0000 Uncategorized
22PEjpwm8u66,Job 00084,"3.2.2, 3.6.2, 3.7.1 - Porch Railing/Deck Repair",Custom Gallon Paint/Stain,2,60,99.00000000000001,Materials,2300 Painting
22PEjpwm8u66,Job 00084,8.9.1 - Smoke/co2 Detector Installation,Carbon Monoxide Detector (Battery Powered),2,18.57,31.01,Materials,0000 Uncategorized
22PEjpwm8u66,Job 00084,8.9.1 - Smoke/co2 Detector Installation,Smoke Detector (Battery Powered),4,18.97,31.68,Materials,0000 Uncategorized
22PEjpwm8u66,Job 00084,8.9.1 - Smoke/co2 Detector Installation,Hourly Rate,2,55,89,Materials,0000 Uncategorized
22PEjpwm8u66,Job 00084,HVAC Evaluation,Hourly Rate,4,55,75.9,Materials,0000 Uncategorized
22PEjpwm8u66,Job 00084,Crawl Space and Moisture Control,Crawl Space Clean Out (Medium),1,500,725,Materials,0000 Uncategorized
22PEjpwm8u66,Job 00084,Crawl Space and Moisture Control,"10 Mil Vapor Barrier, on Ground Installation",1850,1.15,1.6674999999999998,Materials,0000 Uncategorized
22PEjpwm8u66,Job 00084,Crawl Space and Moisture Control,70 Pint Crawl Space Dehumidifier (Santa Fe Compact70),1,1800,2610,Materials,0000 Uncategorized
22PEjpwm8u66,Job 00084,Crawl Space and Moisture Control,Crawl Space Vent Sealing,1,350,507.49999999999994,Materials,0000 Uncategorized
22PEjpwm8u66,Job 00084,Floor Girder Repair,1/2 in. Hot Dipped Galvanized Cut Washer (50-Box),,23.8,44.03,Materials,0000 Uncategorized
22PEjpwm8u66,Job 00084,Floor Girder Repair,Everbilt 1/2 in.-13 x 8 in. Galvanized Carriage Bolt (25-Pack),,104.8,193.88,Materials,0000 Uncategorized
22PEjpwm8u66,Job 00084,Floor Girder Repair,2x10x8 ft PT,2,18.41,30.74,Materials,0000 Uncategorized
22PEjpwm8u66,Job 00084,Floor Girder Repair,2 7/8 in HeadLoks,20,0.47,0.79,Materials,0000 Uncategorized
22PEjpwm8u66,Job 00084,Floor Girder Repair,Temporary Use of Ellis Jacks Lifting Shores,1,0,175,Materials,0000 Uncategorized
22PEjpwm8u66,Job 00084,Floor Girder Repair,Hourly Rate,8,55,89,Materials,0000 Uncategorized
22PEjpwm8u66,Job 00084,2.3.1 - Roof Vent Boot Repair,Henry 208R Rubberized Wet Patch 10.1 oz Roof Cement Leak Repair,1,7.24,12.09,Materials,0000 Uncategorized
22PEjpwm8u66,Job 00084,2.3.1 - Roof Vent Boot Repair,Grip-Rite#11 x 1-1/4 in. Electro-Galvanized Steel Roofing Nails (1 lb.-Pack),1,4.98,8.32,Materials,0000 Uncategorized
22PEjpwm8u66,Job 00084,2.3.1 - Roof Vent Boot Repair,Hourly Rate,2,55,89,Materials,0000 Uncategorized
22PEjpwm8u66,Job 00084,2.4.1 - Kickout Flashing Install,Grip-Rite#11 x 1-1/4 in. Electro-Galvanized Steel Roofing Nails (1 lb.-Pack),1,4.98,8.32,Materials,0000 Uncategorized
22PEjpwm8u66,Job 00084,2.4.1 - Kickout Flashing Install,Henry 208R Rubberized Wet Patch 10.1 oz Roof Cement Leak Repair,1,7.24,12.09,Materials,0000 Uncategorized
22PEjpwm8u66,Job 00084,2.4.1 - Kickout Flashing Install,Black Kickout Flashing,2,12.01,20.06,Materials,0000 Uncategorized
22PEjpwm8u66,Job 00084,2.4.1 - Kickout Flashing Install,Hourly Rate,3,55,89,Materials,0000 Uncategorized
22PEjpwm8u66,Job 00084,"3.2.2, 3.6.2, 3.7.1 - Porch Railing/Deck Repair",2x4x12 PT,6,10.84,18.11,Materials,0000 Uncategorized
22PEjpwm8u66,Job 00084,"3.2.2, 3.6.2, 3.7.1 - Porch Railing/Deck Repair",PT Deck Board Premium Pine - 12',10,14.53,24.27,Materials,0000 Uncategorized
22PEjpwm8u66,Job 00084,"3.2.2, 3.6.2, 3.7.1 - Porch Railing/Deck Repair",Custom Gallon Paint/Stain,2,60,99.00000000000001,Materials,2300 Painting
22PEjpwm8u66,Job 00084,"3.2.2, 3.6.2, 3.7.1 - Porch Railing/Deck Repair",Deckmate 3 inch wood screw,1,12.98,21.417000000000005,Materials,410 Framing
22PEjpwm8u66,Job 00084,"3.2.2, 3.6.2, 3.7.1 - Porch Railing/Deck Repair",Hourly Rate,16,55,89,Materials,0000 Uncategorized
22PF9fVjp26V,Job 00085,"3.9.1,  4.6.1, 4.8.2, 5.2.2 - Exterior Wood Rot Repairs",Royal Mouldings 10 ft. x 1-63/64 in. x 1-15/64 in. Vinyl Brick Molding,1,21.14,34.88100000000001,Materials,1500 Doors & Windows
22PF9fVjp26V,Job 00085,"3.9.1,  4.6.1, 4.8.2, 5.2.2 - Exterior Wood Rot Repairs",1x8x18 Vinyl Trim Plank,1,72,118.80000000000001,Materials,0000 Uncategorized
22PF9fVjp26V,Job 00085,"3.9.1,  4.6.1, 4.8.2, 5.2.2 - Exterior Wood Rot Repairs",Custom Gallon Paint/Stain,1,60,99.00000000000001,Materials,2300 Painting
22PF9fVjp26V,Job 00085,"3.9.1,  4.6.1, 4.8.2, 5.2.2 - Exterior Wood Rot Repairs",1x4x18 Vinyl Trim plank,2,34.2,57.12,Materials,0000 Uncategorized
22PF9fVjp26V,Job 00085,"3.9.1,  4.6.1, 4.8.2, 5.2.2 - Exterior Wood Rot Repairs",1050 Quick Dry Siliconized Acrylic Latex Caulk,1,3.31,5.461500000000001,Materials,0000 Uncategorized
22PF9fVjp26V,Job 00085,"3.9.1,  4.6.1, 4.8.2, 5.2.2 - Exterior Wood Rot Repairs",Hourly Rate,8,55,89,Materials,0000 Uncategorized
22PF9fVjp26V,Job 00085,3.17.2 - Fill Holes in Patio Ceiling,Minwax Color-Matched Wood Filler,1,9.29,15.328500000000002,Materials,0000 Uncategorized
22PF9fVjp26V,Job 00085,3.17.2 - Fill Holes in Patio Ceiling,Hourly Rate,1,55,89,Materials,0000 Uncategorized
22PF9fVjp26V,Job 00085,3.19.1&2 - Downspout Extender Installation,Hourly Rate,3,55,89,Materials,0000 Uncategorized
22PF9fVjp26V,Job 00085,3.19.1&2 - Downspout Extender Installation,Downspout Extender,1,8.97,14.98,Materials,0000 Uncategorized
22PF9fVjp26V,Job 00085,3.21.6 - Plumbing Evaluation,Hourly Rate,2,55,89,Materials,0000 Uncategorized
22PF9fVjp26V,Job 00085,6.2.2 - Downspout Drainage Pipe Repairs,ADS 4-in x 10-ft Corrugated Pipe,2,15.98,26.367000000000004,Labor,0000 Uncategorized
22PF9fVjp26V,Job 00085,6.2.2 - Downspout Drainage Pipe Repairs,4 in. Corrugated Snap Coupler,4,5.49,9.058500000000002,Materials,0000 Uncategorized
22PF9fVjp26V,Job 00085,6.2.2 - Downspout Drainage Pipe Repairs,Hourly Rate,6,55,89,Materials,0000 Uncategorized
22PF9fVjp26V,Job 00085,12.5.1 - Exterior GFCI Outlet Installation,"20 Amp 125-Volt Duplex SmarTest Self-Test SmartlockPro Tamper Resistant GFCI Outlet, White",,23.6,38.94000000000001,Materials,0000 Uncategorized
22PF9fVjp26V,Job 00085,12.5.1 - Exterior GFCI Outlet Installation,Hourly Rate,2,55,89,Materials,0000 Uncategorized
22PF9fVjp26V,Job 00085,"12.7.1, 12.7.6, 12.8.1, 12.8.2, 12.8.4 - Electrical System Evaluation",Hourly Rate,4,55,89,Materials,0000 Uncategorized
22PF9fVjp26V,Job 00085,18.1.1 - Refrigerant Line Insulation Repair,"1/2"" Refrigerant Line/Pipe Insulation",,8.58,14.33,Materials,0000 Uncategorized
22PF9fVjp26V,Job 00085,18.1.1 - Refrigerant Line Insulation Repair,Hourly Rate,,55,89,Materials,0000 Uncategorized
22PF9fVjp26V,Job 00085,19.1.2 - Clean AC Unit Coil,Hourly Rate,3,55,89,Materials,0000 Uncategorized
22PF9fVjp26V,Job 00085,25.1.1 - Remove Wood Stored in Crawlspace,Hourly Rate,2,55,89,Materials,0000 Uncategorized
22PFAALbYpsn,Job 00086,Crawlspace Entrance Remodel,Tapcon 1/4 in. x 1-1/4 in. Hex-Washer-Head Concrete Anchors (75-Pack),1,21.64,36.14,Materials,0000 Uncategorized
22PFAALbYpsn,Job 00086,Crawlspace Entrance Remodel,Hydraulic Cement,1,19.93,33.29,Materials,0000 Uncategorized
22PFAALbYpsn,Job 00086,Crawlspace Entrance Remodel,Lexel Clear Paintable Solvent Caulk,1,11.28,18.612000000000002,Materials,6000 Completion
22PFAALbYpsn,Job 00086,Crawlspace Entrance Remodel,Hourly Rate,16,55,89,Materials,0000 Uncategorized
22PFAALbYpsn,Job 00086,Crawlspace Entrance Remodel,Subcontractor,1,2200,3190,Labor,0000 Uncategorized
22PFAALbYpsn,Job 00086,Crawlspace Entrance Remodel,Bilco Basement Door,1,1267,2090.55,Labor,0000 Uncategorized
22PFAALbYpsn,Job 00086,Crawlspace Entrance Remodel,Custom Gallon Paint/Stain,2,60,99.00000000000001,Materials,2300 Painting
22PFAALbYpsn,Job 00086,Exterior Trim Repairs,Vinyl Door Jamb,0.25,65.96,108.834,Materials,1500 Doors & Windows
22PFAALbYpsn,Job 00086,Exterior Trim Repairs,1x2 PVC Trim Plank,8,9.02,15.06,Materials,0000 Uncategorized
22PFAALbYpsn,Job 00086,Exterior Trim Repairs,"1 5/8"" PVC Crown Mould (Shingle Mould)",8,13.98,23.35,Materials,0000 Uncategorized
22PFAALbYpsn,Job 00086,Exterior Trim Repairs,1x10x18 Vinyl Trim Plank,3,94.5,157.82,Materials,0000 Uncategorized
22PFAALbYpsn,Job 00086,Exterior Trim Repairs,1x8x18 Vinyl Trim Plank,3,72,118.80000000000001,Materials,0000 Uncategorized
22PFAALbYpsn,Job 00086,Exterior Trim Repairs,Custom Gable Vent,1,225,371.25000000000006,Labor,0000 Uncategorized
22PFAALbYpsn,Job 00086,Exterior Trim Repairs,Royal Mouldings 10 ft. x 1-63/64 in. x 1-15/64 in. Vinyl Brick Molding,1,21.14,34.88100000000001,Materials,1500 Doors & Windows
22PFAALbYpsn,Job 00086,Exterior Trim Repairs,1-1/4 in. x 5-1/4 in. x 84 in. Vinyl Sill Moulding,1,40.96,68.4,Materials,0000 Uncategorized
22PFAALbYpsn,Job 00086,Exterior Trim Repairs,2x4x8 PT,1,6.19,10.34,Materials,0000 Uncategorized
22PFAALbYpsn,Job 00086,Exterior Trim Repairs,1-3/8 in. x 1-5/16 in. x 84 in. Vinyl Composite Sill Moulding Nosing,1,18.96,31.66,Materials,0000 Uncategorized
22PFAALbYpsn,Job 00086,Electrical,Specialty Electrical Service,,450,652.5,Materials,0000 Uncategorized
22PFAALbYpsn,Job 00086,Crawlspace Entrance Remodel,Custom Gallon Paint/Stain,2,60,99.00000000000001,Materials,2300 Painting
22PFAALbYpsn,Job 00086,Crawlspace Entrance Remodel,Tapcon 1/4 in. x 1-1/4 in. Hex-Washer-Head Concrete Anchors (75-Pack),1,21.64,36.14,Materials,0000 Uncategorized
22PFAALbYpsn,Job 00086,Crawlspace Entrance Remodel,Hydraulic Cement,1,19.93,33.29,Materials,0000 Uncategorized
22PFAALbYpsn,Job 00086,Crawlspace Entrance Remodel,Lexel Clear Paintable Solvent Caulk,1,11.28,18.612000000000002,Materials,6000 Completion
22PFAALbYpsn,Job 00086,Crawlspace Entrance Remodel,Hourly Rate,16,55,89,Materials,0000 Uncategorized
22PFAALbYpsn,Job 00086,Crawlspace Entrance Remodel,Subcontractor,1,2200,3190,Labor,0000 Uncategorized
22PFAALbYpsn,Job 00086,Crawlspace Entrance Remodel,Bilco Basement Door,1,1267,2090.55,Labor,0000 Uncategorized
22PFAALbYpsn,Job 00086,Exterior Trim Repairs,1x6x18 Vinyl Trim Plank,2,54.9,90.58500000000001,Materials,0000 Uncategorized
22PFAALbYpsn,Job 00086,Exterior Trim Repairs,Vinyl Door Jamb,0.25,65.96,108.834,Materials,1500 Doors & Windows
22PFAALbYpsn,Job 00086,Exterior Trim Repairs,1x2 PVC Trim Plank,8,9.02,15.06,Materials,0000 Uncategorized
22PFAALbYpsn,Job 00086,Exterior Trim Repairs,"1 5/8"" PVC Crown Mould (Shingle Mould)",8,13.98,23.35,Materials,0000 Uncategorized
22PFAALbYpsn,Job 00086,Exterior Trim Repairs,1x10x18 Vinyl Trim Plank,3,94.5,157.82,Materials,0000 Uncategorized
22PFAALbYpsn,Job 00086,Exterior Trim Repairs,1x8x18 Vinyl Trim Plank,3,72,118.80000000000001,Materials,0000 Uncategorized
22PFAALbYpsn,Job 00086,Exterior Trim Repairs,Custom Gable Vent,1,225,371.25000000000006,Labor,0000 Uncategorized
22PFAALbYpsn,Job 00086,Exterior Trim Repairs,Royal Mouldings 10 ft. x 1-63/64 in. x 1-15/64 in. Vinyl Brick Molding,1,21.14,34.88100000000001,Materials,1500 Doors & Windows
22PFAALbYpsn,Job 00086,Exterior Trim Repairs,1-1/4 in. x 5-1/4 in. x 84 in. Vinyl Sill Moulding,1,40.96,68.4,Materials,0000 Uncategorized
22PFAALbYpsn,Job 00086,Exterior Trim Repairs,2x4x8 PT,1,6.19,10.34,Materials,0000 Uncategorized
22PFAALbYpsn,Job 00086,Electrical,Specialty Electrical Service,,450,652.5,Materials,0000 Uncategorized
22PFE2k8ucez,Job 00088,Exploratory Repair (Leak over window),Hourly Rate,18,55,89,Materials,0000 Uncategorized
22PFE2k8ucez,Job 00088,Exploratory Repair (Leak over window),1x4x16 Primed Radiata Pine,1,16.94,28.29,Materials,0000 Uncategorized
22PFE2k8ucez,Job 00088,Exploratory Repair (Leak over window),"Typar Butyl Flashing Tape - 4"" W x 75' L",1,25.75,43,Materials,0000 Uncategorized
22PFE2k8ucez,Job 00088,Exploratory Repair (Leak over window),Lexel Clear Paintable Solvent Caulk,1,11.28,18.612000000000002,Materials,6000 Completion
22PFE2k8ucez,Job 00088,Exploratory Repair (Leak over window),1050 Quick Dry Siliconized Acrylic Latex Caulk,1,3.31,5.461500000000001,Materials,0000 Uncategorized
22PFE2k8ucez,Job 00088,Exploratory Repair (Leak over window),Custom Gallon Paint/Stain,1,60,99.00000000000001,Materials,2300 Painting
22PFE2k8ucez,Job 00088,Exploratory Repair (Leak over window),Hourly Rate,18,55,89,Materials,0000 Uncategorized
22PFE2k8ucez,Job 00088,Exploratory Repair (Leak over window),1x4x16 Primed Radiata Pine,1,16.94,28.29,Materials,0000 Uncategorized
22PFE2k8ucez,Job 00088,Exploratory Repair (Leak over window),"Typar Butyl Flashing Tape - 4"" W x 75' L",1,25.75,43,Materials,0000 Uncategorized
22PFE2k8ucez,Job 00088,Exploratory Repair (Leak over window),Lexel Clear Paintable Solvent Caulk,1,11.28,18.612000000000002,Materials,6000 Completion
22PFE2k8ucez,Job 00088,Exploratory Repair (Leak over window),1050 Quick Dry Siliconized Acrylic Latex Caulk,1,3.31,5.461500000000001,Materials,0000 Uncategorized
22PFE2k8ucez,Job 00088,Exploratory Repair (Leak over window),Custom Gallon Paint/Stain,1,60,99.00000000000001,Materials,2300 Painting
22PFE2k8ucez,Job 00088,Exploratory Repair (Leak over window),Hourly Rate,18,55,,Materials,0000 Uncategorized
22PFE2k8ucez,Job 00088,Exploratory Repair (Leak over window),1x4x16 Primed Radiata Pine,1,16.94,,Materials,0000 Uncategorized
22PFE2k8ucez,Job 00088,Exploratory Repair (Leak over window),"Typar Butyl Flashing Tape - 4"" W x 75' L",1,25.75,,Materials,0000 Uncategorized
22PFE2k8ucez,Job 00088,Exploratory Repair (Leak over window),Lexel Clear Paintable Solvent Caulk,1,11.28,,Materials,6000 Completion
22PFE2k8ucez,Job 00088,Exploratory Repair (Leak over window),1050 Quick Dry Siliconized Acrylic Latex Caulk,1,3.31,,Materials,0000 Uncategorized
22PFE2k8ucez,Job 00088,Exploratory Repair (Leak over window),Custom Gallon Paint/Stain,1,60,,Materials,2300 Painting
22PFE2k8ucez,Job 00088,Exploratory Repair (Leak over window),Hourly Rate,18,54.99999999999999,89,Materials,0000 Uncategorized
22PFE2k8ucez,Job 00088,Exploratory Repair (Leak over window),1x4x16 Primed Radiata Pine,1,16.94,28.29,Materials,0000 Uncategorized
22PFE2k8ucez,Job 00088,Exploratory Repair (Leak over window),"Typar Butyl Flashing Tape - 4"" W x 75' L",1,25.749999999999996,43,Materials,0000 Uncategorized
22PFE2k8ucez,Job 00088,Exploratory Repair (Leak over window),Lexel Clear Paintable Solvent Caulk,1,11.28,18.61,Materials,6000 Completion
22PFE2k8ucez,Job 00088,Exploratory Repair (Leak over window),1050 Quick Dry Siliconized Acrylic Latex Caulk,1,3.3100000000000005,5.46,Materials,0000 Uncategorized
22PFE2k8ucez,Job 00088,Exploratory Repair (Leak over window),Custom Gallon Paint/Stain,1,60,99,Materials,2300 Painting
22PFE2k8ucez,Job 00088,Exploratory Repair (Leak over window),Hourly Rate,18,54.99999999999999,89,Materials,0000 Uncategorized
22PFE2k8ucez,Job 00088,Exploratory Repair (Leak over window),1x4x16 Primed Radiata Pine,1,16.94,28.29,Materials,0000 Uncategorized
22PFE2k8ucez,Job 00088,Exploratory Repair (Leak over window),"Typar Butyl Flashing Tape - 4"" W x 75' L",1,25.749999999999996,43,Materials,0000 Uncategorized
22PFE2k8ucez,Job 00088,Exploratory Repair (Leak over window),Lexel Clear Paintable Solvent Caulk,1,11.28,18.61,Materials,6000 Completion
22PFE2k8ucez,Job 00088,Exploratory Repair (Leak over window),1050 Quick Dry Siliconized Acrylic Latex Caulk,1,3.3100000000000005,5.46,Materials,0000 Uncategorized
22PFE2k8ucez,Job 00088,Exploratory Repair (Leak over window),Custom Gallon Paint/Stain,1,60,99,Materials,2300 Painting
22PFG8syVQ2x,Job 00089,"2.6.1, 2.7.1, 2.9.1 - Seal Gaps at Exterior Penetrations",Hourly Rate,3,55,89,Materials,0000 Uncategorized
22PFG8syVQ2x,Job 00089,"2.6.1, 2.7.1, 2.9.1 - Seal Gaps at Exterior Penetrations",1050 Quick Dry Siliconized Acrylic Latex Caulk,1,3.31,5.461500000000001,Materials,0000 Uncategorized
22PFG8syVQ2x,Job 00089,"2.6.1, 2.7.1, 2.9.1 - Seal Gaps at Exterior Penetrations",Lexel Clear Paintable Solvent Caulk,1,11.28,18.612000000000002,Materials,6000 Completion
22PFG8syVQ2x,Job 00089,2.7.2  - Vinyl Soffit Repair,Hourly Rate,1,55,89,Materials,0000 Uncategorized
22PFG8syVQ2x,Job 00089,"3.3.1,2,4,5,6 - Remove Satellite Dish/Shingle Repairs",Grip-Rite#11 x 1-1/4 in. Electro-Galvanized Steel Roofing Nails (1 lb.-Pack),1,4.98,8.32,Materials,0000 Uncategorized
22PFG8syVQ2x,Job 00089,"3.3.1,2,4,5,6 - Remove Satellite Dish/Shingle Repairs",Shingle Matching Fee,1,55,78.57142857142857,Labor,0000 Uncategorized
22PFG8syVQ2x,Job 00089,"3.3.1,2,4,5,6 - Remove Satellite Dish/Shingle Repairs",Shingle,40,1.68,2.8,Materials,0000 Uncategorized
22PFG8syVQ2x,Job 00089,"3.3.1,2,4,5,6 - Remove Satellite Dish/Shingle Repairs",Henry 208R Rubberized Wet Patch 10.1 oz Roof Cement Leak Repair,1,7.24,12.09,Materials,0000 Uncategorized
22PFG8syVQ2x,Job 00089,"3.3.1,2,4,5,6 - Remove Satellite Dish/Shingle Repairs",Hourly Rate,8,55,89,Materials,0000 Uncategorized
22PFG8syVQ2x,Job 00089,3.7.1 - Downspout Extender Installation,Hourly Rate,2,55,89,Materials,0000 Uncategorized
22PFG8syVQ2x,Job 00089,3.7.1 - Downspout Extender Installation,Downspout Extender,6,8.97,14.98,Materials,0000 Uncategorized
22PFG8syVQ2x,Job 00089,6.3.1 - Plumbing Evaluation,Hourly Rate,3,55,89,Materials,0000 Uncategorized
22PFG8syVQ2x,Job 00089,7.7.1 - Re-Caulk Windows at Interior,1050 Quick Dry Siliconized Acrylic Latex Caulk,1,3.31,5.461500000000001,Materials,0000 Uncategorized
22PFG8syVQ2x,Job 00089,7.7.1 - Re-Caulk Windows at Interior,Hourly Rate,1,55,89,Materials,0000 Uncategorized
22PFG8syVQ2x,Job 00089,7.7.2 - Double Pane Window Replacement,Return trip for finishing,1,55,89,Materials,0000 Uncategorized
22PFG8syVQ2x,Job 00089,7.7.2 - Double Pane Window Replacement,Double Pane Window,,300,495.00000000000006,Materials,0000 Uncategorized
22PFG8syVQ2x,Job 00089,7.7.2 - Double Pane Window Replacement,Hourly Rate,2,55,89,Materials,0000 Uncategorized
22PFG8syVQ2x,Job 00089,8.3.1 - Sink Faucet Repair,Hourly Rate,1,55,89,Materials,0000 Uncategorized
22PFG8syVQ2x,Job 00089,8.6.1 - Bathtub Spout Repair,Bathtub Diverter Spout,2,33.98,47.56,Materials,0000 Uncategorized
22PFG8syVQ2x,Job 00089,8.6.1 - Bathtub Spout Repair,GESilicone 1 10.1 oz. White Bath Tub and Tile Caulk,1,8.98,16,Materials,0000 Uncategorized
22PFG8syVQ2x,Job 00089,8.6.1 - Bathtub Spout Repair,Hourly Rate,2,55,89,Materials,0000 Uncategorized
22PFG8syVQ2x,Job 00089,8.8.1 - Exhaust Fan Replacement,Broan-NuTone 50 CFM Ceiling/Wall Mount Bathroom Exhaust Fan W/O Light,1,20.88,34.87,Materials,0000 Uncategorized
22PFG8syVQ2x,Job 00089,8.8.1 - Exhaust Fan Replacement,Hourly Rate,2,55,89,Materials,0000 Uncategorized
22PFP4Q53TVd,Job 00090,"3.4.1, 3.5.2 - Replace Weatherstripping",Hourly Rate,1,55,89,Materials,0000 Uncategorized
22PFP4Q53TVd,Job 00090,"3.4.1, 3.5.2 - Replace Weatherstripping",Kerf Door Weatherstrip - Brown,6,6.47,10.675500000000001,Materials,1500 Doors & Windows
22PFP4Q53TVd,Job 00090,"3.9.1, 3.14.1 - Seal Gaps",Hourly Rate,1,55,89,Materials,0000 Uncategorized
22PFP4Q53TVd,Job 00090,"3.9.1, 3.14.1 - Seal Gaps",Lexel Clear Paintable Solvent Caulk,1,11.28,18.612000000000002,Materials,6000 Completion
22PFP4Q53TVd,Job 00090,4.2.1&2 - Seal Trim Gaps,Hourly Rate,1,55,89,Materials,0000 Uncategorized
22PFP4Q53TVd,Job 00090,4.2.1&2 - Seal Trim Gaps,Lexel Clear Paintable Solvent Caulk,1,11.28,18.612000000000002,Materials,6000 Completion
22PFP4Q53TVd,Job 00090,5.2.1 - Downspout Extender Installation,"Low Profile Downspout Extension 43""",4,12.97,21.400500000000005,Materials,0000 Uncategorized
22PFP4Q53TVd,Job 00090,5.2.1 - Downspout Extender Installation,Hourly Rate,2,55,89,Materials,0000 Uncategorized
22PFP4Q53TVd,Job 00090,7.1.1&2 - Water Heater Supply Line Replacement,Subcontractor,1,500,725,Labor,0000 Uncategorized
22PFP4Q53TVd,Job 00090,8.2.2 - Seal Gap at Back/Side Splash,GESilicone 1 10.1 oz. White Bath Tub and Tile Caulk,1,8.98,16,Materials,0000 Uncategorized
22PFP4Q53TVd,Job 00090,8.2.2 - Seal Gap at Back/Side Splash,Hourly Rate,0.5,55,89,Materials,0000 Uncategorized
22PFP4Q53TVd,Job 00090,9.2.1 - Panel Screw Replacement,Siemens Trim Screws for Load Centers (6-Pack),1,8.46,15.65,Materials,0000 Uncategorized
22PFP4Q53TVd,Job 00090,9.2.1 - Panel Screw Replacement,Hourly Rate,0.5,55,89,Materials,0000 Uncategorized
22PFP4Q53TVd,Job 00090,11.1.1 - Clear Debris From Drain Pan,Hourly Rate,1,55,89,Materials,0000 Uncategorized
22PFP4Q53TVd,Job 00090,14.8.1 - Cabinet Repair,Hourly Rate,3,55,89,Materials,0000 Uncategorized
22PFP4Q53TVd,Job 00090,14.8.1 - Cabinet Repair,Special Order Materials,1,40,66.00000000000001,Materials,0000 Uncategorized
22PFP4Q53TVd,Job 00090,14.9.1 - Secure Loose Kitchen Sink Faucet,Hourly Rate,1,55,89,Materials,0000 Uncategorized
22PFPMU34bEr,Job 00091,General Plumbing Repairs,Subcontractor,,4750,6650.000000000001,Labor,0000 Uncategorized
22PFPMU34bEr,Job 00091,General Plumbing Repairs,Subcontractor,,4750,6650.000000000001,Labor,0000 Uncategorized
22PFPMU34bEr,Job 00091,Garage Wall Repair/Drywall Repair,White Oil-Based Interior/Exterior Primer and Sealer,1,34.98,57.717000000000006,Materials,0000 Uncategorized
22PFPMU34bEr,Job 00091,Garage Wall Repair/Drywall Repair,Drywall Finishing Trip,,55,89,Materials,0000 Uncategorized
22PFPMU34bEr,Job 00091,Garage Wall Repair/Drywall Repair,Sanding Discs,,8.97,14.800500000000003,Materials,0000 Uncategorized
22PFPMU34bEr,Job 00091,Garage Wall Repair/Drywall Repair,1/2 in. x 4 ft. x 8 ft. UltraLight Drywall,4,11.25,18.562500000000004,Materials,0000 Uncategorized
22PFPMU34bEr,Job 00091,Garage Wall Repair/Drywall Repair,Drywall Joint Tape,2,16.75,27.637500000000003,Materials,0000 Uncategorized
22PFPMU34bEr,Job 00091,Garage Wall Repair/Drywall Repair,Drywall Mud (4.5 Gallon),1,17.92,29.56800000000001,Materials,0000 Uncategorized
22PFPMU34bEr,Job 00091,Garage Wall Repair/Drywall Repair,Hourly Rate,60,55,89,Materials,0000 Uncategorized
22PFPMU34bEr,Job 00091,Garage Wall Repair/Drywall Repair,2x4x10 Dimensional Lumber,10,5.62,9.273000000000001,Materials,410 Framing
22PFPMU34bEr,Job 00091,Garage Wall Repair/Drywall Repair,Temporary Use of Ellis Jacks Lifting Shores,,0,175,Materials,0000 Uncategorized
22PFPMU34bEr,Job 00091,Garage Wall Repair/Drywall Repair,Custom Gallon Paint/Stain,2,60,99.00000000000001,Materials,2300 Painting
22PFPMU34bEr,Job 00091,Front Porch Ceiling/Gutter Repair,1x8x18 Vinyl Trim Plank,1,72,118.80000000000001,Materials,0000 Uncategorized
22PFPMU34bEr,Job 00091,Front Porch Ceiling/Gutter Repair,Pine Fir Tongue and Groove Wall Plank,2,16.98,28.07,Materials,0000 Uncategorized
22PFPMU34bEr,Job 00091,Front Porch Ceiling/Gutter Repair,Hourly Rate,28,55,89,Materials,0000 Uncategorized
22PFPMU34bEr,Job 00091,Garage Wall Repair/Drywall Repair,2x4x10 Dimensional Lumber,10,5.62,9.273000000000001,Materials,410 Framing
22PFPMU34bEr,Job 00091,Garage Wall Repair/Drywall Repair,Hourly Rate,60,55,89,Materials,0000 Uncategorized
22PFPMU34bEr,Job 00091,Garage Wall Repair/Drywall Repair,Temporary Use of Ellis Jacks Lifting Shores,,0,175,Materials,0000 Uncategorized
22PFPMU34bEr,Job 00091,Garage Wall Repair/Drywall Repair,Custom Gallon Paint/Stain,2,60,99.00000000000001,Materials,2300 Painting
22PFPMU34bEr,Job 00091,Garage Wall Repair/Drywall Repair,White Oil-Based Interior/Exterior Primer and Sealer,1,34.98,57.717000000000006,Materials,0000 Uncategorized
22PFPMU34bEr,Job 00091,Garage Wall Repair/Drywall Repair,Drywall Finishing Trip,,55,89,Materials,0000 Uncategorized
22PFPMU34bEr,Job 00091,Garage Wall Repair/Drywall Repair,Sanding Discs,,8.97,14.800500000000003,Materials,0000 Uncategorized
22PFPMU34bEr,Job 00091,Garage Wall Repair/Drywall Repair,1/2 in. x 4 ft. x 8 ft. UltraLight Drywall,4,11.25,18.562500000000004,Materials,0000 Uncategorized
22PFPMU34bEr,Job 00091,Garage Wall Repair/Drywall Repair,Drywall Joint Tape,2,16.75,27.637500000000003,Materials,0000 Uncategorized
22PFPMU34bEr,Job 00091,Garage Wall Repair/Drywall Repair,Drywall Mud (4.5 Gallon),1,17.92,29.56800000000001,Materials,0000 Uncategorized
22PFPMU34bEr,Job 00091,General Plumbing Repairs,Subcontractor,,4750,6650.000000000001,Labor,0000 Uncategorized
22PFPMU34bEr,Job 00091,Garage Wall Repair/Drywall Repair,2x4x10 Dimensional Lumber,10,5.62,,Materials,410 Framing
22PFPMU34bEr,Job 00091,Garage Wall Repair/Drywall Repair,Hourly Rate,60,55,,Materials,0000 Uncategorized
22PFPMU34bEr,Job 00091,Garage Wall Repair/Drywall Repair,Temporary Use of Ellis Jacks Lifting Shores,,0,,Materials,0000 Uncategorized
22PFPMU34bEr,Job 00091,Garage Wall Repair/Drywall Repair,Custom Gallon Paint/Stain,2,60,,Materials,2300 Painting
22PFPMU34bEr,Job 00091,Garage Wall Repair/Drywall Repair,White Oil-Based Interior/Exterior Primer and Sealer,1,34.98,,Materials,0000 Uncategorized
22PFPMU34bEr,Job 00091,Garage Wall Repair/Drywall Repair,Drywall Finishing Trip,,55,,Materials,0000 Uncategorized
22PFPMU34bEr,Job 00091,Garage Wall Repair/Drywall Repair,Sanding Discs,,8.97,,Materials,0000 Uncategorized
22PFPMU34bEr,Job 00091,Garage Wall Repair/Drywall Repair,1/2 in. x 4 ft. x 8 ft. UltraLight Drywall,4,11.25,,Materials,0000 Uncategorized
22PFPMU34bEr,Job 00091,Garage Wall Repair/Drywall Repair,Drywall Joint Tape,2,16.75,,Materials,0000 Uncategorized
22PFPMU34bEr,Job 00091,Garage Wall Repair/Drywall Repair,Drywall Mud (4.5 Gallon),1,17.92,,Materials,0000 Uncategorized
22PFPMU34bEr,Job 00091,Front Porch Ceiling/Gutter Repair,1x8x18 Vinyl Trim Plank,1,72,,Materials,0000 Uncategorized
22PFPMU34bEr,Job 00091,Front Porch Ceiling/Gutter Repair,Pine Fir Tongue and Groove Wall Plank,2,16.98,,Materials,0000 Uncategorized
22PFPMU34bEr,Job 00091,Front Porch Ceiling/Gutter Repair,Hourly Rate,28,55,,Materials,0000 Uncategorized
22PFPMU34bEr,Job 00091,Front Porch Roof Leak Repair,Trim Coil,1,156,257.40000000000003,Materials,0000 Uncategorized
22PFPMU34bEr,Job 00091,Front Porch Roof Leak Repair,Lexel Clear Paintable Solvent Caulk,4,11.28,18.612000000000002,Materials,6000 Completion
22PFPMU34bEr,Job 00091,Front Porch Roof Leak Repair,2x8x10 Pressure Treated Lumber,4,12.88,21.252000000000006,Materials,410 Framing
22PFPMU34bEr,Job 00091,Front Porch Roof Leak Repair,"7/16"" OSB Sheathing Panel",4,17.37,29.01,Materials,0000 Uncategorized
22PFPMU34bEr,Job 00091,Front Porch Roof Leak Repair,2x6x10 PT,4,10.66,17.8,Materials,0000 Uncategorized
22PFPMU34bEr,Job 00091,Front Porch Roof Leak Repair,2x4x10 PT,6,8.71,14.55,Materials,0000 Uncategorized
22PFPMU34bEr,Job 00091,Front Porch Roof Leak Repair,1x8x18 Vinyl Trim Plank,1,72,118.80000000000001,Materials,0000 Uncategorized
22PFPMU34bEr,Job 00091,Front Porch Roof Leak Repair,Pine Fir Tongue and Groove Wall Plank,2,16.98,28.07,Materials,0000 Uncategorized
22PFPMU34bEr,Job 00091,Front Porch Roof Leak Repair,Hourly Rate,60,55,89,Materials,0000 Uncategorized
22PFPMU34bEr,Job 00091,Front Porch Roof Leak Repair,Trim Coil,1,156,257.40000000000003,Materials,0000 Uncategorized
22PFPMU34bEr,Job 00091,Front Porch Roof Leak Repair,Lexel Clear Paintable Solvent Caulk,4,11.28,18.612000000000002,Materials,6000 Completion
22PFPMU34bEr,Job 00091,Front Porch Roof Leak Repair,2x8x10 Pressure Treated Lumber,4,12.88,21.252000000000006,Materials,410 Framing
22PFPMU34bEr,Job 00091,Front Porch Roof Leak Repair,"7/16"" OSB Sheathing Panel",4,17.37,29.01,Materials,0000 Uncategorized
22PFPMU34bEr,Job 00091,Front Porch Roof Leak Repair,2x6x10 PT,4,10.66,17.8,Materials,0000 Uncategorized
22PFPMU34bEr,Job 00091,Front Porch Roof Leak Repair,2x4x10 PT,6,8.71,14.55,Materials,0000 Uncategorized
22PFPMU34bEr,Job 00091,Front Porch Roof Leak Repair,1x8x18 Vinyl Trim Plank,1,72,118.80000000000001,Materials,0000 Uncategorized
22PFPMU34bEr,Job 00091,Front Porch Roof Leak Repair,Pine Fir Tongue and Groove Wall Plank,2,16.98,28.07,Materials,0000 Uncategorized
22PFPMU34bEr,Job 00091,Front Porch Roof Leak Repair,Hourly Rate,60,55,89,Materials,0000 Uncategorized
22PFPQCTcW3S,Job 00092,Porch Repairs/Refinishing,Subcontractor,1,7309,10598.05,Labor,0000 Uncategorized
22PFPQCTcW3S,Job 00092,Porch Repairs/Refinishing,Special Order Materials,1,400,580,Materials,0000 Uncategorized
22PFPQCTcW3S,Job 00092,Porch Repairs/Refinishing,Hourly Rate,32,55,89,Materials,0000 Uncategorized
22PFPQCTcW3S,Job 00092,Porch Repairs/Refinishing,Special Order Materials,1,400,580,Materials,0000 Uncategorized
22PFPQCTcW3S,Job 00092,Porch Repairs/Refinishing,Hourly Rate,32,55,89,Materials,0000 Uncategorized
22PFPQCTcW3S,Job 00092,Porch Repairs/Refinishing,Subcontractor,1,7309,10598.05,Labor,0000 Uncategorized
22PFPQjiJtX9,Job 00093,Dormer Painting,Subcontractor,,760,1064.0000000000002,Labor,0000 Uncategorized
22PFPQjiJtX9,Job 00093,Dormer Trim/Siding,Hourly Rate,8,55,89,Materials,0000 Uncategorized
22PFPQjiJtX9,Job 00093,Dormer Trim/Siding,1x6x18 Vinyl Trim Plank,2,54.9,90.58500000000001,Materials,0000 Uncategorized
22PFPQjiJtX9,Job 00093,Dormer Trim/Siding,Hardie Plank Lap Siding Replacement (Smooth),6,27.5,45.37500000000001,Labor,0000 Uncategorized
22PFPQjiJtX9,Job 00093,Skylight Interior Trim,Liquid Nail Fuze It Glue,,8.24,13.596000000000002,Materials,0000 Uncategorized
22PFPQjiJtX9,Job 00093,Skylight Interior Trim,"2"" Brad Nails",,3.28,5.412000000000001,Materials,0000 Uncategorized
22PFPQjiJtX9,Job 00093,Skylight Interior Trim,Hourly Rate,18,55,89,Materials,0000 Uncategorized
22PFPQjiJtX9,Job 00093,Skylight Interior Trim,1x4x8 Radiatta Pine Finger Joint (Primed),8,10.37,17.110500000000002,Materials,0000 Uncategorized
22PFPQjiJtX9,Job 00093,Skylight Interior Trim,1x6x8 Primed Radiatta Pine,8,15.98,26.367000000000004,Materials,0000 Uncategorized
22PFPQjiJtX9,Job 00093,Drywall/Paint (stairwell skylight),Drywall/Paint,1,696,974.4000000000001,Labor,0000 Uncategorized
22PFPQjiJtX9,Job 00093,Drywall/Paint (stairwell skylight),Drywall/Paint,1,133.83,187.36200000000005,Labor,0000 Uncategorized
22PFPQjiJtX9,Job 00093,Drywall/Paint (upstairs den),Drywall/Paint,,370,518.0000000000001,Labor,0000 Uncategorized
22PFPQjiJtX9,Job 00093,Drywall/Paint (upstairs bathroom),Drywall/Paint,,465,651.0000000000001,Labor,0000 Uncategorized
22PFPQjiJtX9,Job 00093,Drywall/Paint (upstairs bonus room),Drywall/Paint,,507,709.8000000000001,Labor,0000 Uncategorized
22PFPQjiJtX9,Job 00093,Drywall/Paint (garage),Drywall/Paint,,652,912.8000000000001,Labor,0000 Uncategorized
22PFPQjiJtX9,Job 00093,Dormer Painting,Subcontractor,,760,1064.0000000000002,Labor,0000 Uncategorized
22PFPQjiJtX9,Job 00093,Dormer Trim/Siding,Hardie Plank Lap Siding Replacement (Smooth),6,27.5,45.37500000000001,Labor,0000 Uncategorized
22PFPQjiJtX9,Job 00093,Dormer Trim/Siding,1x6x18 Vinyl Trim Plank,2,54.9,90.58500000000001,Materials,0000 Uncategorized
22PFPQjiJtX9,Job 00093,Dormer Trim/Siding,Hourly Rate,8,55,89,Materials,0000 Uncategorized
22PFYbhAxQQn,Job 00094,Chimney Cap Replacement,Hourly Rate,10,55,89,Materials,0000 Uncategorized
22PFYbhAxQQn,Job 00094,Chimney Cap Replacement,Boom Lift Rental,2.5,750,1086.9565217391305,Materials,0000 Uncategorized
22PFYbhAxQQn,Job 00094,Chimney Cap Replacement,Chimney Cap,1,500,825.0000000000001,Materials,0000 Uncategorized
22PFYbhAxQQn,Job 00094,Chimney Cap Replacement,Henry 208R Rubberized Wet Patch 10.1 oz Roof Cement Leak Repair,2,7.24,11.946000000000002,Materials,0000 Uncategorized
22PFYbhAxQQn,Job 00094,Seal Old Flue Pipe,Hourly Rate,4,55,89,Materials,0000 Uncategorized
22PFYbhAxQQn,Job 00094,Seal Old Flue Pipe,Lexel Clear Paintable Solvent Caulk,1,11.28,18.612000000000002,Materials,6000 Completion
22PFYbhAxQQn,Job 00094,Seal Old Flue Pipe,GREAT STUFF Gaps and Cracks Foam Sealant,2,8.18,13.66,Materials,0000 Uncategorized
22PFYbhAxQQn,Job 00094,Repair Cracks in Firebox,Hourly Rate,2,55,89,Materials,0000 Uncategorized
22PFYbhAxQQn,Job 00094,Repair Cracks in Firebox,3M 10.1 fl. oz. Gray Fire Block Specialty Sealant,1,7.61,14.08,Materials,0000 Uncategorized
22PFYbhAxQQn,Job 00094,3.6.1 - Loose Black Iron Handrail Repair,Hourly Rate,4,55,89,Materials,0000 Uncategorized
22PFYbhAxQQn,Job 00094,4.1.6 - Retaining Wall Flashing,Downspout Extender,3,8.97,14.98,Materials,0000 Uncategorized
22PFYbhAxQQn,Job 00094,4.1.6 - Retaining Wall Flashing,Lexel Clear Paintable Solvent Caulk,1,11.28,18.612000000000002,Materials,6000 Completion
22PFYbhAxQQn,Job 00094,4.1.6 - Retaining Wall Flashing,"Typar Butyl Flashing Tape - 4"" W x 75' L",1,25.75,43,Materials,0000 Uncategorized
22PFYbhAxQQn,Job 00094,4.1.6 - Retaining Wall Flashing,2x10x16 PT,2,27.91,46.61,Materials,0000 Uncategorized
22PFYbhAxQQn,Job 00094,4.1.6 - Retaining Wall Flashing,Trim Coil 24 in. x 50 ft. (Bright White Smooth),1,0,333.7,Materials,0000 Uncategorized
22PFYbhAxQQn,Job 00094,4.1.6 - Retaining Wall Flashing,Hourly Rate,18,55,89,Materials,0000 Uncategorized
22PFYbhAxQQn,Job 00094,5.2.1 - Gutters/Downspouts Cleaning,Hourly Rate,4,55,89,Materials,0000 Uncategorized
22PFYbhAxQQn,Job 00094,5.2.2 - Gutter Guard Install,Hourly Rate,4,55,89,Materials,0000 Uncategorized
22PFYbhAxQQn,Job 00094,5.2.2 - Gutter Guard Install,Amerimax Home Products Snap-In Filter 3 ft. White Vinyl Micro-Mesh Gutter Guard,10,2.27,3.79,Materials,0000 Uncategorized
22PFYbhAxQQn,Job 00094,6.1.1 - Repair Stuck Water Shut Off Access Lid,Hourly Rate,0,55,89,Materials,0000 Uncategorized
22PFYbhAxQQn,Job 00094,6.5.1 - Exterior Spigot Repair,"1/2"" Exterior Spigot",0,12.36,20.64,Materials,0000 Uncategorized
22PFYbhAxQQn,Job 00094,6.5.1 - Exterior Spigot Repair,"1/2""x 5' Pex Pipe",0,2.7,4.51,Materials,0000 Uncategorized
22PFYbhAxQQn,Job 00094,6.5.1 - Exterior Spigot Repair,"1/2"" Push to connect coupling",0,8.1,13.53,Materials,0000 Uncategorized
22PFYbhAxQQn,Job 00094,6.5.1 - Exterior Spigot Repair,Hourly Rate,0,75,108.74999999999999,Materials,0000 Uncategorized
22PFYbhAxQQn,Job 00094,6.7.1 - Bond Gas Meter,Cerrowire 50 ft. 6-Gauge Solid SD Bare Copper Grounding Wire,,85.36,157.92,Materials,0000 Uncategorized
22PFYbhAxQQn,Job 00094,6.7.1 - Bond Gas Meter,Hourly Rate,3.5,55,89,Materials,0000 Uncategorized
22PFYbhAxQQn,Job 00094,6.7.1 - Bond Gas Meter,Subcontractor,,222.14,322.10299999999995,Labor,0000 Uncategorized
22PFcpsW7DBv,Job 00097,Flooring Replacement,Subcontractor,,15743,21253.050000000003,Labor,0000 Uncategorized
22PFcpsW7DBv,Job 00097,Flooring Replacement,Subcontractor,,12793,17910.2,Labor,0000 Uncategorized
22PFcpsW7DBv,Job 00097,Flooring Replacement,Subcontractor,,15879,21436.65,Labor,0000 Uncategorized
22PFcpsW7DBv,Job 00097,Flooring Replacement,Subcontractor,,15743,,Labor,0000 Uncategorized
22PFcpsW7DBv,Job 00097,Flooring Replacement,Subcontractor,,15743,,Labor,0000 Uncategorized
22PFgKQjQkf2,Job 00098,Window Flashing Inspection/Repair,Hourly Rate,10,55,89,Materials,0000 Uncategorized
22PFgKQjQkf2,Job 00098,Window Flashing Inspection/Repair,"Typar Butyl Flashing Tape - 4"" W x 75' L",1,25.75,43,Materials,0000 Uncategorized
22PFgKQjQkf2,Job 00098,Window Flashing Inspection/Repair,1-1/4 in. x 1-1/2 in. x 10 ft. Window Head Flashing,1,5.8,9.69,Materials,0000 Uncategorized
22PFgKQjQkf2,Job 00098,Window Flashing Inspection/Repair,Hourly Rate,10,55,89,Materials,0000 Uncategorized
22PFgKQjQkf2,Job 00098,Window Flashing Inspection/Repair,"Typar Butyl Flashing Tape - 4"" W x 75' L",1,25.75,43,Materials,0000 Uncategorized
22PFgKQjQkf2,Job 00098,Window Flashing Inspection/Repair,1-1/4 in. x 1-1/2 in. x 10 ft. Window Head Flashing,1,5.8,9.69,Materials,0000 Uncategorized
22PFgKQjQkf2,Job 00098,Window Flashing Inspection/Repair,"Typar Butyl Flashing Tape - 4"" W x 75' L",1,25.75,,Materials,0000 Uncategorized
22PFgKQjQkf2,Job 00098,Window Flashing Inspection/Repair,1-1/4 in. x 1-1/2 in. x 10 ft. Window Head Flashing,1,5.8,,Materials,0000 Uncategorized
22PFgKQjQkf2,Job 00098,Window Flashing Inspection/Repair,Hourly Rate,9,55,89,Materials,0000 Uncategorized
22PFgeP3KjmP,00099 - 246 Waters Rd,A3-1: Deck Post Repairs,RapidSet,4,16.18,27.02,Materials,0000 Uncategorized
22PFgeP3KjmP,00099 - 246 Waters Rd,A3-1: Deck Post Repairs,4 in. x 4 in. x 10 ft. #2 Pressure-Treated Ground Contact Southern Pine Timber,2,16.22,27.09,Materials,0000 Uncategorized
22PFgeP3KjmP,00099 - 246 Waters Rd,A3-1: Deck Post Repairs,Hourly Rate,10,55,89,Materials,0000 Uncategorized
22PFgeP3KjmP,00099 - 246 Waters Rd,A3-1: Deck Post Repairs,Composite Footing Pad,6,17.45,28.8,Materials,0000 Uncategorized
22PFgeP3KjmP,00099 - 246 Waters Rd,"C1-1, I1-1: Roof Shingle/Ridge Vent Repair",Grip-Rite#11 x 1-1/4 in. Electro-Galvanized Steel Roofing Nails (1 lb.-Pack),0,4.98,8.32,Materials,0000 Uncategorized
22PFgeP3KjmP,00099 - 246 Waters Rd,"C1-1, I1-1: Roof Shingle/Ridge Vent Repair",Henry 208R Rubberized Wet Patch 10.1 oz Roof Cement Leak Repair,0,7.24,12.09,Materials,0000 Uncategorized
22PFgeP3KjmP,00099 - 246 Waters Rd,"C1-1, I1-1: Roof Shingle/Ridge Vent Repair",Hourly Rate,1,500,725,Materials,0000 Uncategorized
22PFgeP3KjmP,00099 - 246 Waters Rd,"C1-1, I1-1: Roof Shingle/Ridge Vent Repair",Shingle,0,1.68,2.8,Materials,0000 Uncategorized
22PFgeP3KjmP,00099 - 246 Waters Rd,"C1-1, I1-1: Roof Shingle/Ridge Vent Repair",Ridge vent,0,20,28.571428571428573,Materials,0000 Uncategorized
22PFgeP3KjmP,00099 - 246 Waters Rd,E1-1: Electrical System Ground Wire Repair,Hourly Rate,1,200,290,Materials,0000 Uncategorized
22PFgeP3KjmP,00099 - 246 Waters Rd,E1-1: Electrical System Ground Wire Repair,Commercial Electric 1/2 in. Ground Rod Clamp,0,3.06,5.67,Materials,0000 Uncategorized
22PFgeP3KjmP,00099 - 246 Waters Rd,E2-1.2: Electrical Evaluation,Hourly Rate,1,200,290,Materials,0000 Uncategorized
22PFgeP3KjmP,00099 - 246 Waters Rd,H4-1.2: Light Bulb Replacement,Light Bulb (Standard),0,1.04,1.74,Materials,0000 Uncategorized
22PFgeP3KjmP,00099 - 246 Waters Rd,H4-1.2: Light Bulb Replacement,Hourly Rate,1,50,72.5,Materials,0000 Uncategorized
22PFgeP3KjmP,00099 - 246 Waters Rd,F3-1.2: Gas Line Repair,Hourly Rate,1,325,471.24999999999994,Materials,0000 Uncategorized
22PFgeP3KjmP,00099 - 246 Waters Rd,H3-2.3: Sink Drain Repair,Everbilt 1-1/2 in. White Plastic Slip-Joint Sink Drain Outlet Waste,0,9.23,15.41,Materials,0000 Uncategorized
22PFgeP3KjmP,00099 - 246 Waters Rd,H3-2.3: Sink Drain Repair,Hourly Rate,1,275,398.75,Materials,0000 Uncategorized
22PFgeP3KjmP,00099 - 246 Waters Rd,H4-1.3: HVAC Evaluation,Hourly Rate,1,119,172.54999999999998,Materials,0000 Uncategorized
22PFgeP3KjmP,00099 - 246 Waters Rd,H6-1: Gas Fireplace Evaluation,Hourly Rate,1,55,89,Materials,0000 Uncategorized
22PFgeP3KjmP,00099 - 246 Waters Rd,A3-1: Deck Post Repairs,Composite Footing Pad,6,17.45,28.8,Materials,0000 Uncategorized
22PFgeP3KjmP,00099 - 246 Waters Rd,A3-1: Deck Post Repairs,RapidSet,4,16.18,27.02,Materials,0000 Uncategorized
22PFgeP3KjmP,00099 - 246 Waters Rd,A3-1: Deck Post Repairs,4 in. x 4 in. x 10 ft. #2 Pressure-Treated Ground Contact Southern Pine Timber,2,16.22,27.09,Materials,0000 Uncategorized
22PFgeP3KjmP,00099 - 246 Waters Rd,A3-1: Deck Post Repairs,Hourly Rate,10,55,89,Materials,0000 Uncategorized
22PFivhE8bX7,Job 00101,Drywall Installation,Subcontractor,,2750,3987.4999999999995,Labor,0000 Uncategorized
22PFivhE8bX7,Job 00101,Drywall Installation,Drywall repairs,,2750,3987.4999999999995,Labor,0000 Uncategorized
22PFivhE8bX7,Job 00101,General Plumbing,Plumbing repairs,,900,1304.9151805132667,Labor,0000 Uncategorized
22PFkSsqWENL,Job 00102,15.6.1: Crawl Space and Moisture Control,Subcontractor,,16000,20800,Labor,0000 Uncategorized
22PFkSsqWENL,Job 00102,Exterior Trim and Siding,Hourly Rate,8,55,89,Materials,0000 Uncategorized
22PFkSsqWENL,Job 00102,Exterior Trim and Siding,1050 Quick Dry Siliconized Acrylic Latex Caulk,3,3.31,5.461500000000001,Materials,0000 Uncategorized
22PFkSsqWENL,Job 00102,Exterior Trim and Siding,Lexel Clear Paintable Solvent Caulk,3,11.28,18.612000000000002,Materials,6000 Completion
22PFkSsqWENL,Job 00102,Exterior Trim and Siding,Deckmate 3 inch wood screw,1,12.98,21.417000000000005,Materials,410 Framing
22PFkSsqWENL,Job 00102,Exterior Trim and Siding,Custom Gallon Paint/Stain,1,60,99.00000000000001,Materials,2300 Painting
22PFkSsqWENL,Job 00102,Exterior Trim and Siding,Miratec 1 in x 4 in x 8 ft,1,13.92,22.968000000000004,Materials,0000 Uncategorized
22PFkSsqWENL,Job 00102,Exterior Trim and Siding,1x6x8 Miratec,1,20.66,34.089000000000006,Materials,0000 Uncategorized
22PFkSsqWENL,Job 00102,Screen Door Repair,Screen Door Hardware Kit - Black,1,25,41.25000000000001,Materials,0000 Uncategorized
22PFkSsqWENL,Job 00102,Screen Door Repair,Hourly Rate,1,55,89,Materials,0000 Uncategorized
22PFkSsqWENL,Job 00102,5.2.1: Gutter Repair,Dap Butyl-Flex 10.1 oz. White Gutter and Flashing Sealant,1,9.98,16.467000000000002,Materials,0000 Uncategorized
22PFkSsqWENL,Job 00102,5.2.1: Gutter Repair,Hourly Rate,4,55,89,Materials,0000 Uncategorized
22PFkSsqWENL,Job 00102,"8.3.1, 8.4.3, 8.5.2: Loose Toilet Repairs",Subcontractor,3,220,319,Labor,0000 Uncategorized
22PFkSsqWENL,Job 00102,Clogged Drain Repair,Hourly Rate,1,55,89.00099999999999,Materials,0000 Uncategorized
22PFkSsqWENL,Job 00102,Shower Head Repair,Hourly Rate,0.5,55,89,Materials,0000 Uncategorized
22PFkSsqWENL,Job 00102,Sink Faucet Repair,Hourly Rate,2,55,89,Materials,0000 Uncategorized
22PFkSsqWENL,Job 00102,Exterior GFCI Outlet Repair,"20 Amp 125-Volt Duplex SmarTest Self-Test SmartlockPro Tamper Resistant GFCI Outlet, White",1,23.6,38.94000000000001,Materials,0000 Uncategorized
22PFkSsqWENL,Job 00102,Exterior GFCI Outlet Repair,1-Gang Weatherproof Cover,1,8.62,14.223,Materials,0000 Uncategorized
22PFkSsqWENL,Job 00102,Exterior GFCI Outlet Repair,Hourly Rate,1,55,89,Materials,0000 Uncategorized
22PFkSsqWENL,Job 00102,9.9.1: Carbon Monoxide Detector Installation,Carbon Monoxide Detector (Battery Powered),3,18.57,30.640500000000007,Materials,0000 Uncategorized
22PFkSsqWENL,Job 00102,9.9.1: Carbon Monoxide Detector Installation,Hourly Rate,2,55,89,Materials,0000 Uncategorized
22PFn2kLS82p,Job 00103,Bathroom Trim/Panel Install,2x4x10 Dimensional Lumber,4,5.62,9.273000000000001,Materials,410 Framing
22PFn2kLS82p,Job 00103,Bathroom Trim/Panel Install,Custom Gallon Paint/Stain,1,60,99.00000000000001,Materials,2300 Painting
22PFn2kLS82p,Job 00103,Bathroom Trim/Panel Install,Liquid Nail Fuze It Glue,4,8.24,13.76,Materials,0000 Uncategorized
22PFn2kLS82p,Job 00103,Bathroom Trim/Panel Install,1050 Quick Dry Siliconized Acrylic Latex Caulk,2,3.31,5.461500000000001,Materials,0000 Uncategorized
22PFn2kLS82p,Job 00103,Bathroom Trim/Panel Install,1x4x16 Primed Radiata Pine,4,16.94,28.29,Materials,0000 Uncategorized
22PFn2kLS82p,Job 00103,Bathroom Trim/Panel Install,1x6x8 Primed Radiatta Pine,2,15.98,26.69,Materials,0000 Uncategorized
22PFn2kLS82p,Job 00103,Bathroom Trim/Panel Install,"3/8"" x 4 x 8 Beadboard Paneling",3,24,40.08,Materials,0000 Uncategorized
22PFn2kLS82p,Job 00103,Bathroom Trim/Panel Install,Hourly Rate,24,55,89,Materials,0000 Uncategorized
22PFn2kLS82p,Job 00103,Bathroom Trim/Panel Install,2x4x10 Dimensional Lumber,4,5.62,9.273000000000001,Materials,410 Framing
22PFn2kLS82p,Job 00103,Bathroom Trim/Panel Install,Custom Gallon Paint/Stain,1,60,99.00000000000001,Materials,2300 Painting
22PFn2kLS82p,Job 00103,Bathroom Trim/Panel Install,Liquid Nail Fuze It Glue,4,8.24,13.76,Materials,0000 Uncategorized
22PFn2kLS82p,Job 00103,Bathroom Trim/Panel Install,1050 Quick Dry Siliconized Acrylic Latex Caulk,2,3.31,5.461500000000001,Materials,0000 Uncategorized
22PFn2kLS82p,Job 00103,Bathroom Trim/Panel Install,1x4x16 Primed Radiata Pine,4,16.94,28.29,Materials,0000 Uncategorized
22PFn2kLS82p,Job 00103,Bathroom Trim/Panel Install,1x6x8 Primed Radiatta Pine,2,15.98,26.69,Materials,0000 Uncategorized
22PFn2kLS82p,Job 00103,Bathroom Trim/Panel Install,"3/8"" x 4 x 8 Beadboard Paneling",3,24,40.08,Materials,0000 Uncategorized
22PFn2kLS82p,Job 00103,Bathroom Trim/Panel Install,Hourly Rate,24,55,89,Materials,0000 Uncategorized
22PFnM6tCmPc,Job 00105,Floor Point Shoring STL-22,STL-22,7,261.24,431.0460000000001,Materials,0000 Uncategorized
22PFnM6tCmPc,Job 00105,Floor Point Shoring STL-22,RapidSet,,16.18,26.697000000000003,Materials,0000 Uncategorized
22PFnM6tCmPc,Job 00105,Floor Point Shoring STL-22,STL-JHD (Double) U-Head,,68.18,112.49700000000003,Materials,0000 Uncategorized
22PFnM6tCmPc,Job 00105,Floor Point Shoring STL-22,Base Plate - 12,7,56.22,92.76300000000002,Materials,0000 Uncategorized
22PFnM6tCmPc,Job 00105,Floor Point Shoring STL-22,Hourly Rate,8,55,89,Materials,0000 Uncategorized
22PFnM6tCmPc,Job 00105,Floor Shoring STL-86,STL-86,3,345.94,570.801,Materials,0000 Uncategorized
22PFnM6tCmPc,Job 00105,Floor Shoring STL-86,STL-JHD (Double) U-Head,3,68.18,112.49700000000003,Materials,0000 Uncategorized
22PFnM6tCmPc,Job 00105,Floor Shoring STL-86,Base Plate - 12,3,56.22,92.76300000000002,Materials,0000 Uncategorized
22PFnM6tCmPc,Job 00105,Floor Shoring STL-86,Hourly Rate,8,55,89,Materials,0000 Uncategorized
22PFnM6tCmPc,Job 00105,Floor Shoring STL-86,Special Order Materials,1,300,495.00000000000006,Materials,0000 Uncategorized
22PFnM6tCmPc,Job 00105,Floor Point Shoring STL-22,STL-22,7,261.24,431.0460000000001,Materials,0000 Uncategorized
22PFnM6tCmPc,Job 00105,Floor Point Shoring STL-22,RapidSet,,16.18,26.697000000000003,Materials,0000 Uncategorized
22PFnM6tCmPc,Job 00105,Floor Point Shoring STL-22,STL-JHD (Double) U-Head,,68.18,112.49700000000003,Materials,0000 Uncategorized
22PFnM6tCmPc,Job 00105,Floor Point Shoring STL-22,Base Plate - 12,7,56.22,92.76300000000002,Materials,0000 Uncategorized
22PFnM6tCmPc,Job 00105,Floor Point Shoring STL-22,Hourly Rate,8,55,89,Materials,0000 Uncategorized
22PFnM6tCmPc,Job 00105,Floor Shoring STL-86,Special Order Materials,1,300,495.00000000000006,Materials,0000 Uncategorized
22PFnM6tCmPc,Job 00105,Floor Shoring STL-86,STL-86,3,345.94,570.801,Materials,0000 Uncategorized
22PFnM6tCmPc,Job 00105,Floor Shoring STL-86,STL-JHD (Double) U-Head,3,68.18,112.49700000000003,Materials,0000 Uncategorized
22PFnM6tCmPc,Job 00105,Floor Shoring STL-86,Base Plate - 12,3,56.22,92.76300000000002,Materials,0000 Uncategorized
22PFnM6tCmPc,Job 00105,Floor Shoring STL-86,Hourly Rate,8,55,89,Materials,0000 Uncategorized
22PFnYAYfsUt,Job 00106,"3.1.1, 3.1.3, 3.1.4 - Fiber Cement Siding Repair",Hourly Rate,6,55,89,Materials,0000 Uncategorized
22PFnYAYfsUt,Job 00106,"3.1.1, 3.1.3, 3.1.4 - Fiber Cement Siding Repair",Painters Tape,1,7.66,14.17,Materials,0000 Uncategorized
22PFnYAYfsUt,Job 00106,"3.1.1, 3.1.3, 3.1.4 - Fiber Cement Siding Repair",Lexel Clear Paintable Solvent Caulk,2,11.28,18.612000000000002,Materials,6000 Completion
22PFnYAYfsUt,Job 00106,5.3.1 - Shingle Nail Repair,Henry 208R Rubberized Wet Patch 10.1 oz Roof Cement Leak Repair,1,7.24,12.09,Materials,0000 Uncategorized
22PFnYAYfsUt,Job 00106,5.3.1 - Shingle Nail Repair,Hourly Rate,3,55,89,Materials,0000 Uncategorized
22PFnYAYfsUt,Job 00106,8.3.1 - Loose Toilet Repair,Hourly Rate,4.5,55,89,Materials,0000 Uncategorized
22PFnYAYfsUt,Job 00106,9.9.1 - Smoke Detector Installation,Smoke Detector (Battery Powered),1,18.97,31.68,Materials,0000 Uncategorized
22PFnYAYfsUt,Job 00106,9.9.1 - Smoke Detector Installation,Hourly Rate,0.5,55,89,Materials,0000 Uncategorized
22PFnYAYfsUt,Job 00106,"3.1.1, 3.1.3, 3.1.4 - Fiber Cement Siding Repair",Hourly Rate,6,55,89,Materials,0000 Uncategorized
22PFnYAYfsUt,Job 00106,"3.1.1, 3.1.3, 3.1.4 - Fiber Cement Siding Repair",Painters Tape,1,7.66,14.17,Materials,0000 Uncategorized
22PFnYAYfsUt,Job 00106,"3.1.1, 3.1.3, 3.1.4 - Fiber Cement Siding Repair",Lexel Clear Paintable Solvent Caulk,2,11.28,18.612000000000002,Materials,6000 Completion
22PFnYAYfsUt,Job 00106,5.3.1 - Shingle Nail Repair,Henry 208R Rubberized Wet Patch 10.1 oz Roof Cement Leak Repair,1,7.24,12.09,Materials,0000 Uncategorized
22PFnYAYfsUt,Job 00106,5.3.1 - Shingle Nail Repair,Hourly Rate,3,55,89,Materials,0000 Uncategorized
22PFnYAYfsUt,Job 00106,8.3.1 - Loose Toilet Repair,Hourly Rate,4.5,55,89,Materials,0000 Uncategorized
22PFnYAYfsUt,Job 00106,9.9.1 - Smoke Detector Installation,Smoke Detector (Battery Powered),1,18.97,31.68,Materials,0000 Uncategorized
22PFnYAYfsUt,Job 00106,9.9.1 - Smoke Detector Installation,Hourly Rate,0.5,55,89,Materials,0000 Uncategorized
22PFnYAYfsUt,Job 00106,7.1.2 - Water Heater Supply Line Replacement,Cerro 3/4 in. x 10 ft. Copper Type M Hard Temper Straight Pipe,,29.55,49.35,Materials,0000 Uncategorized
22PFnYAYfsUt,Job 00106,7.1.2 - Water Heater Supply Line Replacement,Viega ProPress 3/4 in. Press Copper 90-Degree Elbow Fitting,,3.66,6.11,Materials,0000 Uncategorized
22PFnYAYfsUt,Job 00106,7.1.2 - Water Heater Supply Line Replacement,"Di-electric Union: Bronze, Press-Fit x FNPT,, 3/4 in Copper Tube Size",,19.99,33.38,Materials,0000 Uncategorized
22PFnYAYfsUt,Job 00106,7.1.2 - Water Heater Supply Line Replacement,Viega ProPress 3/4 in. Press Copper Coupling Fitting with Stop (10-Pack),,3.07,5.13,Materials,0000 Uncategorized
22PFnYAYfsUt,Job 00106,7.1.2 - Water Heater Supply Line Replacement,Hourly Rate,6,55,89,Materials,0000 Uncategorized
22PFnYAYfsUt,Job 00106,9.2.1 - General Electrical Repairs,Hourly Rate,0.75,55,89,Materials,0000 Uncategorized
22PFxdswC5aw,46254887 - original scope,Demo,Exploratory Demo,40,55,89,Labor,0000 Uncategorized
22PFxdswC5aw,46254887 - original scope,Demo,Floor Covering - Econo Runner,1,121.79,200.96,Materials,0000 Uncategorized
22PFxdswC5aw,46254887 - original scope,Demo,Ram Board 38 in. W x 50 ft. L Heavy Duty Temporary Floor Protection Board,1,36.96,68.38,Materials,0000 Uncategorized
22PFxdswC5aw,46254887 - original scope,Demo,Ram Board 6.1 mm x 3 in. x 164 ft. Floor Protection Seam Tape,1,11.26,20.83,Materials,0000 Uncategorized
22PFxdswC5aw,46254887 - original scope,Demo,Plastic Sheeting,1,59.48,99.33,Materials,0000 Uncategorized
22PFxdswC5aw,46254887 - original scope,Demo,Haul Away,4,228,350,Materials,0000 Uncategorized
22PFxdswC5aw,46254887 - original scope,Demo,Dumpster Fees,4,175,288.75,Materials,0000 Uncategorized
22PFxdswC5aw,46254887 - original scope,Structural Framing repairs,Hourly rate,1,10375,17200,Materials,0000 Uncategorized
22PFxdswC5aw,46254887 - original scope,Drywall Installation,Hourly rate,1,4200,6820,Labor,220 Subcontractor Labor
22PFxdswC5aw,46254887 - original scope,Drywall Installation,"Drywall Screws 1 1/4""",0,0,0,Materials,710 Drywall
22PFxdswC5aw,46254887 - original scope,Drywall Installation,Saint-Gobain ADFORS FibaTape Standard White 1-7/8 in. x 500 ft. Self-Adhesive Mesh Drywall Joint Tape,0,0,0,Materials,710 Drywall
22PFxdswC5aw,46254887 - original scope,Drywall Installation,USG Sheetrock Brand 1/2 in. x 4 ft. x 8 ft. UltraLight Drywall,0,0,0,Labor,710 Drywall
22PFxdswC5aw,46254887 - original scope,Drywall Installation,Sanding Discs,0,0,0,Materials,710 Drywall
22PFxdswC5aw,46254887 - original scope,Drywall Installation,Strait-Flex 2-3/8 in. x 100 ft. Original Composite Flexible Corner Bead,0,0,0,Materials,710 Drywall
22PFxdswC5aw,46254887 - original scope,Drywall Installation,Return trip for finishing,0,0,0,Other,210 In-House Labor
22PFxdswC5aw,46254887 - original scope,Drywall Installation,Drywall Mud (4.5 Gallon),0,0,0,Materials,710 Drywall
22PFxdswC5aw,46254887 - original scope,Drywall Installation,Owens Corning R-30 Faced Fiberglass Insulation Batt 16 in. x 48 in. (1 Bag),0,0,0,Materials,430 Insulation Materials
22PFxdswC5aw,46254887 - original scope,Drywall Installation,R-13 Kraft Faced Fiberglass Insulation Batt 15 in. x 93 in.,0,0,0,Materials,430 Insulation Materials
22PFxdswC5aw,46254887 - original scope,Gutter Installation,Subcontractor,1,1600,2502,Labor,0000 Uncategorized
22PFxdswC5aw,46254887 - original scope,Attic Insulation,Attic Insulation Repair/Refresh,500,2.4138,3.5,Labor,220 Subcontractor Labor
22PFxdswC5aw,46254887 - original scope,Full Roof Replacement,Subcontractor,1,14000,21500,Labor,0000 Uncategorized
22PFxdswC5aw,46254887 - original scope,Interior Paint,Hourly rate,1,4500,7100,Materials,0000 Uncategorized
22PFxdswC5aw,46254887 - original scope,Interior Paint,Custom Gallon Paint,1,55,91.85,Labor,1000 1000 Preparation and Management Fees
22PFxdswC5aw,46254887 - original scope,Interior Paint,Paint Brush,1,6.21,10.37,Materials,0000 Uncategorized
22PFxdswC5aw,46254887 - original scope,Interior Paint,Plastic Sheeting,1,59.48,99.33,Materials,0000 Uncategorized
22PFxdswC5aw,46254887 - original scope,Interior Paint,Semi-gloss Ultra White Acrylic Interior/Exterior Door and Trim Paint (1-Gallon),1,56.98,95.16,Materials,2300 Painting
22PFxdswC5aw,46254887 - original scope,Interior Paint,Interior Paint Match Fee,1,95,156.75,Materials,0000 Uncategorized
22PFxdswC5aw,46254887 - original scope,Interior Paint,Floor Covering - Econo Runner,1,121.79,200.96,Materials,0000 Uncategorized
22PFxdswC5aw,46254887 - original scope,Interior Paint,Zinsser Cover Stain 1 gal. White Oil-Based Interior/Exterior Primer and Sealer,1,34.98,58.42,Labor,1000 1000 Preparation and Management Fees
22PFxdswC5aw,46254887 - original scope,Vinyl Fascia/Soffit Replacement,Hourly rate,36,55,89,Materials,0000 Uncategorized
22PFxdswC5aw,46254887 - original scope,Vinyl Fascia/Soffit Replacement,Ply Gem 12.75 in x 0.5 in Rectangular Triple 4 in. Economy Solid Vinyl Soffit - Non-Ventilated,10,22.169999999999998,41.019999999999996,Materials,0000 Uncategorized
22PFxdswC5aw,46254887 - original scope,LVP Flooring Installation,Subcontractor,1,4500,6500,Labor,0000 Uncategorized
22PFxdswC5aw,46254887 - original scope,LVP Flooring Installation,Install LVP Flooring,1,5,6.35,Materials,0000 Uncategorized
22PFxdswC5aw,46254887 - original scope,Hardwood Floor Replacement,Subcontractor,1,1500,2500,Labor,0000 Uncategorized
22PFxdswC5aw,46254887 - original scope,Hardwood Floor Replacement,"POWERNAIL PowerStaples 2 in. Leg x 1/2 in. Crown x 15-1/2-Gauge Steel Hardwood Flooring Staples (1,000-Pack)",2,13.98,25.86,Materials,0000 Uncategorized
22PFxdswC5aw,46254887 - original scope,Hardwood Floor Replacement,Select Red Oak 3/4 in. Thick x 2-1/4 in. Wide x Random Length Solid Hardwood Flooring (19.5 sqft / case),1,118.07,218.43,Materials,0000 Uncategorized
22PFyL6AQn6V,Job 00109,Interior Finishing,Subcontractor,,1150,1667.5,Labor,0000 Uncategorized
22PFyL6AQn6V,Job 00109,Exterior Finishing,Subcontractor,,3243,4702.349999999999,Labor,0000 Uncategorized
22PFyL6AQn6V,Job 00109,Miscellaneous Repairs,Hourly Rate,5,55,89,Materials,0000 Uncategorized
22PFyL6AQn6V,Job 00109,Replace Column Wraps,Subcontractor,3,150,217.49999999999997,Labor,0000 Uncategorized
22PFyL6AQn6V,Job 00109,Replace Column Wraps,Hourly Rate,12,55,89,Materials,0000 Uncategorized
22PFyL6AQn6V,Job 00109,Replace Column Wraps,Special Order Materials,3,900,1485.0000000000002,Materials,0000 Uncategorized
22PFyL6AQn6V,Job 00109,Interior Finishing,Subcontractor,,1150,1667.5,Labor,0000 Uncategorized
22PFyL6AQn6V,Job 00109,Exterior Finishing,Subcontractor,,3243,4702.349999999999,Labor,0000 Uncategorized
22PFyL6AQn6V,Job 00109,Miscellaneous Repairs,Hourly Rate,5,55,89,Materials,0000 Uncategorized
22PFyL6AQn6V,Job 00109,Replace Column Wraps,Subcontractor,3,150,217.49999999999997,Labor,0000 Uncategorized
22PFyL6AQn6V,Job 00109,Replace Column Wraps,Hourly Rate,12,55,89,Materials,0000 Uncategorized
22PFyL6AQn6V,Job 00109,Replace Column Wraps,Special Order Materials,3,900,1485.0000000000002,Materials,0000 Uncategorized
22PFyL6AQn6V,Job 00109,Miscellaneous Repairs,Hourly Rate,5,55,,Materials,0000 Uncategorized
22PFyL6AQn6V,Job 00109,Replace Column Wraps,Hourly Rate,12,55,,Materials,0000 Uncategorized
22PFyL6AQn6V,Job 00109,Replace Column Wraps,Special Order Materials,3,900,,Materials,0000 Uncategorized
22PFyPvVUe4t,46255023,Dust Control/Floor Protection,Hourly rate,8,55,89,Materials,0000 Uncategorized
22PFyPvVUe4t,46255023,Dust Control/Floor Protection,Floor Covering - Econo Runner,3,121.79,200.96,Materials,0000 Uncategorized
22PFyPvVUe4t,46255023,Dust Control/Floor Protection,Plastic Sheeting,3,59.48,99.33,Materials,0000 Uncategorized
22PFyPvVUe4t,46255023,Uninstall and Reinstall Closet System,Carolina Closets,1,900,1320,Labor,1000 1000 Preparation and Management Fees
22PFyPvVUe4t,46255023,Demolition,Tile Demolition,1,1800,2610,Labor,1000 1000 Preparation and Management Fees
22PFyPvVUe4t,46255023,Demolition,Hourly Rate,8,55,89,Materials,0000 Uncategorized
22PFyPvVUe4t,46255023,Demolition,Haul Away,1,228,350,Materials,0000 Uncategorized
22PFyPvVUe4t,46255023,Demolition,Dumpster Fees,1,175,288.75,Materials,0000 Uncategorized
22PFyPvVUe4t,46255023,Bathroom Tile Replacement,Subcontractor,1,6682.88,9690.18,Labor,0000 Uncategorized
22PFyPvVUe4t,46255023,Bathroom Tile Replacement,Ceramic Tile Allowance - Shower Floor,20,15.4,25.41,Labor,1000 1000 Preparation and Management Fees
22PFyPvVUe4t,46255023,Bathroom Tile Replacement,Ceramic Tile Allowance - Shower Walls,100,12.4,20.46,Materials,0000 Uncategorized
22PFyPvVUe4t,46255023,Bathroom Tile Replacement,Ceramic Tile Allowance - Floor,180,10,16.7,Labor,1000 1000 Preparation and Management Fees
22PFyPvVUe4t,46255023,Bathroom Tile Replacement,"Bullnose, Tile Trims",1,400,650,Labor,1000 1000 Preparation and Management Fees
22PFyPvVUe4t,46255023,Bathroom Tile Replacement,Additional cost for tile materials,1,496.51,719.94,Labor,1000 1000 Preparation and Management Fees
22PFyPvVUe4t,46255023,Custom Frameless Shower Glass,Custom Frameless Shower Glass Door and Surround,1,3250,4712.5,Materials,0000 Uncategorized
22PFyPvVUe4t,46255023,Interior Trim Install and Paint,Hourly rate,16,55,89,Materials,0000 Uncategorized
22PFyPvVUe4t,46255023,Interior Trim Install and Paint,1050 Quick Dry Siliconized Acrylic Latex Caulk,3,3.31,5.53,Materials,0000 Uncategorized
22PFyPvVUe4t,46255023,Interior Trim Install and Paint,"5 1/4"" Speed Base Baseboard (Linear Foot)",48,2.4899999999999998,4.16,Materials,0000 Uncategorized
22PFyPvVUe4t,46255023,Interior Trim Install and Paint,Woodgrain Millwork WM 108 - 1/2 in. x 1/2 in. Solid Pine Quarter Round Molding (per 8'),8,6.78,12.54,Materials,0000 Uncategorized
22PFyPvVUe4t,46255023,Interior Trim Install and Paint,Semi-gloss Ultra White Acrylic Interior/Exterior Door and Trim Paint (1-Gallon),1,56.98,95.16,Materials,2300 Painting
22PFyPvVUe4t,46255023,Shower Plumbing Reinstall/Trim Out,Labor,4.25,100,150,Labor,1000 1000 Preparation and Management Fees
22PFyPvVUe4t,46255023,Post Project Cleaning,Post Project Cleaning,1,325,621.25,Labor,0000 Uncategorized
22PFyPvVUe4t,46255023,Kitchen Ceiling Repair,Hourly rate,1,1200,1753,Materials,0000 Uncategorized
22PFyPvVUe4t,46255023,Dust Control/Floor Protection,Hourly rate,8,55,89,Materials,0000 Uncategorized
22PFyPvVUe4t,46255023,Dust Control/Floor Protection,Floor Covering - Econo Runner,3,121.79,200.96,Materials,0000 Uncategorized
22PFyPvVUe4t,46255023,Dust Control/Floor Protection,Plastic Sheeting,3,59.48,99.33,Materials,0000 Uncategorized
22PG6Dmyw5D9,Job 00114,Fiber Cement Lap Siding Install,House Wrap,,94.41,157.67,Materials,0000 Uncategorized
22PG6Dmyw5D9,Job 00114,Fiber Cement Lap Siding Install,Subcontractor,,2000,2900,Labor,0000 Uncategorized
22PG6Dmyw5D9,Job 00114,Fiber Cement Lap Siding Install,Subcontractor,,1500,2175,Labor,0000 Uncategorized
22PG6Dmyw5D9,Job 00114,Fiber Cement Lap Siding Install,"Hardie Plank Smooth Lap Siding (8.25 in. for 7"" Reveal)",20,13.12,21.91,Materials,0000 Uncategorized
22PG6Dmyw5D9,Job 00114,Fiber Cement Lap Siding Install,1050 Quick Dry Siliconized Acrylic Latex Caulk,3,3.31,5.461500000000001,Materials,0000 Uncategorized
22PG6Dmyw5D9,Job 00114,Fiber Cement Lap Siding Install,"Typar Butyl Flashing Tape - 4"" W x 75' L",,25.75,43,Materials,0000 Uncategorized
22PG6Dmyw5D9,Job 00114,Fiber Cement Lap Siding Install,Custom Gallon Paint/Stain,2,60,99.00000000000001,Materials,2300 Painting
22PG6Dmyw5D9,Job 00114,Fiber Cement Lap Siding Install,House Wrap,,94.41,157.67,Materials,0000 Uncategorized
22PG6Dmyw5D9,Job 00114,Fiber Cement Lap Siding Install,Subcontractor,55,55,89,Labor,0000 Uncategorized
22PG6Dmyw5D9,Job 00114,Fiber Cement Lap Siding Install,"Hardie Plank Smooth Lap Siding (8.25 in. for 7"" Reveal)",25,13.12,21.91,Materials,0000 Uncategorized
22PG6Dmyw5D9,Job 00114,Fiber Cement Lap Siding Install,1050 Quick Dry Siliconized Acrylic Latex Caulk,3,3.31,5.461500000000001,Materials,0000 Uncategorized
22PG6Dmyw5D9,Job 00114,Fiber Cement Lap Siding Install,"Typar Butyl Flashing Tape - 4"" W x 75' L",,25.75,43,Materials,0000 Uncategorized
22PG6Dmyw5D9,Job 00114,Fiber Cement Lap Siding Install,Custom Gallon Paint/Stain,2,60,99.00000000000001,Materials,2300 Painting
22PG6Dmyw5D9,Job 00114,Fiber Cement Lap Siding Install,House Wrap,,94.41,157.67,Materials,0000 Uncategorized
22PG6Dmyw5D9,Job 00114,Fiber Cement Lap Siding Install,Subcontractor,55,55,89,Labor,0000 Uncategorized
22PG6Dmyw5D9,Job 00114,Fiber Cement Lap Siding Install,"Hardie Plank Smooth Lap Siding (8.25 in. for 7"" Reveal)",25,13.12,21.91,Materials,0000 Uncategorized
22PG7Ksrwus5,Job 00117,R.1 - Kickout Flashing Install,Grip-Rite#11 x 1-1/4 in. Electro-Galvanized Steel Roofing Nails (1 lb.-Pack),,4.98,8.32,Materials,0000 Uncategorized
22PG7Ksrwus5,Job 00117,R.1 - Kickout Flashing Install,Henry 208R Rubberized Wet Patch 10.1 oz Roof Cement Leak Repair,,7.24,12.09,Materials,0000 Uncategorized
22PG7Ksrwus5,Job 00117,R.1 - Kickout Flashing Install,Black Kickout Flashing,2,12.01,20.06,Materials,0000 Uncategorized
22PG7Ksrwus5,Job 00117,R.1 - Kickout Flashing Install,Hourly Rate,2,55,89,Materials,0000 Uncategorized
22PG7Ksrwus5,Job 00117,A.2. - Attic Stair Adjustment,Everbilt 1 in. x 12 in. Zinc-Plated Extension Spring,2,7.4,13.69,Materials,0000 Uncategorized
22PG7Ksrwus5,Job 00117,A.2. - Attic Stair Adjustment,"1/2"" x 6"" Zinc Hex Head Bolt",,2.11,3.52,Materials,0000 Uncategorized
22PG7Ksrwus5,Job 00117,A.2. - Attic Stair Adjustment,Hourly Rate,2,55,89,Materials,0000 Uncategorized
22PG7Ksrwus5,Job 00117,"X.4,5,6 - Exterior Wood Repairs",2x4x8 PT,4,6.19,10.34,Materials,0000 Uncategorized
22PG7Ksrwus5,Job 00117,"X.4,5,6 - Exterior Wood Repairs","3/8"" x 48"" x 8' S4S PVC sheating",2,83.98,138.56700000000004,Materials,0000 Uncategorized
22PG7Ksrwus5,Job 00117,"X.4,5,6 - Exterior Wood Repairs",Composite Shim,1,2.23,3.6795000000000004,Materials,0000 Uncategorized
22PG7Ksrwus5,Job 00117,"X.4,5,6 - Exterior Wood Repairs",1050 Quick Dry Siliconized Acrylic Latex Caulk,3,3.31,5.461500000000001,Materials,0000 Uncategorized
22PG7Ksrwus5,Job 00117,"X.4,5,6 - Exterior Wood Repairs",3M Bondo Interior/ Exterior Waterproof 41 oz.,1,31.68,52.272000000000006,Materials,0000 Uncategorized
22PG7Ksrwus5,Job 00117,"X.4,5,6 - Exterior Wood Repairs",Hourly Rate,20,55,89,Materials,0000 Uncategorized
22PG7Ksrwus5,Job 00117,"X.4,5,6 - Exterior Wood Repairs",Custom Gallon Paint/Stain,1,60,99.00000000000001,Materials,2300 Painting
22PG7Ksrwus5,Job 00117,"X.4,5,6 - Exterior Wood Repairs",1x8x18 Vinyl Trim Plank,2,72,118.80000000000001,Materials,0000 Uncategorized
22PG7Ksrwus5,Job 00117,X.8 - Exterior Penetration Sealing,Hourly Rate,0.5,55,89,Materials,0000 Uncategorized
22PG7Ksrwus5,Job 00117,X.8 - Exterior Penetration Sealing,Lexel Clear Paintable Solvent Caulk,1,11.28,18.612000000000002,Materials,6000 Completion
22PG7Ksrwus5,Job 00117,W.1 - Double Pane Window Replacement,Return trip for finishing,,55,89,Materials,0000 Uncategorized
22PG7Ksrwus5,Job 00117,W.1 - Double Pane Window Replacement,Double Pane Window,,250,412.50000000000006,Materials,0000 Uncategorized
22PG7Ksrwus5,Job 00117,W.1 - Double Pane Window Replacement,Hourly Rate,2,55,89,Materials,0000 Uncategorized
22PG7Ksrwus5,Job 00117,K.8 - Brick Mortar Repairs,Hourly Rate,4,55,89,Materials,0000 Uncategorized
22PG7Ksrwus5,Job 00117,K.8 - Brick Mortar Repairs,SAKRETE 10.3 fl. oz. Mortar Repair Sealant,,6.18,10.32,Materials,0000 Uncategorized
22PG7Ksrwus5,Job 00117,K.10 - Foundation Wall Repair,Hourly Rate,1,55,89,Materials,0000 Uncategorized
22PG7Ksrwus5,Job 00117,K.10 - Foundation Wall Repair,SAKRETE 10.3 fl. oz. Mortar Repair Sealant,1,6.18,10.32,Materials,0000 Uncategorized
22PG7Ksrwus5,Job 00117,G.1 - Garage Door Repairs,Hourly Rate,1,55,89,Materials,0000 Uncategorized
22PG7Ksrwus5,Job 00117,C.3 - Floor Girder Repair,2 7/8 in HeadLoks,20,0.47,0.7755000000000001,Materials,0000 Uncategorized
22PG7Ksrwus5,Job 00117,C.3 - Floor Girder Repair,Temporary Use of Ellis Jacks Lifting Shores,1,0,175,Materials,0000 Uncategorized
22PG7Ksrwus5,Job 00117,C.3 - Floor Girder Repair,Temporary Bracing in Crawlspace,1,0,224.26,Materials,0000 Uncategorized
22PG7Ksrwus5,Job 00117,C.3 - Floor Girder Repair,Hourly Rate,24,55,89,Materials,0000 Uncategorized
22PG7Ksrwus5,Job 00117,C.3 - Floor Girder Repair,Everbilt 1/2 in.-13 Galvanized Hex Nut (50-Pack),1,26.24,43.29600000000001,Materials,0000 Uncategorized
22PG7Ksrwus5,Job 00117,C.3 - Floor Girder Repair,Everbilt 1/2 in.-13 x 8 in. Galvanized Carriage Bolt (25-Pack),1,104.8,172.92000000000002,Materials,0000 Uncategorized
22PG7Ksrwus5,Job 00117,C.3 - Floor Girder Repair,2x8 x 16 ft. Prime Lumber,10,14.11,23.2815,Materials,0000 Uncategorized
22PG7Ksrwus5,Job 00117,Electrical,Subcontractor,,1999,2898.5499999999997,Labor,0000 Uncategorized
22PGSZx6R2zc,Job 00121,Exterior Trim Repairs,Hourly Rate,30,55,89,Materials,0000 Uncategorized
22PGSZx6R2zc,Job 00121,Exterior Trim Repairs,1050 Quick Dry Siliconized Acrylic Latex Caulk,2,3.31,5.461500000000001,Materials,0000 Uncategorized
22PGSZx6R2zc,Job 00121,Exterior Trim Repairs,Lexel Clear Paintable Solvent Caulk,4,11.28,18.612000000000002,Materials,6000 Completion
22PGSZx6R2zc,Job 00121,Exterior Trim Repairs,Custom Gallon Paint/Stain,1,60,99.00000000000001,Materials,2300 Painting
22PGSZx6R2zc,Job 00121,Exterior Trim Repairs,Miratec 1x2x8,1,13.92,22.968000000000004,Materials,0000 Uncategorized
22PGSZx6R2zc,Job 00121,Exterior Trim Repairs,1x6x8 Miratec,1,20.66,34.089000000000006,Materials,0000 Uncategorized
22PGSZx6R2zc,Job 00121,Exterior Trim Repairs,1x8x8 Miratec,1,20.66,34.089000000000006,Materials,0000 Uncategorized
22PGSZx6R2zc,Job 00121,Exterior Trim Repairs,Miratec 12 x 16 (4/4),2,47.18,77.84700000000001,Materials,0000 Uncategorized
22PGSZx6R2zc,Job 00121,Exterior Trim Repairs,Miratec 10 x 16 (5/4),3,47.18,77.84700000000001,Materials,0000 Uncategorized
22PGSZx6R2zc,Job 00121,Exterior Trim Repairs,Hourly Rate,30,55,89,Materials,0000 Uncategorized
22PGSZx6R2zc,Job 00121,Exterior Trim Repairs,1050 Quick Dry Siliconized Acrylic Latex Caulk,2,3.31,5.461500000000001,Materials,0000 Uncategorized
22PGSZx6R2zc,Job 00121,Exterior Trim Repairs,Lexel Clear Paintable Solvent Caulk,4,11.28,18.612000000000002,Materials,6000 Completion
22PGSZx6R2zc,Job 00121,Exterior Trim Repairs,Custom Gallon Paint/Stain,1,60,99.00000000000001,Materials,2300 Painting
22PGSZx6R2zc,Job 00121,Exterior Trim Repairs,Miratec 1x2x8,1,13.92,22.968000000000004,Materials,0000 Uncategorized
22PGSZx6R2zc,Job 00121,Exterior Trim Repairs,1x6x8 Miratec,1,20.66,34.089000000000006,Materials,0000 Uncategorized
22PGSZx6R2zc,Job 00121,Exterior Trim Repairs,1x8x8 Miratec,1,20.66,34.089000000000006,Materials,0000 Uncategorized
22PGSZx6R2zc,Job 00121,Exterior Trim Repairs,Miratec 12 x 16 (4/4),2,47.18,77.84700000000001,Materials,0000 Uncategorized
22PGSZx6R2zc,Job 00121,Exterior Trim Repairs,Miratec 10 x 16 (5/4),3,47.18,77.84700000000001,Materials,0000 Uncategorized
22PGSZx6R2zc,Job 00121,Exterior Trim Repairs,Hourly Rate,30,55,,Materials,0000 Uncategorized
22PGSZx6R2zc,Job 00121,Exterior Trim Repairs,1050 Quick Dry Siliconized Acrylic Latex Caulk,2,3.31,,Materials,0000 Uncategorized
22PGSZx6R2zc,Job 00121,Exterior Trim Repairs,Lexel Clear Paintable Solvent Caulk,4,11.28,,Materials,6000 Completion
22PGSZx6R2zc,Job 00121,Exterior Trim Repairs,Custom Gallon Paint/Stain,1,60,,Materials,2300 Painting
22PGSZx6R2zc,Job 00121,Exterior Trim Repairs,Miratec 1x2x8,1,13.92,,Materials,0000 Uncategorized
22PGSZx6R2zc,Job 00121,Exterior Trim Repairs,1x6x8 Miratec (4/4),1,20.66,,Materials,0000 Uncategorized
22PGSZx6R2zc,Job 00121,Exterior Trim Repairs,1x8x8 Miratec (4/4),1,20.66,,Materials,0000 Uncategorized
22PGSZx6R2zc,Job 00121,Exterior Trim Repairs,Miratec 12 x 16 (4/4),2,47.18,,Materials,0000 Uncategorized
22PGSZx6R2zc,Job 00121,Exterior Trim Repairs,Miratec 10 x 16 (5/4),3,47.18,,Materials,0000 Uncategorized
22PGSaaQLzx9,Job 00122,General Framing Repairs,Subcontractor,,1750,2537.5,Labor,0000 Uncategorized
22PGSaaQLzx9,Job 00122,Exterior Repairs,SAKRETE 10.3 fl. oz. Mortar Repair Sealant,1,6.18,10.32,Materials,0000 Uncategorized
22PGSaaQLzx9,Job 00122,Exterior Repairs,Lexel Clear Paintable Solvent Caulk,4,11.28,18.612000000000002,Materials,6000 Completion
22PGSaaQLzx9,Job 00122,Exterior Repairs,Hourly Rate,4,55,89,Materials,0000 Uncategorized
22PGSaaQLzx9,Job 00122,Hall Bathroom Repairs,Miscellaneous Materials,1,250,412.50000000000006,Materials,0000 Uncategorized
22PGSaaQLzx9,Job 00122,Hall Bathroom Repairs,Hourly Rate,20,55,89,Materials,0000 Uncategorized
22PGSaaQLzx9,Job 00122,Interior Misc. Repairs,Miscellaneous Materials,,250,357.14285714285717,Materials,0000 Uncategorized
22PGSaaQLzx9,Job 00122,Interior Misc. Repairs,Custom Gallon Paint/Stain,,60,99.00000000000001,Materials,2300 Painting
22PGSaaQLzx9,Job 00122,Interior Misc. Repairs,Hourly Rate,20,55,89,Materials,0000 Uncategorized
22PGSaaQLzx9,Job 00122,Sliding Door Repairs,Custom Gallon Paint/Stain,,60,99.00000000000001,Materials,2300 Painting
22PGSaaQLzx9,Job 00122,Sliding Door Repairs,1050 Quick Dry Siliconized Acrylic Latex Caulk,,3.31,5.461500000000001,Materials,0000 Uncategorized
22PGSaaQLzx9,Job 00122,Sliding Door Repairs,1x4x8 Radiatta Pine Finger Joint (Primed),,10.37,17.32,Materials,0000 Uncategorized
22PGSaaQLzx9,Job 00122,Sliding Door Repairs,356 Door & Window Casing Moulding,,5.85,9.77,Materials,0000 Uncategorized
22PGSaaQLzx9,Job 00122,Sliding Door Repairs,Hourly Rate,4,55,89,Materials,0000 Uncategorized
22PGSaaQLzx9,Job 00122,Attic Insulation Repair,Hourly Rate,4,55,89,Materials,0000 Uncategorized
22PGSaaQLzx9,Job 00122,Attic Insulation Repair,Owens Corning Raft-R-Mate 22-1/2 in. x 4 ft. Attic Insulation Rafter Baffle Proper Vents (70-Pieces),0.5,231,427.35,Materials,0000 Uncategorized
22PGSaaQLzx9,Job 00122,General Framing Repairs,Subcontractor,,1750,2537.5,Labor,0000 Uncategorized
22PGSaaQLzx9,Job 00122,Exterior Repairs,SAKRETE 10.3 fl. oz. Mortar Repair Sealant,1,6.18,10.32,Materials,0000 Uncategorized
22PGSaaQLzx9,Job 00122,Exterior Repairs,Lexel Clear Paintable Solvent Caulk,4,11.28,18.612000000000002,Materials,6000 Completion
22PGSaaQLzx9,Job 00122,Exterior Repairs,Hourly Rate,4,55,89,Materials,0000 Uncategorized
22PGSaaQLzx9,Job 00122,Hall Bathroom Repairs,Miscellaneous Materials,1,250,412.50000000000006,Materials,0000 Uncategorized
22PGSaaQLzx9,Job 00122,Hall Bathroom Repairs,Hourly Rate,20,55,89,Materials,0000 Uncategorized
22PGSaaQLzx9,Job 00122,Interior Misc. Repairs,Miscellaneous Materials,,250,357.14285714285717,Materials,0000 Uncategorized
22PGSaaQLzx9,Job 00122,Interior Misc. Repairs,Custom Gallon Paint/Stain,,60,99.00000000000001,Materials,2300 Painting
22PGSaaQLzx9,Job 00122,Interior Misc. Repairs,Hourly Rate,20,55,89,Materials,0000 Uncategorized
22PGScXAjUMY,Job 00123,Exterior Trim Paint,Semi-gloss Ultra White Acrylic Interior/Exterior Door and Trim Paint (1-Gallon),,33.12,54.648,Materials,2300 Painting
22PGScXAjUMY,Job 00123,Exterior Trim Paint,Paint Brush,,,,Materials,0000 Uncategorized
22PGScXAjUMY,Job 00123,Exterior Trim Paint,1050 Quick Dry Siliconized Acrylic Latex Caulk,,3.31,5.461500000000001,Materials,0000 Uncategorized
22PGScXAjUMY,Job 00123,Exterior Trim Paint,Hourly Rate,2,55,89,Materials,0000 Uncategorized
22PGScXAjUMY,Job 00123,Interior Trim Repair,EC620 9/16” x 4 1/4” Primed Pine Baseboard (Per L/F),8,2.34,3.91,Materials,0000 Uncategorized
22PGScXAjUMY,Job 00123,Interior Trim Repair,1050 Quick Dry Siliconized Acrylic Latex Caulk,1,3.31,5.461500000000001,Materials,0000 Uncategorized
22PGScXAjUMY,Job 00123,Interior Trim Repair,Hourly Rate,3,55,89,Materials,0000 Uncategorized
22PGScXAjUMY,Job 00123,Exterior Paint/Stain,Custom Gallon Paint/Stain,,60,99.00000000000001,Materials,2300 Painting
22PGScXAjUMY,Job 00123,Exterior Paint/Stain,Paint Brush,,,,Materials,0000 Uncategorized
22PGScXAjUMY,Job 00123,Exterior Paint/Stain,Hourly Rate,4,55,89,Materials,0000 Uncategorized
22PGScXAjUMY,Job 00123,Gutter Repair,Hourly Rate,2,55,89,Materials,0000 Uncategorized
22PGScXAjUMY,Job 00123,Door Sweep Installation,"36"" Drip Cap Door Sweep",,12.12,20.24,Materials,0000 Uncategorized
22PGScXAjUMY,Job 00123,Door Sweep Installation,Frost King 1-1/2 in. x 1-3/4 in. Door Corner Guards for Inswing Entry Doors (4-Pack),,3.75,6.94,Materials,0000 Uncategorized
22PGScXAjUMY,Job 00123,Door Sweep Installation,Hourly Rate,1.5,55,89,Materials,0000 Uncategorized
22PGScXAjUMY,Job 00123,Exhaust Fan Replacement,Hourly Rate,1.5,55,89,Materials,0000 Uncategorized
22PGScXAjUMY,Job 00123,Exterior Trim Paint,Semi-gloss Ultra White Acrylic Interior/Exterior Door and Trim Paint (1-Gallon),,33.12,54.648,Materials,2300 Painting
22PGScXAjUMY,Job 00123,Exterior Trim Paint,Paint Brush,,0,0,Materials,0000 Uncategorized
22PGScXAjUMY,Job 00123,Exterior Trim Paint,1050 Quick Dry Siliconized Acrylic Latex Caulk,,3.31,5.461500000000001,Materials,0000 Uncategorized
22PGScXAjUMY,Job 00123,Exterior Trim Paint,Hourly Rate,2,55,89,Materials,0000 Uncategorized
22PGScXAjUMY,Job 00123,Interior Trim Repair,EC620 9/16” x 4 1/4” Primed Pine Baseboard (Per L/F),8,2.34,3.91,Materials,0000 Uncategorized
22PGScXAjUMY,Job 00123,Interior Trim Repair,1050 Quick Dry Siliconized Acrylic Latex Caulk,1,3.31,5.461500000000001,Materials,0000 Uncategorized
22PGScXAjUMY,Job 00123,Interior Trim Repair,Hourly Rate,3,55,89,Materials,0000 Uncategorized
22PGScXAjUMY,Job 00123,Exterior Paint/Stain,Custom Gallon Paint/Stain,,60,99.00000000000001,Materials,2300 Painting
22PGScXAjUMY,Job 00123,Exterior Paint/Stain,Paint Brush,,0,0,Materials,0000 Uncategorized
22PGScXAjUMY,Job 00123,Exterior Paint/Stain,Hourly Rate,4,55,89,Materials,0000 Uncategorized
22PGScXAjUMY,Job 00123,Gutter Repair,Hourly Rate,2,55,89,Materials,0000 Uncategorized
22PGVPzci9gJ,Job 00124,Deck/Sunroom Rebuild,Demo,,3800,5244,Labor,0000 Uncategorized
22PGVPzci9gJ,Job 00124,Deck/Sunroom Rebuild,Sunroom Framing,,8500,11730,Labor,0000 Uncategorized
22PGVPzci9gJ,Job 00124,Deck/Sunroom Rebuild,Window and Door Allowance,,9800,13524,Labor,0000 Uncategorized
22PGVPzci9gJ,Job 00124,Deck/Sunroom Rebuild,Composite Deck Framing/Posts,,14500,20010,Labor,0000 Uncategorized
22PGVPzci9gJ,Job 00124,Deck/Sunroom Rebuild,Composite Decking,,9500,13110,Labor,0000 Uncategorized
22PGVPzci9gJ,Job 00124,Deck/Sunroom Rebuild,Grill Deck Water Proofing,,2500,3450,Labor,0000 Uncategorized
22PGVPzci9gJ,Job 00124,Deck/Sunroom Rebuild,Black Aluminum Railing,,7500,10350,Labor,0000 Uncategorized
22PGVPzci9gJ,Job 00124,Deck/Sunroom Rebuild,Hardwood Floor Install/Finish,,3500,4830,Labor,0000 Uncategorized
22PGVPzci9gJ,Job 00124,Deck/Sunroom Rebuild,Sunroom Insulation,,2800,3864,Labor,0000 Uncategorized
22PGVPzci9gJ,Job 00124,Deck/Sunroom Rebuild,Sunroom Ceiling/Window Trim,,5800,8004,Labor,0000 Uncategorized
22PGVPzci9gJ,Job 00124,Deck/Sunroom Rebuild,Demo,,3800,5244,Labor,0000 Uncategorized
22PGVPzci9gJ,Job 00124,Deck/Sunroom Rebuild,Sunroom Framing,,8500,11730,Labor,0000 Uncategorized
22PGVPzci9gJ,Job 00124,Deck/Sunroom Rebuild,Window and Door Allowance,,9800,13524,Labor,0000 Uncategorized
22PGVPzci9gJ,Job 00124,Deck/Sunroom Rebuild,Composite Deck Framing/Posts,,14500,20010,Labor,0000 Uncategorized
22PGVPzci9gJ,Job 00124,Deck/Sunroom Rebuild,Composite Decking,,9500,13110,Labor,0000 Uncategorized
22PGVPzci9gJ,Job 00124,Deck/Sunroom Rebuild,Grill Deck Water Proofing,,2500,3450,Labor,0000 Uncategorized
22PGVPzci9gJ,Job 00124,Deck/Sunroom Rebuild,Black Aluminum Railing,,7500,10350,Labor,0000 Uncategorized
22PGVPzci9gJ,Job 00124,Deck/Sunroom Rebuild,Hardwood Floor Install/Finish,,3500,4830,Labor,0000 Uncategorized
22PGVPzci9gJ,Job 00124,Deck/Sunroom Rebuild,Sunroom Insulation,,2800,3864,Labor,0000 Uncategorized
22PGVPzci9gJ,Job 00124,Deck/Sunroom Rebuild,Sunroom Ceiling/Window Trim,,5800,8004,Labor,0000 Uncategorized
22PGbsGF3FQg,Job 00126,Porch Screen Repair,Royal Mouldings 1/4 in. D x 1-3/4 in. W x 8 ft. L PVC Composite White Lattice Molding,20,9.28,15.312000000000001,Materials,0000 Uncategorized
22PGbsGF3FQg,Job 00126,Porch Screen Repair,Subcontractor,,2185,3168.25,Labor,0000 Uncategorized
22PGbsGF3FQg,Job 00126,Porch Screen Repair,Hourly Rate,10,55,89,Materials,0000 Uncategorized
22PGbsGF3FQg,Job 00126,Exterior Washing,Subcontractor,,2100,3045,Labor,0000 Uncategorized
22PGbsGF3FQg,Job 00126,Interior Paint (3rd floor bonus room),Subcontractor,,1880,2726,Labor,0000 Uncategorized
22PGbsGF3FQg,Job 00126,HVAC Door,Everbilt Satin Nickel Adjustable Latch Ball Catch,,7.81,14.45,Materials,0000 Uncategorized
22PGbsGF3FQg,Job 00126,HVAC Door,"3/8"" Inset Black Matte Cabinet Door Hinge",,8.96,14.96,Materials,0000 Uncategorized
22PGbsGF3FQg,Job 00126,HVAC Door,Hourly Rate,4,55,89,Materials,0000 Uncategorized
22PGbsGF3FQg,Job 00126,Exterior Trim Repairs/Window Caulking,Subcontractor,,1825,2646.25,Labor,0000 Uncategorized
22PGbsGF3FQg,Job 00126,Exterior Trim Repairs/Window Caulking,Royal Mouldings 10 ft. x 1-63/64 in. x 1-15/64 in. Vinyl Brick Molding,,21.14,34.88100000000001,Materials,1500 Doors & Windows
22PGbsGF3FQg,Job 00126,Exterior Trim Repairs/Window Caulking,1-1/4 in. x 5-1/4 in. x 84 in. Vinyl Sill Moulding,,40.96,68.4,Materials,0000 Uncategorized
22PGbsGF3FQg,Job 00126,Exterior Trim Repairs/Window Caulking,2x4x8 PT,,6.19,10.34,Materials,0000 Uncategorized
22PGbsGF3FQg,Job 00126,Exterior Trim Repairs/Window Caulking,1-3/8 in. x 1-5/16 in. x 84 in. Vinyl Composite Sill Moulding Nosing,,18.96,31.66,Materials,0000 Uncategorized
22PGbsGF3FQg,Job 00126,Exterior Trim Repairs/Window Caulking,"3/8"" x 48"" x 8' S4S PVC sheating",,83.98,138.56700000000004,Materials,0000 Uncategorized
22PGbsGF3FQg,Job 00126,Exterior Trim Repairs/Window Caulking,Composite Shim,,2.23,3.6795000000000004,Materials,0000 Uncategorized
22PGbsGF3FQg,Job 00126,Exterior Trim Repairs/Window Caulking,1050 Quick Dry Siliconized Acrylic Latex Caulk,,3.31,5.461500000000001,Materials,0000 Uncategorized
22PGbsGF3FQg,Job 00126,Exterior Trim Repairs/Window Caulking,3M Bondo Interior/ Exterior Waterproof 41 oz.,,31.68,52.272000000000006,Materials,0000 Uncategorized
22PGbsGF3FQg,Job 00126,Exterior Trim Repairs/Window Caulking,Hourly Rate,10,55,89,Materials,0000 Uncategorized
22PGbsGF3FQg,Job 00126,Porch Screen Repair,Royal Mouldings 1/4 in. D x 1-3/4 in. W x 8 ft. L PVC Composite White Lattice Molding,20,9.28,15.312000000000001,Materials,0000 Uncategorized
22PGbsGF3FQg,Job 00126,Porch Screen Repair,Subcontractor,,2185,3168.25,Labor,0000 Uncategorized
22PGbsGF3FQg,Job 00126,Porch Screen Repair,Hourly Rate,10,55,89,Materials,0000 Uncategorized
22PGbsGF3FQg,Job 00126,Exterior Washing,Subcontractor,,2100,3045,Labor,0000 Uncategorized
22PGbsGF3FQg,Job 00126,Interior Paint (3rd floor bonus room),Subcontractor,,1880,2726,Labor,0000 Uncategorized
22PGbsGF3FQg,Job 00126,HVAC Door,Everbilt Satin Nickel Adjustable Latch Ball Catch,,7.81,14.45,Materials,0000 Uncategorized
22PGbsGF3FQg,Job 00126,HVAC Door,"3/8"" Inset Black Matte Cabinet Door Hinge",,8.96,14.96,Materials,0000 Uncategorized
22PGbsGF3FQg,Job 00126,HVAC Door,Hourly Rate,4,55,89,Materials,0000 Uncategorized
22PGnSmDTnU5,Job 00127,3.1.1 - Fiber Cement Siding Repair,Hourly Rate,1.5,55,89,Materials,0000 Uncategorized
22PGnSmDTnU5,Job 00127,3.1.1 - Fiber Cement Siding Repair,Painters Tape,,7.66,12.639000000000003,Materials,0000 Uncategorized
22PGnSmDTnU5,Job 00127,3.1.1 - Fiber Cement Siding Repair,Lexel Clear Paintable Solvent Caulk,,11.28,18.612000000000002,Materials,6000 Completion
22PGnSmDTnU5,Job 00127,3.12.2 - Porch Screen Repair,Saint-Gobain ADFORS Screen Tool Plus,,7.19,11.863500000000002,Materials,0000 Uncategorized
22PGnSmDTnU5,Job 00127,3.12.2 - Porch Screen Repair,Phifer 0.140 in. x 100 ft. Black Spline,,9.52,15.708000000000002,Materials,0000 Uncategorized
22PGnSmDTnU5,Job 00127,3.12.2 - Porch Screen Repair,Phifer 0.125 in. x 100 ft. Black Spline,,9.43,15.559500000000002,Materials,0000 Uncategorized
22PGnSmDTnU5,Job 00127,3.12.2 - Porch Screen Repair,Phifer 48 in. x 25 ft. BetterVue Screen,,28.98,48.4,Materials,0000 Uncategorized
22PGnSmDTnU5,Job 00127,3.12.2 - Porch Screen Repair,Hourly Rate,6,55,89,Materials,0000 Uncategorized
22PGnSmDTnU5,Job 00127,"5.1.1,  5.3.1, 5.3.2 - Shingle Nail Repair",Henry 208R Rubberized Wet Patch 10.1 oz Roof Cement Leak Repair,,7.24,12.09,Materials,0000 Uncategorized
22PGnSmDTnU5,Job 00127,"5.1.1,  5.3.1, 5.3.2 - Shingle Nail Repair",Hourly Rate,5,55,89,Materials,0000 Uncategorized
22PGnSmDTnU5,Job 00127,5.2.1 - Downspout Repair,Hourly Rate,1.5,55,89,Materials,0000 Uncategorized
22PGnSmDTnU5,Job 00127,5.2.1 - Downspout Repair,"3""x4"" Bronze Aluminum Downspout Elbow ""A""",2,6.28,10.49,Materials,0000 Uncategorized
22PGnSmDTnU5,Job 00127,7.1.1 - TPR Valve Pipe Repair,Everbilt 3/4 in. CPVC-CTS Slip x Slip Coupling Fitting,,0.54,0.9,Materials,0000 Uncategorized
22PGnSmDTnU5,Job 00127,7.1.1 - TPR Valve Pipe Repair,Oatey 8 oz. Purple CPVC and PVC Primer and Regular Clear PVC Cement Combo Pack,,13.28,22.18,Materials,0000 Uncategorized
22PGnSmDTnU5,Job 00127,7.1.1 - TPR Valve Pipe Repair,Everbilt 3/4 in. CPVC-CTS Slip x MIPT Adapter Fitting,,1.22,2.04,Materials,0000 Uncategorized
22PGnSmDTnU5,Job 00127,7.1.1 - TPR Valve Pipe Repair,Everbilt 3/4 in. CPVC-CTS 90-Degree Slip x Slip Elbow Fitting,,0.93,1.55,Materials,0000 Uncategorized
22PGnSmDTnU5,Job 00127,7.1.1 - TPR Valve Pipe Repair,Charlotte Pipe 3/4 in. x 10 ft. CPVC SDR11 Flowguard Gold Pipe,,10.94,18.27,Materials,0000 Uncategorized
22PGnSmDTnU5,Job 00127,7.1.1 - TPR Valve Pipe Repair,Hourly Rate,2,55,89,Materials,0000 Uncategorized
22PGnSmDTnU5,Job 00127,7.1.2 - Gas Line Repair,Hourly Rate,2,55,89,Materials,0000 Uncategorized
22PGnSmDTnU5,Job 00127,"8.3.1, 8.3.3 - Shower Grout Repair",Sanded Ceramic Tile Grout Caulk,,8.03,13.249500000000001,Materials,0000 Uncategorized
22PGnSmDTnU5,Job 00127,"8.3.1, 8.3.3 - Shower Grout Repair",Hourly Rate,3,55,89,Materials,0000 Uncategorized
22PGnSmDTnU5,Job 00127,9.5.1 - GFCI Outlet Installation,1-Gang GFCI/Rocker Switch Cover Plate,,0.78,1.2870000000000001,Materials,0000 Uncategorized
22PGnSmDTnU5,Job 00127,9.5.1 - GFCI Outlet Installation,15 Amp GFCI Outlet,,22.36,37.34,Materials,0000 Uncategorized
22PGnSmDTnU5,Job 00127,9.5.1 - GFCI Outlet Installation,Hourly Rate,3,55,89,Materials,0000 Uncategorized
22PGnSmDTnU5,Job 00127,9.8.2 - Flood Light Bulb Replacement,Light Bulb (Standard),6,5,8.365384615384615,Materials,0000 Uncategorized
22PGnSmDTnU5,Job 00127,9.8.2 - Flood Light Bulb Replacement,Hourly Rate,0.5,55,89,Materials,0000 Uncategorized
22PGnSmDTnU5,Job 00127,14.1.2 - Extend Condensate Line,Charlotte Pipe 3/4 in. x 10 ft. PVC Schedule 40 Pressure Plain-End Pipe,,6.56,10.96,Materials,0000 Uncategorized
22PGnSmDTnU5,Job 00127,14.1.2 - Extend Condensate Line,Charlotte Pipe 3/4 in. PVC Schedule 40 S x S Coupling,,0.52,0.83,Materials,0000 Uncategorized
22PGnSmDTnU5,Job 00127,14.1.2 - Extend Condensate Line,Charlotte Pipe 3/4 in. PVC Schedule. 40 90° S x S Elbow Fitting,,0.73,1.22,Materials,0000 Uncategorized
22PGnSmDTnU5,Job 00127,14.1.2 - Extend Condensate Line,Hourly Rate,1.5,55,89,Materials,0000 Uncategorized
22PGrCXD9MSU,Job 00128,Crawlspace Moisture Remediation Plan,Subcontractor,,5485,7953.249999999999,Labor,0000 Uncategorized
22PGrCXD9MSU,Job 00128,HVAC Air Handler (Seal Gaps),Nashua Tape 2.83 in. x 10 yd. ASJ (All-Service Jacketing) Insulation Duct Tape,,8.24,13.596000000000002,Materials,0000 Uncategorized
22PGrCXD9MSU,Job 00128,HVAC Air Handler (Seal Gaps),Master Flow Water Based Mastic 0.91 Gal. Tub- Air Duct Sealant,0.25,44.33,73.14450000000001,Materials,0000 Uncategorized
22PGrCXD9MSU,Job 00128,HVAC Air Handler (Seal Gaps),Hourly Rate,1,55,89,Materials,0000 Uncategorized
22PGrCXD9MSU,Job 00128,HVAC Evaluation,Hourly Rate,4,55,89,Materials,0000 Uncategorized
22PGrCXD9MSU,Job 00128,Sink Drain Repair,Oatey 1-1/4 in. White Plastic Sink Drain P- Trap,1,4.69,7.738500000000002,Materials,0000 Uncategorized
22PGrCXD9MSU,Job 00128,Sink Drain Repair,Hourly Rate,1.5,55,89,Materials,0000 Uncategorized
22PGrCXD9MSU,Job 00128,Exploratory Demo,Hourly Rate,3,55,89,Materials,0000 Uncategorized
22PGrCXD9MSU,Job 00128,Exploratory Demo,Plastic Sheeting,,53.24,99.33,Materials,0000 Uncategorized
22PGrCXD9MSU,Job 00128,Single Handle Shower Handle Repair,Subcontractor,,250,357.14285714285717,Labor,0000 Uncategorized
22PGrCXD9MSU,Job 00128,Double Tapped Breaker Repair,Subcontractor,,150,217.49999999999997,Labor,0000 Uncategorized
22PGrCXD9MSU,Job 00128,Electrical Evaluation,Subcontractor,,200,285.7142857142857,Labor,0000 Uncategorized
22PGrCXD9MSU,Job 00128,Cover Plate Replacement,1-Gang Blank Cover Plate,,0.68,1.14,Materials,0000 Uncategorized
22PGrCXD9MSU,Job 00128,Cover Plate Replacement,Hourly Rate,0.5,55,89,Materials,0000 Uncategorized
22PGrCXD9MSU,Job 00128,Shut Off Valve Installation,Subcontractor,,350,507.49999999999994,Labor,0000 Uncategorized
22PGrDRGRrLe,Job 00129,Exterior Trim Repairs,1x8x18 Vinyl Trim Plank,1,72,118.80000000000001,Materials,0000 Uncategorized
22PGrDRGRrLe,Job 00129,Exterior Trim Repairs,Lexel Clear Paintable Solvent Caulk,2,11.28,18.612000000000002,Materials,6000 Completion
22PGrDRGRrLe,Job 00129,Exterior Trim Repairs,1x6x18 Vinyl Trim Plank,1,54.9,90.58500000000001,Materials,0000 Uncategorized
22PGrDRGRrLe,Job 00129,Exterior Trim Repairs,Custom Gallon Paint/Stain,1,60,99.00000000000001,Materials,2300 Painting
22PGrDRGRrLe,Job 00129,Exterior Trim Repairs,Composite Shim,1,2.23,3.6795000000000004,Materials,0000 Uncategorized
22PGrDRGRrLe,Job 00129,Exterior Trim Repairs,1050 Quick Dry Siliconized Acrylic Latex Caulk,1,3.31,5.461500000000001,Materials,0000 Uncategorized
22PGrDRGRrLe,Job 00129,Exterior Trim Repairs,3M Bondo Interior/ Exterior Waterproof 41 oz.,0.5,31.68,52.272000000000006,Materials,0000 Uncategorized
22PGrDRGRrLe,Job 00129,Exterior Trim Repairs,Hourly Rate,18,55,89,Materials,0000 Uncategorized
22PGrDRGRrLe,Job 00129,Exterior Trim Repairs,1x8x18 Vinyl Trim Plank,1,72,118.80000000000001,Materials,0000 Uncategorized
22PGrDRGRrLe,Job 00129,Exterior Trim Repairs,Lexel Clear Paintable Solvent Caulk,2,11.28,18.612000000000002,Materials,6000 Completion
22PGrDRGRrLe,Job 00129,Exterior Trim Repairs,1x6x18 Vinyl Trim Plank,1,54.9,90.58500000000001,Materials,0000 Uncategorized
22PGrDRGRrLe,Job 00129,Exterior Trim Repairs,Custom Gallon Paint/Stain,1,60,99.00000000000001,Materials,2300 Painting
22PGrDRGRrLe,Job 00129,Exterior Trim Repairs,Composite Shim,1,2.23,3.6795000000000004,Materials,0000 Uncategorized
22PGrDRGRrLe,Job 00129,Exterior Trim Repairs,1050 Quick Dry Siliconized Acrylic Latex Caulk,1,3.31,5.461500000000001,Materials,0000 Uncategorized
22PGrDRGRrLe,Job 00129,Exterior Trim Repairs,3M Bondo Interior/ Exterior Waterproof 41 oz.,0.5,31.68,52.272000000000006,Materials,0000 Uncategorized
22PGrDRGRrLe,Job 00129,Exterior Trim Repairs,Hourly Rate,18,55,89,Materials,0000 Uncategorized
22PGrEUeX9Fk,Job 00130,8.5.1 - Garage Door Auto Reverse Repair,Hourly Rate,1,55,89,Materials,0000 Uncategorized
22PGrEUeX9Fk,Job 00130,9.5.1 - Dryer Vent Cover Repair/Replacement,Tapcon 1/4 in. x 1-1/4 in. Hex-Washer-Head Concrete Anchors (75-Pack),,21.64,36.14,Materials,0000 Uncategorized
22PGrEUeX9Fk,Job 00130,9.5.1 - Dryer Vent Cover Repair/Replacement,Lexel Clear Paintable Solvent Caulk,,11.28,18.612000000000002,Materials,6000 Completion
22PGrEUeX9Fk,Job 00130,9.5.1 - Dryer Vent Cover Repair/Replacement,Everbilt Wide Mouth Dryer Vent Hood in White,,15.89,26.54,Materials,0000 Uncategorized
22PGrEUeX9Fk,Job 00130,9.5.1 - Dryer Vent Cover Repair/Replacement,Hourly Rate,2,55,89,Materials,0000 Uncategorized
22PGrEUeX9Fk,Job 00130,11.7.1 - HVAC Filter Replacement,Hourly Rate,0.5,55,89,Materials,0000 Uncategorized
22PGrEUeX9Fk,Job 00130,11.7.1 - HVAC Filter Replacement,Honeywell 20 x 20 x 1 Allergen Plus Pleated MERV 11 - FPR 7 Air Filter (2-pack),2,19.29,32.21,Materials,0000 Uncategorized
22PGrEUeX9Fk,Job 00130,12.4.1 - Shower Door Hardware Repair,Hourly Rate,1.5,55,89,Materials,0000 Uncategorized
22PGrEUeX9Fk,Job 00130,8.5.1 - Garage Door Auto Reverse Repair,Hourly Rate,1,55,89,Materials,0000 Uncategorized
22PGrEUeX9Fk,Job 00130,9.5.1 - Dryer Vent Cover Repair/Replacement,Tapcon 1/4 in. x 1-1/4 in. Hex-Washer-Head Concrete Anchors (75-Pack),,21.64,36.14,Materials,0000 Uncategorized
22PGrEUeX9Fk,Job 00130,9.5.1 - Dryer Vent Cover Repair/Replacement,Lexel Clear Paintable Solvent Caulk,,11.28,18.612000000000002,Materials,6000 Completion
22PGrEUeX9Fk,Job 00130,9.5.1 - Dryer Vent Cover Repair/Replacement,Everbilt Wide Mouth Dryer Vent Hood in White,,15.89,26.54,Materials,0000 Uncategorized
22PGrEUeX9Fk,Job 00130,9.5.1 - Dryer Vent Cover Repair/Replacement,Hourly Rate,2,55,89,Materials,0000 Uncategorized
22PGrEUeX9Fk,Job 00130,11.7.1 - HVAC Filter Replacement,Hourly Rate,0.5,55,89,Materials,0000 Uncategorized
22PGrEUeX9Fk,Job 00130,11.7.1 - HVAC Filter Replacement,Honeywell 20 x 20 x 1 Allergen Plus Pleated MERV 11 - FPR 7 Air Filter (2-pack),2,19.29,32.21,Materials,0000 Uncategorized
22PGrEUeX9Fk,Job 00130,12.4.1 - Shower Door Hardware Repair,Hourly Rate,1.5,55,89,Materials,0000 Uncategorized
22PGv55Kwy4F,Laundry Remediation,General Framing,2x4x92-5/8 Prime Whitewood Stud,10,5.43,9.07,Materials,0000 Uncategorized
22PGv55Kwy4F,Laundry Remediation,General Framing,Framing labor,16,55,89,Labor,110 Project Management
22PGv55Kwy4F,Laundry Remediation,General Framing,"2""x6"" Joist Hanger (Double)",12,6.78,11.32,Materials,0000 Uncategorized
22PGv55Kwy4F,Laundry Remediation,General Framing,2x6x10 PT,6,10.66,17.8,Materials,0000 Uncategorized
22PGv55Kwy4F,Laundry Remediation,General Framing,"3/4"" Plywood",3,67.56,112.83,Materials,0000 Uncategorized
22PGv55Kwy4F,Laundry Remediation,Drywall Installation,Hourly Rate,18,55,89,Materials,0000 Uncategorized
22PGv55Kwy4F,Laundry Remediation,Drywall Installation,Sanding Discs,1,8.97,14.800500000000003,Materials,0000 Uncategorized
22PGv55Kwy4F,Laundry Remediation,Drywall Installation,Strait-Flex 2-3/8 in. x 100 ft. Original Composite Flexible Corner Bead,1,36.98,61.76,Materials,0000 Uncategorized
22PGv55Kwy4F,Laundry Remediation,Drywall Installation,Return trip for finishing,1,55,89,Materials,0000 Uncategorized
22PGv55Kwy4F,Laundry Remediation,Drywall Installation,Drywall Mud (4.5 Gallon),1,17.92,29.56800000000001,Materials,0000 Uncategorized
22PGv55Kwy4F,Laundry Remediation,Drywall Installation,R-13 Kraft Faced Fiberglass Insulation Batt 15 in. x 93 in.,1,75.98,126.89,Materials,0000 Uncategorized
22PGv55Kwy4F,Laundry Remediation,Drywall Installation,White Oil-Based Interior/Exterior Primer and Sealer,1,34.98,57.717000000000006,Materials,0000 Uncategorized
22PGv55Kwy4F,Laundry Remediation,Drywall Installation,Drywall Joint Tape,1,16.75,27.637500000000003,Materials,0000 Uncategorized
22PGv55Kwy4F,Laundry Remediation,Drywall Installation,"Drywall Screws 1 1/4""",1,29.98,49.467000000000006,Materials,0000 Uncategorized
22PGv55Kwy4F,Laundry Remediation,Drywall Installation,USG Sheetrock Brand 1/2 in. x 4 ft. x 12 ft. UltraLight Drywall,4,19.06,31.83,Materials,0000 Uncategorized
22PGv55Kwy4F,Laundry Remediation,Wall Paneling & Interior Trim,Hourly Rate,16,55,89,Materials,0000 Uncategorized
22PGv55Kwy4F,Laundry Remediation,Wall Paneling & Interior Trim,Liquid Nail Fuze It Glue,1,8.24,13.76,Materials,0000 Uncategorized
22PGv55Kwy4F,Laundry Remediation,Wall Paneling & Interior Trim,"2"" Brad Nails",1,3.28,12.79,Materials,0000 Uncategorized
22PGv55Kwy4F,Laundry Remediation,Wall Paneling & Interior Trim,"3/8"" x 4 x 8 Beadboard Paneling",2,24,40.08,Materials,0000 Uncategorized
22PGv55Kwy4F,Laundry Remediation,Wall Paneling & Interior Trim,356 Door & Window Casing Moulding,16,5.85,9.77,Materials,0000 Uncategorized
22PGv55Kwy4F,Laundry Remediation,Wall Paneling & Interior Trim,"4 1/4"" Speed Base Baseboard (Linear Foot)",50,2.49,4.16,Materials,0000 Uncategorized
22PGv55Kwy4F,Laundry Remediation,Interior Paint,Hourly Rate,20,55,89,Materials,0000 Uncategorized
22PGv55Kwy4F,Laundry Remediation,Interior Paint,Custom Gallon Paint/Stain,2,60,99.00000000000001,Materials,2300 Painting
22PGv55Kwy4F,Laundry Remediation,Plumbing,Plumbing,,3500,5075,Subcontractor,110 Project Management
22PGv55Kwy4F,Laundry Remediation,Demolition,Trash Bags,,29.98,50.07,Materials,0000 Uncategorized
22PGv55Kwy4F,Laundry Remediation,Demolition,Haul Away,,228,350,Materials,0000 Uncategorized
22PGv55Kwy4F,Laundry Remediation,Demolition,Dumpster Fees,,175,288.75,Materials,0000 Uncategorized
22PGv55Kwy4F,Laundry Remediation,Demolition,Hourly Rate,18,55,89,Materials,0000 Uncategorized
22PGv55Kwy4F,Laundry Remediation,Mold/Fungi Treatment,YCS Pro Cleaner,1,29,48.43,Materials,0000 Uncategorized
22PGv55Kwy4F,Laundry Remediation,Mold/Fungi Treatment,Hourly Rate,4,55,89,Materials,0000 Uncategorized
22PGv55Kwy4F,Laundry Remediation,Demolition,Trash Bags,,29.98,50.07,Materials,0000 Uncategorized
22PGv55Kwy4F,Laundry Remediation,Demolition,Haul Away,,228,350,Materials,0000 Uncategorized
22PGv55Kwy4F,Laundry Remediation,Demolition,Dumpster Fees,,175,288.75,Materials,0000 Uncategorized
22PGv55Kwy4F,Laundry Remediation,Demolition,Hourly Rate,18,55,89,Materials,0000 Uncategorized
22PGv55Kwy4F,Laundry Remediation,Mold/Fungi Treatment,YCS Pro Cleaner,1,29,48.43,Materials,0000 Uncategorized
22PGv55Kwy4F,Laundry Remediation,Mold/Fungi Treatment,Hourly Rate,4,55,89,Materials,0000 Uncategorized
22PGv55Kwy4F,Laundry Remediation,General Framing,Framing labor,16,55,89,Labor,110 Project Management
22PGv55Kwy4F,Laundry Remediation,General Framing,2x6x10 PT,6,10.66,17.8,Materials,0000 Uncategorized
22PGv55Kwy4F,Laundry Remediation,General Framing,2x4x92-5/8 Prime Whitewood Stud,10,5.43,9.07,Materials,0000 Uncategorized
22PGv55Kwy4F,Laundry Remediation,General Framing,"2""x6"" Joist Hanger (Double)",12,6.78,11.32,Materials,0000 Uncategorized
22PGv55Kwy4F,Laundry Remediation,General Framing,"3/4"" Plywood",3,67.56,112.83,Materials,0000 Uncategorized
22PGvDhAfBdG,Job 00134,Exterior Trim and Siding,Hourly Rate,8,55,89,Materials,0000 Uncategorized
22PGvDhAfBdG,Job 00134,Exterior Trim and Siding,1x6x8 Miratec,1,20.66,34.089000000000006,Materials,0000 Uncategorized
22PGvDhAfBdG,Job 00134,Exterior Trim and Siding,1050 Quick Dry Siliconized Acrylic Latex Caulk,3,3.31,5.461500000000001,Materials,0000 Uncategorized
22PGvDhAfBdG,Job 00134,Exterior Trim and Siding,Miratec 1 in x 4 in x 8 ft,1,13.92,22.968000000000004,Materials,0000 Uncategorized
22PGvDhAfBdG,Job 00134,Exterior Trim and Siding,Deckmate 3 inch wood screw,1,12.98,21.417000000000005,Materials,410 Framing
22PGvDhAfBdG,Job 00134,Exterior Trim and Siding,Custom Gallon Paint/Stain,1,60,99.00000000000001,Materials,2300 Painting
22PGvDhAfBdG,Job 00134,Exterior Trim and Siding,Lexel Clear Paintable Solvent Caulk,3,11.28,18.612000000000002,Materials,6000 Completion
22PGvDhAfBdG,Job 00134,Screen Door Repair,Hourly Rate,1,55,89,Materials,0000 Uncategorized
22PGvDhAfBdG,Job 00134,Screen Door Repair,Screen Door Hardware Kit - Black,1,25,41.25000000000001,Materials,0000 Uncategorized
22PGvDhAfBdG,Job 00134,Exterior GFCI Outlet Repair,"20 Amp 125-Volt Duplex SmarTest Self-Test SmartlockPro Tamper Resistant GFCI Outlet, White",1,23.6,38.94000000000001,Materials,0000 Uncategorized
22PGvDhAfBdG,Job 00134,Exterior GFCI Outlet Repair,1-Gang Weatherproof Cover,1,8.62,14.223,Materials,0000 Uncategorized
22PGvDhAfBdG,Job 00134,Exterior GFCI Outlet Repair,Hourly Rate,1,55,89,Materials,0000 Uncategorized
22PGvDhAfBdG,Job 00134,HVAC Evaluation,Hourly Rate,4,55,89,Materials,0000 Uncategorized
22PGvDhAfBdG,Job 00134,Window Ballast Replacement,Special Order Materials,0,200,285.7142857142857,Materials,0000 Uncategorized
22PGvDhAfBdG,Job 00134,Window Ballast Replacement,Hourly Rate,2,55,89,Materials,0000 Uncategorized
22PGvDhAfBdG,Job 00134,Double Pane Window Replacement,Return trip for finishing,1,55,89,Materials,0000 Uncategorized
22PGvDhAfBdG,Job 00134,Double Pane Window Replacement,Double Pane Window,1,300,495.00000000000006,Materials,0000 Uncategorized
22PGvDhAfBdG,Job 00134,Double Pane Window Replacement,Hourly Rate,2,55,89,Materials,0000 Uncategorized
22PGvDhAfBdG,Job 00134,Replace Toilets,KOHLER Highline Arc The Complete Solution 2-piece 1.28 GPF Single Flush Elongated Toilet in White (Slow-Close Seat Included),3,280,462.00000000000006,Materials,0000 Uncategorized
22PGvDhAfBdG,Job 00134,Replace Toilets,Subcontractor,3,350,507.49999999999994,Labor,0000 Uncategorized
22PGvDhAfBdG,Job 00134,Window Ballast Replacement,Special Order Materials,,200,285.7142857142857,Materials,0000 Uncategorized
22PGvDhAfBdG,Job 00134,Window Ballast Replacement,Hourly Rate,6,55,89,Materials,0000 Uncategorized
22PGvDhAfBdG,Job 00134,Replace Toilets,KOHLER Highline Arc The Complete Solution 2-piece 1.28 GPF Single Flush Elongated Toilet in White (Slow-Close Seat Included),3,280,462.00000000000006,Materials,0000 Uncategorized
22PGvDhAfBdG,Job 00134,Replace Toilets,Subcontractor,3,350,507.49999999999994,Labor,0000 Uncategorized
22PGvDhAfBdG,Job 00134,Screen Door Repair,Hourly Rate,1,55,89,Materials,0000 Uncategorized
22PGvDhAfBdG,Job 00134,Screen Door Repair,Screen Door Hardware Kit - Black,1,25,41.25000000000001,Materials,0000 Uncategorized
22PGy8SW2nK2,Job 00135 - Deck Repairs,Exterior Paint,Paint Match Fee,,95,156.75,Materials,0000 Uncategorized
22PGy8SW2nK2,Job 00135 - Deck Repairs,Exterior Paint,Exterior Paint Labor,10,55,89,Labor,0000 Uncategorized
22PGy8SW2nK2,Job 00135 - Deck Repairs,Exterior Paint,Behr - Exterior Paint,3,55,90.75000000000001,Materials,0000 Uncategorized
22PGy8SW2nK2,Job 00135 - Deck Repairs,Deck Rebuild,Hourly Rate,50,55,89,Labor,210 In-House Labor
22PGy8SW2nK2,Job 00135 - Deck Repairs,Deck Rebuild,"4"" x 12""x12' Smooth Fir",9,192.35,317.37750000000005,Labor,0000 Uncategorized
22PGy8SW2nK2,Job 00135 - Deck Repairs,Deck Rebuild,Joist Tape,3,48.11,79.38150000000002,Materials,0000 Uncategorized
22PGy8SW2nK2,Job 00135 - Deck Repairs,Deck Rebuild,Trex Hideaway Universal Hidden Fastener Combo,3,45.21,74.5965,Materials,0000 Uncategorized
22PGy8SW2nK2,Job 00135 - Deck Repairs,Demo and Debris,Demo,25,55,89,Labor,310 Demolition
22PGy8SW2nK2,Job 00135 - Deck Repairs,Demo and Debris,Haul Away,,228,350,Materials,0000 Uncategorized
22PGy8SW2nK2,Job 00135 - Deck Repairs,Demo and Debris,Demo,25,55,89,Labor,310 Demolition
22PGy8SW2nK2,Job 00135 - Deck Repairs,Demo and Debris,Haul Away,,228,350,Materials,0000 Uncategorized
22PGy8SW2nK2,Job 00135 - Deck Repairs,Deck Rebuild,Hourly Rate,50,55,89,Labor,210 In-House Labor
22PGy8SW2nK2,Job 00135 - Deck Repairs,Deck Rebuild,"4"" x 12""x12' Smooth Cedar",9,473.47,781.2255000000001,Labor,0000 Uncategorized
22PGy8SW2nK2,Job 00135 - Deck Repairs,Deck Rebuild,Joist Tape,3,48.11,79.38150000000002,Materials,0000 Uncategorized
22PGy8SW2nK2,Job 00135 - Deck Repairs,Deck Rebuild,Trex Hideaway Universal Hidden Fastener Combo,3,45.21,74.5965,Materials,0000 Uncategorized
22PGy8SW2nK2,Job 00135 - Deck Repairs,Exterior Paint,Paint Match Fee,,95,156.75,Materials,0000 Uncategorized
22PGy8SW2nK2,Job 00135 - Deck Repairs,Exterior Paint,Exterior Paint Labor,10,55,89,Labor,0000 Uncategorized
22PGy8SW2nK2,Job 00135 - Deck Repairs,Exterior Paint,Behr - Exterior Paint,3,55,90.75000000000001,Materials,0000 Uncategorized
22PGy8SW2nK2,Job 00135 - Deck Repairs,Demo and Debris,Demo,25,55,89,Labor,310 Demolition
22PGy8SW2nK2,Job 00135 - Deck Repairs,Demo and Debris,Haul Away,,228,350,Materials,0000 Uncategorized
22PGy8SW2nK2,Job 00135 - Deck Repairs,Deck Rebuild,Hourly Rate,50,55,89,Labor,210 In-House Labor
22PGy8SW2nK2,Job 00135 - Deck Repairs,Deck Rebuild,"4"" x 12""x12' Smooth Cedar",9,192.35,317.37750000000005,Labor,0000 Uncategorized
22PGy8SW2nK2,Job 00135 - Deck Repairs,Deck Rebuild,Joist Tape,3,48.11,79.38150000000002,Materials,0000 Uncategorized
22PGy8SW2nK2,Job 00135 - Deck Repairs,Deck Rebuild,Trex Hideaway Universal Hidden Fastener Combo,3,45.21,74.5965,Materials,0000 Uncategorized
22PGy8SW2nK2,Job 00135 - Deck Repairs,Exterior Paint,Paint Match Fee,,95,156.75,Materials,0000 Uncategorized
22PGy8SW2nK2,Job 00135 - Deck Repairs,Exterior Paint,Exterior Paint Labor,10,55,89,Labor,0000 Uncategorized
22PGy8SW2nK2,Job 00135 - Deck Repairs,Exterior Paint,Behr - Exterior Paint,3,55,90.75000000000001,Materials,0000 Uncategorized
22PH2YB7SXXs,Job 00137,Pressure Regulator Adjustment,Hourly Rate,1,55,89,Materials,0000 Uncategorized
22PH2YB7SXXs,Job 00137,Support Expansion Tank,Miscellaneous,1,20,33.00000000000001,Materials,0000 Uncategorized
22PH2YB7SXXs,Job 00137,Support Expansion Tank,Hourly Rate,0.5,55,89,Materials,0000 Uncategorized
22PH2YB7SXXs,Job 00137,Loose Faucet Handle Repair,Hourly Rate,1,55,89,Materials,0000 Uncategorized
22PH2YB7SXXs,Job 00137,Pressure Regulator Adjustment,Hourly Rate,1,55,89,Materials,0000 Uncategorized
22PH2YB7SXXs,Job 00137,Support Expansion Tank,Miscellaneous,1,20,33.00000000000001,Materials,0000 Uncategorized
22PH2YB7SXXs,Job 00137,Support Expansion Tank,Hourly Rate,0.5,55,89,Materials,0000 Uncategorized
22PH2YB7SXXs,Job 00137,Loose Faucet Handle Repair,Hourly Rate,,55,89,Materials,0000 Uncategorized
22PH2YB7SXXs,Job 00137,Ceiling Fan Replacement,Hourly Rate,3,55,89,Materials,0000 Uncategorized
22PH2YB7SXXs,Job 00137,Pressure Regulator Adjustment,Hourly Rate,1,55,89,Materials,0000 Uncategorized
22PH2YB7SXXs,Job 00137,Support Expansion Tank,Miscellaneous,1,20,33.00000000000001,Materials,0000 Uncategorized
22PH2YB7SXXs,Job 00137,Support Expansion Tank,Hourly Rate,0.5,55,89,Materials,0000 Uncategorized
22PH2YB7SXXs,Job 00137,Loose Faucet Handle Repair,Hourly Rate,1,55,89,Materials,0000 Uncategorized
22PH3JUaD94Q,Job 00138,Siding Replacement,Custom Order Product,,6000,9900.000000000002,Materials,0000 Uncategorized
22PH3JUaD94Q,Job 00138,Siding Replacement,Subcontractor,,17300,23874,Labor,0000 Uncategorized
22PH3JUaD94Q,Job 00138,Siding Replacement,Dumpster Fees,4,175,288.75,Materials,0000 Uncategorized
22PH3JUaD94Q,Job 00138,Siding Replacement,Subcontractor,,4000,5520,Labor,0000 Uncategorized
22PH3JUaD94Q,Job 00138,Window Replacement,Subcontractor,,1000,1379.9999999999998,Labor,0000 Uncategorized
22PH3JUaD94Q,Job 00138,Window Replacement,Custom Order Windows,15,325,536.2500000000001,Materials,0000 Uncategorized
22PH3JUaD94Q,Job 00138,Window Replacement,"Typar Butyl Flashing Tape - 4"" W x 75' L",8,25.75,42.487500000000004,Materials,0000 Uncategorized
22PH3JUaD94Q,Job 00138,Window Replacement,Hourly Rate,100,55,89,Materials,0000 Uncategorized
22PH3JUaD94Q,Job 00138,Window Replacement,Miscellaneous,,1000,1650.0000000000002,Materials,0000 Uncategorized
22PH3JUaD94Q,Job 00138,Window Replacement,2x4x10 Dimensional Lumber,6,5.62,9.273000000000001,Materials,410 Framing
22PH3JUaD94Q,Job 00138,Exterior Hardie Siding Paint,Subcontractor,,11535,15918.3,Labor,0000 Uncategorized
22PH3JUaD94Q,Job 00138,Gutter Replacement,Subcontractor,,4725,6520.499999999999,Labor,0000 Uncategorized
22PH3JUaD94Q,Job 00138,Siding Replacement,Dumpster Fees,4,175,288.75,Materials,0000 Uncategorized
22PH3JUaD94Q,Job 00138,Siding Replacement,Custom Order Product,,6000,9900.000000000002,Materials,0000 Uncategorized
22PH3JUaD94Q,Job 00138,Siding Replacement,Subcontractor,,17300,23874,Labor,0000 Uncategorized
22PH3JUaD94Q,Job 00138,Siding Replacement,Subcontractor,,4000,5520,Labor,0000 Uncategorized
22PH3JUaD94Q,Job 00138,Window Replacement,Miscellaneous,,1000,1650.0000000000002,Materials,0000 Uncategorized
22PH3JUaD94Q,Job 00138,Window Replacement,2x4x10 Dimensional Lumber,6,5.62,9.273000000000001,Materials,410 Framing
22PH3JUaD94Q,Job 00138,Window Replacement,Subcontractor,,1000,1379.9999999999998,Labor,0000 Uncategorized
22PH3JUaD94Q,Job 00138,Window Replacement,Hourly Rate,100,55,89,Materials,0000 Uncategorized
22PH3JUaD94Q,Job 00138,Window Replacement,Custom Order Windows,15,325,536.2500000000001,Materials,0000 Uncategorized
22PH3JUaD94Q,Job 00138,Window Replacement,"Typar Butyl Flashing Tape - 4"" W x 75' L",8,25.75,42.487500000000004,Materials,0000 Uncategorized
22PH3JUaD94Q,Job 00138,Exterior Hardie Siding Paint,Subcontractor,,11535,15918.3,Labor,0000 Uncategorized
22PH3JUaD94Q,Job 00138,Gutter Replacement,Subcontractor,,4725,6520.499999999999,Labor,0000 Uncategorized
22PH3bTRMtJR,Job 00139,Kickout Flashing Install,Lexel Clear Paintable Solvent Caulk,,11.28,18.612000000000002,Materials,6000 Completion
22PH3bTRMtJR,Job 00139,Kickout Flashing Install,Grip-Rite#11 x 1-1/4 in. Electro-Galvanized Steel Roofing Nails (1 lb.-Pack),,4.98,8.32,Materials,0000 Uncategorized
22PH3bTRMtJR,Job 00139,Kickout Flashing Install,Black Kickout Flashing,,12.01,20.06,Materials,0000 Uncategorized
22PH3bTRMtJR,Job 00139,Kickout Flashing Install,Hourly Rate,3,55,89,Materials,0000 Uncategorized
22PH3bTRMtJR,Job 00139,Kickout Flashing Install,Lexel Clear Paintable Solvent Caulk,,11.28,18.612000000000002,Materials,6000 Completion
22PH3bTRMtJR,Job 00139,Kickout Flashing Install,Grip-Rite#11 x 1-1/4 in. Electro-Galvanized Steel Roofing Nails (1 lb.-Pack),,4.98,8.32,Materials,0000 Uncategorized
22PH3bTRMtJR,Job 00139,Kickout Flashing Install,Black Kickout Flashing,,12.01,20.06,Materials,0000 Uncategorized
22PH3bTRMtJR,Job 00139,Kickout Flashing Install,Hourly Rate,3,55,89,Materials,0000 Uncategorized
22PH3bTRMtJR,Job 00139,Kickout Flashing Install,Lexel Clear Paintable Solvent Caulk,,11.28,,Materials,6000 Completion
22PH3bTRMtJR,Job 00139,Kickout Flashing Install,Grip-Rite#11 x 1-1/4 in. Electro-Galvanized Steel Roofing Nails (1 lb.-Pack),,4.98,,Materials,0000 Uncategorized
22PH3bTRMtJR,Job 00139,Kickout Flashing Install,Black Kickout Flashing,,12.01,,Materials,0000 Uncategorized
22PH3bTRMtJR,Job 00139,Kickout Flashing Install,Hourly Rate,3,55,,Materials,0000 Uncategorized
22PHCZVdviNJ,Job 00140,Crawlspace Cleanout,Subcontractor,,325,448.5,Labor,0000 Uncategorized
22PHCZVdviNJ,Job 00140,Vapor Barrier Install,Subcontractor,,3520,4857.6,Labor,0000 Uncategorized
22PHCZVdviNJ,Job 00140,Seal Foundation Vents,Subcontractor,,418,576.84,Labor,0000 Uncategorized
22PHCZVdviNJ,Job 00140,Dehumidifier Package,Subcontractor,,2595,3581.1,Labor,0000 Uncategorized
22PHCZVdviNJ,Job 00140,Foundation Drain System,Subcontractor,,5236,7225.68,Labor,0000 Uncategorized
22PHCZVdviNJ,Job 00140,Sump Pump Install,Subcontractor,3,870,1200.6,Labor,0000 Uncategorized
22PHCZVdviNJ,Job 00140,Crawlspace Fungal Treatment,Subcontractor,,1600,2208,Labor,0000 Uncategorized
22PHCZVdviNJ,Job 00140,Crawlspace Electrical,Subcontractor,,950,1311,Labor,0000 Uncategorized
22PHCZVdviNJ,Job 00140,Crawlspace Structural Repairs,Subcontractor,,1650,2392.5,Labor,0000 Uncategorized
22PHCZVdviNJ,Job 00140,Garage Door Trim Repairs,Hourly Rate,3,55,89,Materials,0000 Uncategorized
22PHCZVdviNJ,Job 00140,Garage Door Trim Repairs,White Aluminum Trim Nails,1,8.47,13.975500000000004,Materials,0000 Uncategorized
22PHCZVdviNJ,Job 00140,Garage Door Trim Repairs,Lexel Clear Paintable Solvent Caulk,4,11.28,18.612000000000002,Materials,6000 Completion
22PHGZH2feUc,00142 - 520 Churchill Cir CR,Roof Sheathing Repair,Subcontractor,,900,1305,Labor,0000 Uncategorized
22PHGZH2feUc,00142 - 520 Churchill Cir CR,GFCI Outlet Installation,1-Gang GFCI/Rocker Switch Cover Plate,3,0.78,1.42,Materials,0000 Uncategorized
22PHGZH2feUc,00142 - 520 Churchill Cir CR,GFCI Outlet Installation,15 Amp GFCI Outlet,3,22.36,37.34,Materials,0000 Uncategorized
22PHGZH2feUc,00142 - 520 Churchill Cir CR,GFCI Outlet Installation,Hourly Rate,4,55,89,Materials,0000 Uncategorized
22PHGZH2feUc,00142 - 520 Churchill Cir CR,Roof Sheathing Repair,Subcontractor,,900,1305,Labor,0000 Uncategorized
22PHGZH2feUc,00142 - 520 Churchill Cir CR,GFCI Outlet Installation,1-Gang GFCI/Rocker Switch Cover Plate,3,0.78,1.42,Materials,0000 Uncategorized
22PHGZH2feUc,00142 - 520 Churchill Cir CR,GFCI Outlet Installation,15 Amp GFCI Outlet,3,22.36,37.34,Materials,0000 Uncategorized
22PHGZH2feUc,00142 - 520 Churchill Cir CR,GFCI Outlet Installation,Hourly Rate,4,55,89,Materials,0000 Uncategorized
22PHGZH2feUc,00142 - 520 Churchill Cir CR,Roof Sheathing Repair,Subcontractor,,900,1305,Labor,0000 Uncategorized
22PHGZH2feUc,00142 - 520 Churchill Cir CR,GFCI Outlet Installation,1-Gang GFCI/Rocker Switch Cover Plate,3,0.78,1.42,Materials,0000 Uncategorized
22PHGZH2feUc,00142 - 520 Churchill Cir CR,GFCI Outlet Installation,15 Amp GFCI Outlet,3,22.36,37.34,Materials,0000 Uncategorized
22PHGZH2feUc,00142 - 520 Churchill Cir CR,GFCI Outlet Installation,Hourly Rate,4,55,89,Materials,0000 Uncategorized
22PHGZH2feUc,00142 - 520 Churchill Cir CR,Miscellaneous Door Adjustments,Hourly Rate,1,55,89,Materials,0000 Uncategorized
22PHGZH2feUc,00142 - 520 Churchill Cir CR,Roof Sheathing Repair,Subcontractor,,900,1305,Labor,0000 Uncategorized
22PHGZH2feUc,00142 - 520 Churchill Cir CR,GFCI Outlet Installation,1-Gang GFCI/Rocker Switch Cover Plate,3,0.78,1.42,Materials,0000 Uncategorized
22PHGZH2feUc,00142 - 520 Churchill Cir CR,GFCI Outlet Installation,15 Amp GFCI Outlet,3,22.36,37.34,Materials,0000 Uncategorized
22PHGZH2feUc,00142 - 520 Churchill Cir CR,GFCI Outlet Installation,Hourly Rate,4,55,89,Materials,0000 Uncategorized
22PHGZH2feUc,00142 - 520 Churchill Cir CR,Miscellaneous Door Adjustments,Hourly Rate,1,55,89,Materials,0000 Uncategorized
22PHJvyu7ymv,Job 00143,Window Screen Replacement,Phifer 0.140 in. x 100 ft. Black Spline,,9.52,17.61,Materials,0000 Uncategorized
22PHJvyu7ymv,Job 00143,Window Screen Replacement,Phifer 48 in. x 25 ft. BetterVue Screen,2,28.98,48.4,Materials,0000 Uncategorized
22PHJvyu7ymv,Job 00143,Window Screen Replacement,Hourly Rate,6,55,89,Materials,0000 Uncategorized
22PHJvyu7ymv,Job 00143,French Door Adjustment,Hinge Screw #9 3 in. Oil-Rubbed Bronze Phillips Flat-Head Long Hinge Screw with Oversize Threads to Tighten Interior Doors (18-Pack),,16.22,30.01,Materials,0000 Uncategorized
22PHJvyu7ymv,Job 00143,French Door Adjustment,Hourly Rate,1,55,89,Materials,0000 Uncategorized
22PHJvyu7ymv,Job 00143,Caulk Countertop/Backsplash Gaps,Sanded Ceramic Tile Grout Caulk,,8.03,13.249500000000001,Materials,0000 Uncategorized
22PHJvyu7ymv,Job 00143,Caulk Countertop/Backsplash Gaps,Hourly Rate,3,55,89,Materials,0000 Uncategorized
22PHJvyu7ymv,Job 00143,Plumbing Repairs,Subcontractor,,800,1160,Labor,0000 Uncategorized
22PHJvyu7ymv,Job 00143,Masonry Repairs,Subcontractor,,1200,1739.9999999999998,Labor,0000 Uncategorized
22PHJvyu7ymv,Job 00143,Gutter Repairs,"5"" Gutter Seam Connector",,8.34,13.93,Materials,0000 Uncategorized
22PHJvyu7ymv,Job 00143,Gutter Repairs,Dap Butyl-Flex 10.1 oz. White Gutter and Flashing Sealant,,9.98,18.46,Materials,0000 Uncategorized
22PHJvyu7ymv,Job 00143,Gutter Repairs,Hourly Rate,3,55,89,Materials,0000 Uncategorized
22PHJvyu7ymv,Job 00143,Dryer Vent Cleaning,Hourly Rate,1,55,89,Materials,0000 Uncategorized
22PHJvyu7ymv,Job 00143,AC Unit Erosion Control,Miscellaneous,,200,330.00000000000006,Materials,0000 Uncategorized
22PHJvyu7ymv,Job 00143,AC Unit Erosion Control,Hourly Rate,4,55,89,Materials,0000 Uncategorized
22PHJvyu7ymv,Job 00143,Seal Foundation Crack (Left Side),SAKRETE 10.3 fl. oz. Mortar Repair Sealant,,6.18,10.32,Materials,0000 Uncategorized
22PHJvyu7ymv,Job 00143,Seal Foundation Crack (Left Side),Hourly Rate,1,55,89,Materials,0000 Uncategorized
22PHJvyu7ymv,Job 00143,Window Screen Replacement,Phifer 0.140 in. x 100 ft. Black Spline,,9.52,17.61,Materials,0000 Uncategorized
22PHJvyu7ymv,Job 00143,Window Screen Replacement,Phifer 48 in. x 25 ft. BetterVue Screen,2,28.98,48.4,Materials,0000 Uncategorized
22PHJvyu7ymv,Job 00143,Window Screen Replacement,Hourly Rate,6,55,89,Materials,0000 Uncategorized
22PHJxNEhi6G,Job 00145,3.1.2 - Flashing/Trim Repair,Hourly Rate,8,55,89,Materials,0000 Uncategorized
22PHJxNEhi6G,Job 00145,3.1.2 - Flashing/Trim Repair,Miscellaneous,,150,247.50000000000003,Materials,0000 Uncategorized
22PHJxNEhi6G,Job 00145,3.3.1 - Door Pin Lock Repair - Removed,Hourly Rate,0,55,89,Materials,0000 Uncategorized
22PHJxNEhi6G,Job 00145,3.3.1 - Door Pin Lock Repair - Removed,Miscellaneous,0,50,82.50000000000001,Materials,0000 Uncategorized
22PHJxNEhi6G,Job 00145,"3.6.1, 3.10.1, 5.2.1 -  Exterior Wood Rot Repairs",Royal Mouldings 10 ft. x 1-63/64 in. x 1-15/64 in. Vinyl Brick Molding,8,21.14,34.88100000000001,Materials,1500 Doors & Windows
22PHJxNEhi6G,Job 00145,"3.6.1, 3.10.1, 5.2.1 -  Exterior Wood Rot Repairs",1-1/4 in. x 5-1/4 in. x 84 in. Vinyl Sill Moulding,4,40.96,68.4,Materials,0000 Uncategorized
22PHJxNEhi6G,Job 00145,"3.6.1, 3.10.1, 5.2.1 -  Exterior Wood Rot Repairs",2x4x8 PT,4,6.19,10.34,Materials,0000 Uncategorized
22PHJxNEhi6G,Job 00145,"3.6.1, 3.10.1, 5.2.1 -  Exterior Wood Rot Repairs",1-3/8 in. x 1-5/16 in. x 84 in. Vinyl Composite Sill Moulding Nosing,4,18.96,31.66,Materials,0000 Uncategorized
22PHJxNEhi6G,Job 00145,"3.6.1, 3.10.1, 5.2.1 -  Exterior Wood Rot Repairs",Composite Shim,,2.23,3.6795000000000004,Materials,0000 Uncategorized
22PHJxNEhi6G,Job 00145,"3.6.1, 3.10.1, 5.2.1 -  Exterior Wood Rot Repairs",1050 Quick Dry Siliconized Acrylic Latex Caulk,,3.31,5.461500000000001,Materials,0000 Uncategorized
22PHJxNEhi6G,Job 00145,"3.6.1, 3.10.1, 5.2.1 -  Exterior Wood Rot Repairs",3M Bondo Interior/ Exterior Waterproof 41 oz.,,31.68,52.272000000000006,Materials,0000 Uncategorized
22PHJxNEhi6G,Job 00145,"3.6.1, 3.10.1, 5.2.1 -  Exterior Wood Rot Repairs",Hourly Rate,36,55,89,Materials,0000 Uncategorized
22PHJxNEhi6G,Job 00145,"3.6.1, 3.10.1, 5.2.1 -  Exterior Wood Rot Repairs",Custom Gallon Paint/Stain,2,60,99.00000000000001,Materials,2300 Painting
22PHJxNEhi6G,Job 00145,"3.6.1, 3.10.1, 5.2.1 -  Exterior Wood Rot Repairs",1x8x18 Vinyl Trim Plank,,72,118.80000000000001,Materials,0000 Uncategorized
22PHJxNEhi6G,Job 00145,"6.1.2, 6.3.1, 6.3.2  - Roof Repairs",Grip-Rite#11 x 1-1/4 in. Electro-Galvanized Steel Roofing Nails (1 lb.-Pack),,4.98,8.32,Materials,0000 Uncategorized
22PHJxNEhi6G,Job 00145,"6.1.2, 6.3.1, 6.3.2  - Roof Repairs",Henry 208R Rubberized Wet Patch 10.1 oz Roof Cement Leak Repair,,7.24,12.09,Materials,0000 Uncategorized
22PHJxNEhi6G,Job 00145,"6.1.2, 6.3.1, 6.3.2  - Roof Repairs",Hourly Rate,6,55,89,Materials,0000 Uncategorized
22PHJxNEhi6G,Job 00145,"6.1.2, 6.3.1, 6.3.2  - Roof Repairs",Shingle,10,1.68,2.8,Materials,0000 Uncategorized
22PHJxNEhi6G,Job 00145,6.2.1 - Clean Debris From Gutters,Hourly Rate,2,55,89,Materials,0000 Uncategorized
22PHJxNEhi6G,Job 00145,"7.5.1, 7.5.2 - Exterior Spigot Repair","1/2"" Exterior Spigot",0,12.36,20.64,Materials,0000 Uncategorized
22PHJxNEhi6G,Job 00145,"7.5.1, 7.5.2 - Exterior Spigot Repair","1/2""x 5' Pex Pipe",0,2.7,4.51,Materials,0000 Uncategorized
22PHJxNEhi6G,Job 00145,"7.5.1, 7.5.2 - Exterior Spigot Repair","1/2"" Push to connect coupling",0,8.1,13.53,Materials,0000 Uncategorized
22PHJxNEhi6G,Job 00145,"7.5.1, 7.5.2 - Exterior Spigot Repair",Hourly Rate,1,550,890.0000000000001,Materials,0000 Uncategorized
22PHJxNEhi6G,Job 00145,7.6.1 - Dryer Vent Repair,Nashua Tape1.89 in. x 30 yd. Dryer Vent Installation Duct Tape,,6.38,10.66,Materials,0000 Uncategorized
22PHJxNEhi6G,Job 00145,7.6.1 - Dryer Vent Repair,Hourly Rate,2.5,55,89,Materials,0000 Uncategorized
22PHJxNEhi6G,Job 00145,7.7.1 - Gas Line Repair,Hourly Rate,2,55,89,Materials,0000 Uncategorized
22PHJxNEhi6G,Job 00145,9.1.1 - Water Heater Evaluation,Hourly Rate,2.81,55,89,Materials,0000 Uncategorized
22PHJxNEhi6G,Job 00145,10.5.1 - Mold/Fungi Treatment,YCS Pro Cleaner,0.25,29,48.43,Materials,0000 Uncategorized
22PHJxNEhi6G,Job 00145,10.5.1 - Mold/Fungi Treatment,Hourly Rate,1,55,89,Materials,0000 Uncategorized
22PHKJegqZ2s,Job 00146,Vinyl Siding Repair,Mendyl Vinyl and Stucco Siding Repair Kit,,13.78,26.75,Materials,0000 Uncategorized
22PHKJegqZ2s,Job 00146,Vinyl Siding Repair,Hourly Rate,6,55,89,Materials,0000 Uncategorized
22PHKJegqZ2s,Job 00146,Aluminum Fascia and Soffit work,Hourly Rate,,55,89,Materials,0000 Uncategorized
22PHKJegqZ2s,Job 00146,Exhaust Vent Repairs,"4"" Heavy Duty Sidewall Vent (White)",,41.37,69.09,Materials,0000 Uncategorized
22PHKJegqZ2s,Job 00146,Exhaust Vent Repairs,Lexel Clear Paintable Solvent Caulk,,11.28,18.612000000000002,Materials,6000 Completion
22PHKJegqZ2s,Job 00146,Exhaust Vent Repairs,Hourly Rate,3,55,89,Materials,0000 Uncategorized
22PHKJegqZ2s,Job 00146,Dryer Vent Cleaning,Hourly Rate,1,55,89,Materials,0000 Uncategorized
22PHKJegqZ2s,Job 00146,Exterior Spigot Repair,KEZE 233 Pcs Plumbing and Faucet Washers Assortment Kit for Assorted Spigot,,21.89,40.5,Materials,0000 Uncategorized
22PHKJegqZ2s,Job 00146,Exterior Spigot Repair,"1/2"" Exterior Spigot",,12.36,20.64,Materials,0000 Uncategorized
22PHKJegqZ2s,Job 00146,Exterior Spigot Repair,"1/2""x 5' Pex Pipe",,2.7,4.51,Materials,0000 Uncategorized
22PHKJegqZ2s,Job 00146,Exterior Spigot Repair,"1/2"" Push to connect coupling",,8.1,13.53,Materials,0000 Uncategorized
22PHKJegqZ2s,Job 00146,Exterior Spigot Repair,Hourly Rate,3,55,89,Materials,0000 Uncategorized
22PHKJegqZ2s,Job 00146,HVAC Evaluation,Hourly Rate,4,55,89,Materials,0000 Uncategorized
22PHKJegqZ2s,Job 00146,Minor Toilet Repairs,Toilet Fill Valve,,10.12,16.9,Materials,0000 Uncategorized
22PHKJegqZ2s,Job 00146,Minor Toilet Repairs,Hourly Rate,1.5,55,89,Materials,0000 Uncategorized
22PHKJegqZ2s,Job 00146,Vinyl Siding Repair,Mendyl Vinyl and Stucco Siding Repair Kit,,13.78,26.75,Materials,0000 Uncategorized
22PHKJegqZ2s,Job 00146,Vinyl Siding Repair,Hourly Rate,6,55,89,Materials,0000 Uncategorized
22PHKJegqZ2s,Job 00146,Aluminum Fascia and Soffit work,Hourly Rate,,55,89,Materials,0000 Uncategorized
22PHKJegqZ2s,Job 00146,Exhaust Vent Repairs,"4"" Heavy Duty Sidewall Vent (White)",,41.37,69.09,Materials,0000 Uncategorized
22PHKJegqZ2s,Job 00146,Exhaust Vent Repairs,Lexel Clear Paintable Solvent Caulk,,11.28,18.612000000000002,Materials,6000 Completion
22PHKJegqZ2s,Job 00146,Exhaust Vent Repairs,Hourly Rate,3,55,89,Materials,0000 Uncategorized
22PHKqkdFNDL,Job 00147,Uninstall and Reinstall,Hourly Rate,4,55,89,Materials,0000 Uncategorized
22PHKqkdFNDL,Job 00147,Uninstall and Reinstall,Hourly Rate,4,55,89,Materials,0000 Uncategorized
22PHKqkdFNDL,Job 00147,Reinstall,Hourly Rate,2,55,,Materials,0000 Uncategorized
22PHKqkdFNDL,Job 00147,Uninstall and Reinstall,Hourly Rate,4,54.99999999999999,89,Materials,0000 Uncategorized
22PHKtXkcSpp,Job 00148,Dryer Vent Repair,Miscellaneous,,50,82.50000000000001,Materials,0000 Uncategorized
22PHKtXkcSpp,Job 00148,Dryer Vent Repair,Hourly Rate,5,55,89,Materials,0000 Uncategorized
22PHKtXkcSpp,Job 00148,Dryer Vent Repair,Miscellaneous,,50,82.50000000000001,Materials,0000 Uncategorized
22PHKtXkcSpp,Job 00148,Dryer Vent Repair,Hourly Rate,5,55,89,Materials,0000 Uncategorized
22PHKtXkcSpp,Job 00148,Dryer Vent Repair,Miscellaneous,,50,,Materials,0000 Uncategorized
22PHKtXkcSpp,Job 00148,Dryer Vent Repair,Hourly Rate,5,55,,Materials,0000 Uncategorized
22PHKxvaaUZN,Job 00149,Cabinet Refinishing (Kitchen),Subcontractor,,3317,4809.65,Labor,0000 Uncategorized
22PHKxvaaUZN,Job 00149,Cabinet Refinishing (Primary Bath),Subcontractor,,1280,1855.9999999999998,Labor,0000 Uncategorized
22PHKxvaaUZN,Job 00149,Interior Painting (Primary Bathroom),Subcontractor,,560,812,Labor,0000 Uncategorized
22PHKxvaaUZN,Job 00149,Countertop Replacement (Kitchen & Powder Room),Countertop Selection (Kitchen & Powder Room),1,5617.66,8145.606999999999,Labor,0000 Uncategorized
22PHKxvaaUZN,Job 00149,Kitchen/Powder Room Plumbing,Subcontractor,1,1000,1450,Labor,0000 Uncategorized
22PHKxvaaUZN,Job 00149,Kitchen/Powder Room Plumbing,Plumbing Fixture Allowance,1,338.14,557.931,Materials,0000 Uncategorized
22PHKxvaaUZN,Job 00149,Kitchen/Powder Room Plumbing,Plumbing Fixture Allowance,0,250,412.50000000000006,Materials,0000 Uncategorized
22PHKxvaaUZN,Job 00149,Kitchen/Powder Room Plumbing,Plumbing Fixture Allowance,1,83.2,137.28000000000003,Materials,0000 Uncategorized
22PHKxvaaUZN,Job 00149,Kitchen/Powder Room Plumbing,Plumbing Fixture Allowance,1,162.65,268.37250000000006,Materials,0000 Uncategorized
22PHKxvaaUZN,Job 00149,Primary Bath Plumbing,Subcontractor,1,1000,1450,Labor,0000 Uncategorized
22PHKxvaaUZN,Job 00149,Primary Bath Plumbing,Plumbing Fixture Allowance,2,162.65,268.37250000000006,Materials,0000 Uncategorized
22PHKxvaaUZN,Job 00149,Primary Bath Plumbing,Plumbing Fixture Allowance,2,83.2,137.28000000000003,Materials,0000 Uncategorized
22PHKxvaaUZN,Job 00149,Cabinet Repairs/Modification (Farm Sink),Subcontractor,,500,725,Labor,0000 Uncategorized
22PHKxvaaUZN,Job 00149,Countertop Replacement (Primary Bathroom Vanity),Countertop Selection (Primary Bathroom Vanity),1,1784.64,2587.728,Labor,0000 Uncategorized
22PHKxvaaUZN,Job 00149,Mirror Replacement,Special Order Materials,2,150,247.50000000000003,Materials,0000 Uncategorized
22PHKxvaaUZN,Job 00149,Mirror Replacement,Subcontractor,,300,434.99999999999994,Labor,0000 Uncategorized
22PHKxvaaUZN,Job 00149,Shower Door Replacement,Subcontractor,1,1850,2682.5,Labor,0000 Uncategorized
22PHKzNdnXBe,Job 00150,Pressure Regulator Adjustment,Hourly Rate,1,55,89,Materials,0000 Uncategorized
22PHKzNdnXBe,Job 00150,Support Expansion Tank,Miscellaneous,1,20,33.00000000000001,Materials,0000 Uncategorized
22PHKzNdnXBe,Job 00150,Support Expansion Tank,Hourly Rate,0.5,55,89,Materials,0000 Uncategorized
22PHKzNdnXBe,Job 00150,Loose Faucet Handle Repair,Hourly Rate,1,55,89,Materials,0000 Uncategorized
22PHKzNdnXBe,Job 00150,Ceiling Fan Replacement,Hourly Rate,3,55,89,Materials,0000 Uncategorized
22PHKzNdnXBe,Job 00150,Pressure Regulator Adjustment,Hourly Rate,1,55,89,Materials,0000 Uncategorized
22PHKzNdnXBe,Job 00150,Support Expansion Tank,Miscellaneous,1,20,33.00000000000001,Materials,0000 Uncategorized
22PHKzNdnXBe,Job 00150,Support Expansion Tank,Hourly Rate,0.5,55,89,Materials,0000 Uncategorized
22PHKzNdnXBe,Job 00150,Loose Faucet Handle Repair,Hourly Rate,1,55,89,Materials,0000 Uncategorized
22PHKzNdnXBe,Job 00150,Ceiling Fan Replacement,Hourly Rate,3,55,89,Materials,0000 Uncategorized
22PHKzNdnXBe,Job 00150,Mirror Installation,Hourly Rate,1,55,89,Materials,0000 Uncategorized
22PHKzNdnXBe,Job 00150,Mirror Installation,Everbilt Mirror Hanging Kit (87-Pack),,11.48,19.17,Materials,0000 Uncategorized
22PHKzNdnXBe,Job 00150,Pressure Regulator Adjustment,Hourly Rate,1,55,89,Materials,0000 Uncategorized
22PHNVcswtxb,Job 00152,Garage Door Header Repair,Hourly Rate,16,55,89,Materials,0000 Uncategorized
22PHNVcswtxb,Job 00152,Garage Door Header Repair,Metal Break Usage,,80,132.00000000000003,Materials,0000 Uncategorized
22PHNVcswtxb,Job 00152,Garage Door Header Repair,Trim Coil 14 in. x 50 ft. (Bright White Smooth),,130,214.50000000000003,Materials,0000 Uncategorized
22PHNVcswtxb,Job 00152,Garage Door Header Repair,Lexel Clear Paintable Solvent Caulk,,11.28,18.612000000000002,Materials,6000 Completion
22PHNVcswtxb,Job 00152,Garage Door Header Repair,"5/8"" x 1/2"" White J Channel",4,7.98,13.33,Materials,0000 Uncategorized
22PHNVcswtxb,Job 00152,Garage Door Header Repair,2x6x16 ft. PT,2,18.98,31.7,Materials,0000 Uncategorized
22PHNVcswtxb,Job 00152,Garage Door Header Repair,"Typar Butyl Flashing Tape - 4"" W x 75' L",1,25.75,43,Materials,0000 Uncategorized
22PHNVcswtxb,Job 00152,Garage Door Header Repair,Hourly Rate,16,55,89,Materials,0000 Uncategorized
22PHNVcswtxb,Job 00152,Garage Door Header Repair,Metal Break Usage,,80,132.00000000000003,Materials,0000 Uncategorized
22PHNVcswtxb,Job 00152,Garage Door Header Repair,Trim Coil 14 in. x 50 ft. (Bright White Smooth),,130,214.50000000000003,Materials,0000 Uncategorized
22PHNVcswtxb,Job 00152,Garage Door Header Repair,Lexel Clear Paintable Solvent Caulk,,11.28,18.612000000000002,Materials,6000 Completion
22PHNVcswtxb,Job 00152,Garage Door Header Repair,"5/8"" x 1/2"" White J Channel",4,7.98,13.33,Materials,0000 Uncategorized
22PHNVcswtxb,Job 00152,Garage Door Header Repair,2x6x16 ft. PT,2,18.98,31.7,Materials,0000 Uncategorized
22PHNVcswtxb,Job 00152,Garage Door Header Repair,"Typar Butyl Flashing Tape - 4"" W x 75' L",1,25.75,43,Materials,0000 Uncategorized
22PHNVcswtxb,Job 00152,Garage Door Header Repair,Hourly Rate,16,55,,Materials,0000 Uncategorized
22PHNVcswtxb,Job 00152,Garage Door Header Repair,Metal Break Usage,,80,,Materials,0000 Uncategorized
22PHNVcswtxb,Job 00152,Garage Door Header Repair,Trim Coil 14 in. x 50 ft. (Bright White Smooth),,130,,Materials,0000 Uncategorized
22PHNVcswtxb,Job 00152,Garage Door Header Repair,Lexel Clear Paintable Solvent Caulk,,11.28,,Materials,6000 Completion
22PHNVcswtxb,Job 00152,Garage Door Header Repair,"5/8"" x 1/2"" White J Channel",4,7.98,,Materials,0000 Uncategorized
22PHNVcswtxb,Job 00152,Garage Door Header Repair,2x6x16 ft. PT,2,18.98,,Materials,0000 Uncategorized
22PHNVcswtxb,Job 00152,Garage Door Header Repair,"Typar Butyl Flashing Tape - 4"" W x 75' L",1,25.75,,Materials,0000 Uncategorized
22PHNYryp7zh,Job 00153,Deck Board Replacement,PT Decking Board Premium Pine - 16',30,17.53,29.28,Materials,0000 Uncategorized
22PHNYryp7zh,Job 00153,Deck Board Replacement,"1-5/8"" DeckMate Screws - 1 lb.",5,11.16,18.64,Materials,0000 Uncategorized
22PHNYryp7zh,Job 00153,Deck Board Replacement,Hourly Rate,20,55,89,Materials,0000 Uncategorized
22PHNYryp7zh,Job 00153,Deck Railing Repair,2x6x12 PT,3,13.16,21.98,Materials,0000 Uncategorized
22PHNYryp7zh,Job 00153,Deck Railing Repair,2x4x8 PT,6,6.19,10.34,Materials,0000 Uncategorized
22PHNYryp7zh,Job 00153,Deck Railing Repair,Deckmate 3 inch wood screw,,12.98,21.417000000000005,Materials,410 Framing
22PHNYryp7zh,Job 00153,Deck Railing Repair,Hourly Rate,6,55,89,Materials,0000 Uncategorized
22PHNYryp7zh,Job 00153,Column Replacement,Temporary Use of Ellis Jacks Lifting Shores,,0,175,Materials,0000 Uncategorized
22PHNYryp7zh,Job 00153,Column Replacement,Lexel Clear Paintable Solvent Caulk,,11.28,18.612000000000002,Materials,6000 Completion
22PHNYryp7zh,Job 00153,Column Replacement,1050 Quick Dry Siliconized Acrylic Latex Caulk,,3.31,5.461500000000001,Materials,0000 Uncategorized
22PHNYryp7zh,Job 00153,Column Replacement,Custom Gallon Paint/Stain,,60,99.00000000000001,Materials,2300 Painting
22PHNYryp7zh,Job 00153,Column Replacement,Special Order Materials,2,450,642.8571428571429,Materials,0000 Uncategorized
22PHNYryp7zh,Job 00153,Column Replacement,Hourly Rate,16,55,89,Materials,0000 Uncategorized
22PHNYryp7zh,Job 00153,Deck Board Replacement,PT Decking Board Premium Pine - 16',30,17.53,29.28,Materials,0000 Uncategorized
22PHNYryp7zh,Job 00153,Deck Board Replacement,"1-5/8"" DeckMate Screws - 1 lb.",5,11.16,18.64,Materials,0000 Uncategorized
22PHNYryp7zh,Job 00153,Deck Board Replacement,Hourly Rate,20,55,89,Materials,0000 Uncategorized
22PHNYryp7zh,Job 00153,Deck Railing Repair,2x6x12 PT,3,13.16,21.98,Materials,0000 Uncategorized
22PHNYryp7zh,Job 00153,Deck Railing Repair,2x4x8 PT,6,6.19,10.34,Materials,0000 Uncategorized
22PHNYryp7zh,Job 00153,Deck Railing Repair,Deckmate 3 inch wood screw,,12.98,21.417000000000005,Materials,410 Framing
22PHNYryp7zh,Job 00153,Deck Railing Repair,Hourly Rate,6,55,89,Materials,0000 Uncategorized
22PHNYryp7zh,Job 00153,Column Replacement,Temporary Use of Ellis Jacks Lifting Shores,,0,175,Materials,0000 Uncategorized
22PHNYryp7zh,Job 00153,Column Replacement,Lexel Clear Paintable Solvent Caulk,,11.28,18.612000000000002,Materials,6000 Completion
22PHNYryp7zh,Job 00153,Column Replacement,1050 Quick Dry Siliconized Acrylic Latex Caulk,,3.31,5.461500000000001,Materials,0000 Uncategorized
22PHNYryp7zh,Job 00153,Column Replacement,Custom Gallon Paint/Stain,,60,99.00000000000001,Materials,2300 Painting
22PHNYryp7zh,Job 00153,Column Replacement,Special Order Materials,2,450,642.8571428571429,Materials,0000 Uncategorized
22PHNYryp7zh,Job 00153,Column Replacement,Hourly Rate,16,55,89,Materials,0000 Uncategorized
22PHNYryp7zh,Job 00153,Deck Board Replacement,PT Decking Board Premium Pine - 16',30,17.529999999999998,,Materials,0000 Uncategorized
22PHNYryp7zh,Job 00153,Deck Board Replacement,"1-5/8"" DeckMate Screws - 1 lb.",5,11.16,,Materials,0000 Uncategorized
22PHNYryp7zh,Job 00153,Deck Board Replacement,Hourly Rate,20,55,,Materials,0000 Uncategorized
22PHNYryp7zh,Job 00153,Deck Railing Repair,2x6x12 PT,3,13.159999999999998,,Materials,0000 Uncategorized
22PHNYryp7zh,Job 00153,Deck Railing Repair,2x4x8 PT,6,6.19,,Materials,0000 Uncategorized
22PHNYryp7zh,Job 00153,Deck Railing Repair,Deckmate 3 inch wood screw,,12.98,,Materials,410 Framing
22PHNYryp7zh,Job 00153,Deck Railing Repair,Hourly Rate,6,55,,Materials,0000 Uncategorized
22PHP49bdCVj,Job 00154,Floor Shoring STL-22,STL-22,6,285,470.25000000000006,Materials,0000 Uncategorized
22PHP49bdCVj,Job 00154,Floor Shoring STL-22,STL-JHD (Double) U-Head,6,68.18,112.49700000000003,Materials,0000 Uncategorized
22PHP49bdCVj,Job 00154,Floor Shoring STL-22,Base Plate - 12,6,56.22,92.76300000000002,Materials,0000 Uncategorized
22PHP49bdCVj,Job 00154,Floor Shoring STL-22,2x10x10 PT,6,21.32,35.61,Materials,0000 Uncategorized
22PHP49bdCVj,Job 00154,Floor Shoring STL-22,RapidSet,0,16.18,27.02,Materials,0000 Uncategorized
22PHP49bdCVj,Job 00154,Floor Shoring STL-22,Hourly Rate,18,55,89,Materials,0000 Uncategorized
22PHP49bdCVj,Job 00154,Floor Shoring STL-22,STL-22,6,285,470.25000000000006,Materials,0000 Uncategorized
22PHP49bdCVj,Job 00154,Floor Shoring STL-22,STL-JHD (Double) U-Head,6,68.18,112.49700000000003,Materials,0000 Uncategorized
22PHP49bdCVj,Job 00154,Floor Shoring STL-22,Base Plate - 12,6,56.22,92.76300000000002,Materials,0000 Uncategorized
22PHP49bdCVj,Job 00154,Floor Shoring STL-22,2x10x10 PT,6,21.32,35.61,Materials,0000 Uncategorized
22PHP49bdCVj,Job 00154,Floor Shoring STL-22,RapidSet,0,16.18,27.02,Materials,0000 Uncategorized
22PHP49bdCVj,Job 00154,Floor Shoring STL-22,Hourly Rate,18,55,89,Materials,0000 Uncategorized
22PHP49bdCVj,Job 00154,Crawl Space Insulation Replacement,Subcontractor,2200,3,4.35,Labor,0000 Uncategorized
22PHP49bdCVj,Job 00154,Floor Shoring STL-22,STL-22,6,285,470.25000000000006,Materials,0000 Uncategorized
22PHP49bdCVj,Job 00154,Floor Shoring STL-22,STL-JHD (Double) U-Head,6,68.18,112.49700000000003,Materials,0000 Uncategorized
22PHP49bdCVj,Job 00154,Floor Shoring STL-22,Base Plate - 12,6,56.22,92.76300000000002,Materials,0000 Uncategorized
22PHP49bdCVj,Job 00154,Floor Shoring STL-22,2x10x10 PT,6,21.32,35.61,Materials,0000 Uncategorized
22PHP49bdCVj,Job 00154,Floor Shoring STL-22,RapidSet,0,16.18,27.02,Materials,0000 Uncategorized
22PHP49bdCVj,Job 00154,Floor Shoring STL-22,Hourly Rate,18,55,89,Materials,0000 Uncategorized
22PHP49bdCVj,Job 00154,Crawl Space Insulation Replacement,Subcontractor,2200,3,4.35,Labor,0000 Uncategorized
22PHS6gfa6gn,Job 00155,HVAC Repairs,HVAC Evaluation,1.5,150,217.49999999999997,Labor,0000 Uncategorized
22PHS6gfa6gn,Job 00155,HVAC Repairs,"1/2"" Refrigerant Line/Pipe Insulation",8,8.58,14.33,Materials,0000 Uncategorized
22PHS6gfa6gn,Job 00155,HVAC Repairs,Hourly Rate,4,55,89,Materials,0000 Uncategorized
22PHS6gfa6gn,Job 00155,17.7.1 - GFCI Breaker Installation,Double Pole GFCI Breaker,,130,217.1,Materials,0000 Uncategorized
22PHS6gfa6gn,Job 00155,17.7.1 - GFCI Breaker Installation,Hourly Rate,4,55,79.75,Materials,0000 Uncategorized
22PHS6gfa6gn,Job 00155,HVAC Repairs,HVAC Evaluation,1.5,150,217.49999999999997,Labor,0000 Uncategorized
22PHS6gfa6gn,Job 00155,HVAC Repairs,"1/2"" Refrigerant Line/Pipe Insulation",8,8.58,14.33,Materials,0000 Uncategorized
22PHS6gfa6gn,Job 00155,HVAC Repairs,Hourly Rate,4,55,89,Materials,0000 Uncategorized
22PHS6gfa6gn,Job 00155,17.7.1 - GFCI Breaker Installation,Double Pole GFCI Breaker,,130,217.1,Materials,0000 Uncategorized
22PHS6gfa6gn,Job 00155,17.7.1 - GFCI Breaker Installation,Hourly Rate,4,55,79.75,Materials,0000 Uncategorized
22PHbsyZxsBK,Job 00156,Shower Replacement (tile),Special Order Materials,32,5,8.250000000000002,Materials,0000 Uncategorized
22PHbsyZxsBK,Job 00156,Shower Replacement (tile),Special Order Materials,88,10,16.500000000000004,Materials,0000 Uncategorized
22PHbsyZxsBK,Job 00156,Shower Replacement (tile),Special Order Materials,12,15,24.750000000000004,Materials,0000 Uncategorized
22PHbsyZxsBK,Job 00156,Shower Replacement (tile),Subcontractor,,3000,4350,Labor,0000 Uncategorized
22PHbsyZxsBK,Job 00156,Shower Replacement (tile),Subcontractor,,2300,3335,Labor,0000 Uncategorized
22PHbsyZxsBK,Job 00156,Shower Replacement (tile),Subcontractor,,1650,2392.5,Labor,0000 Uncategorized
22PHbsyZxsBK,Job 00156,Shower Replacement (tile),Special Order Materials,32,5,8.250000000000002,Materials,0000 Uncategorized
22PHbsyZxsBK,Job 00156,Shower Replacement (tile),Special Order Materials,88,10,16.500000000000004,Materials,0000 Uncategorized
22PHbsyZxsBK,Job 00156,Shower Replacement (tile),Special Order Materials,12,15,24.750000000000004,Materials,0000 Uncategorized
22PHbsyZxsBK,Job 00156,Shower Replacement (tile),Subcontractor,,3000,4350,Labor,0000 Uncategorized
22PHbsyZxsBK,Job 00156,Shower Replacement (tile),Subcontractor,,2300,3335,Labor,0000 Uncategorized
22PHbsyZxsBK,Job 00156,Shower Replacement (tile),Subcontractor,,1650,2392.5,Labor,0000 Uncategorized
22PHc8q2fuCA,Job 00157,3.1.2 - Brick Repairs,Hourly Rate,2,55,89,Materials,0000 Uncategorized
22PHc8q2fuCA,Job 00157,3.1.2 - Brick Repairs,SAKRETE 10.3 fl. oz. Mortar Repair Sealant,1,6.18,10.32,Materials,0000 Uncategorized
22PHc8q2fuCA,Job 00157,3.17.1 - Repair Loose Fence Latch,Hourly Rate,1,55,89,Materials,0000 Uncategorized
22PHc8q2fuCA,Job 00157,4.1.1 - Shingle Nail Repair,Henry 208R Rubberized Wet Patch 10.1 oz Roof Cement Leak Repair,,7.24,12.09,Materials,0000 Uncategorized
22PHc8q2fuCA,Job 00157,4.1.1 - Shingle Nail Repair,Hourly Rate,2,55,89,Materials,0000 Uncategorized
22PHc8q2fuCA,Job 00157,4.1.2 - Lifting Shingles Repair,Shingle,20,1.68,2.8,Materials,0000 Uncategorized
22PHc8q2fuCA,Job 00157,4.1.2 - Lifting Shingles Repair,Shingle Matching Fee,1,55,125,Labor,0000 Uncategorized
22PHc8q2fuCA,Job 00157,4.1.2 - Lifting Shingles Repair,Henry 208R Rubberized Wet Patch 10.1 oz Roof Cement Leak Repair,,7.24,12.09,Materials,0000 Uncategorized
22PHc8q2fuCA,Job 00157,4.1.2 - Lifting Shingles Repair,Grip-Rite#11 x 1-1/4 in. Electro-Galvanized Steel Roofing Nails (1 lb.-Pack),,4.98,8.32,Materials,0000 Uncategorized
22PHc8q2fuCA,Job 00157,4.1.2 - Lifting Shingles Repair,Hourly Rate,8,55,89,Materials,0000 Uncategorized
22PHc8q2fuCA,Job 00157,4.2.1 - Downspout Extender Installation,Hourly Rate,2,55,89,Materials,0000 Uncategorized
22PHc8q2fuCA,Job 00157,4.2.1 - Downspout Extender Installation,Downspout Extender,4,8.97,14.98,Materials,0000 Uncategorized
22PHc8q2fuCA,Job 00157,5.1.1 - Pressure Regulator Adjustment,Hourly Rate,,55,89,Materials,0000 Uncategorized
22PHc8q2fuCA,Job 00157,5.4.1 - Lower Sewer Cleanout,Miscellaneous,,25,35.714285714285715,Materials,0000 Uncategorized
22PHc8q2fuCA,Job 00157,5.4.1 - Lower Sewer Cleanout,Hourly Rate,2,55,89,Materials,0000 Uncategorized
22PHc8q2fuCA,Job 00157,6.1.1 - Water Heater Temp Adjustment,Hourly Rate,,55,89,Materials,0000 Uncategorized
22PHc8q2fuCA,Job 00157,7.3.2 - Sink Faucet Repair,Hourly Rate,1.5,55,89,Materials,0000 Uncategorized
22PHc8q2fuCA,Job 00157,8.1.1 - Repair Grounding/Bonding Wires,Hourly Rate,2,55,89,Materials,0000 Uncategorized
22PHek69ZyeT,Job 00159,Front Porch Roof/Trim,Subcontractor,,7200,10440,Labor,0000 Uncategorized
22PHek69ZyeT,Job 00159,Front Porch Roof/Trim,Custom Gallon Paint/Stain,2,60,99.00000000000001,Materials,2300 Painting
22PHek69ZyeT,Job 00159,Front Porch Roof/Trim,1050 Quick Dry Siliconized Acrylic Latex Caulk,,3.31,5.461500000000001,Materials,0000 Uncategorized
22PHek69ZyeT,Job 00159,Front Porch Roof/Trim,Hourly Rate,16,55,89,Materials,0000 Uncategorized
22PHek69ZyeT,Job 00159,Front Porch Roof/Trim,"3/8"" x 48"" x 8' S4S PVC sheating",,83.98,138.56700000000004,Materials,0000 Uncategorized
22PHek69ZyeT,Job 00159,Front Porch Roof/Trim,1x6x18 Vinyl Trim Plank,,54.9,90.58500000000001,Materials,0000 Uncategorized
22PHek69ZyeT,Job 00159,Front Porch Roof/Trim,Round Smooth Non-tapered Columns- Structural,1,1099.09,1535,Materials,0000 Uncategorized
22PHek69ZyeT,Job 00159,Front Porch Roof/Trim,Round Smooth Non-tapered Columns- Structural,1,-300,-434.99999999999994,Materials,0000 Uncategorized
22PHek69ZyeT,Job 00159,Front Door Replacement,Special Order Materials,1,2500,3600,Materials,0000 Uncategorized
22PHek69ZyeT,Job 00159,Front Door Replacement,Hourly Rate,20,55,89,Materials,0000 Uncategorized
22PHek69ZyeT,Job 00159,Front Door Replacement,Subcontractor,1,800,1160,Labor,0000 Uncategorized
22PHek69ZyeT,Job 00159,Front Door Replacement,Miscellaneous supplies,1,100,165.00000000000003,Materials,0000 Uncategorized
22PHek69ZyeT,Job 00159,Front Door Replacement,Custom Gallon Paint/Stain,1,60,99.00000000000001,Materials,2300 Painting
22PHek69ZyeT,Job 00159,Front Door Replacement,Special Order Materials,1,325,536.2500000000001,Materials,0000 Uncategorized
22PHek69ZyeT,Job 00159,Front Porch Roof,Custom Gallon Paint/Stain,2,60,99.00000000000001,Materials,2300 Painting
22PHek69ZyeT,Job 00159,Front Porch Roof,1050 Quick Dry Siliconized Acrylic Latex Caulk,,3.31,5.461500000000001,Materials,0000 Uncategorized
22PHek69ZyeT,Job 00159,Front Porch Roof,Hourly Rate,12,55,89,Materials,0000 Uncategorized
22PHek69ZyeT,Job 00159,Front Porch Roof,Subcontractor,,7200,10440,Labor,0000 Uncategorized
22PHek69ZyeT,Job 00159,Drywall/Paint Repair,2x4x10 Dimensional Lumber,4,5.62,9.273000000000001,Materials,410 Framing
22PHek69ZyeT,Job 00159,Drywall/Paint Repair,Custom Gallon Paint/Stain,2,60,99.00000000000001,Materials,2300 Painting
22PHek69ZyeT,Job 00159,Drywall/Paint Repair,White Oil-Based Interior/Exterior Primer and Sealer,,34.98,57.717000000000006,Materials,0000 Uncategorized
22PHek69ZyeT,Job 00159,Drywall/Paint Repair,Return trip for finishing,,55,89,Materials,0000 Uncategorized
22PHek69ZyeT,Job 00159,Drywall/Paint Repair,Sanding Discs,,8.97,14.800500000000003,Materials,0000 Uncategorized
22PHek69ZyeT,Job 00159,Drywall/Paint Repair,1/2 in. x 4 ft. x 8 ft. UltraLight Drywall,3,11.25,18.562500000000004,Materials,0000 Uncategorized
22PHek69ZyeT,Job 00159,Drywall/Paint Repair,Drywall Joint Tape,,16.75,27.637500000000003,Materials,0000 Uncategorized
22PHek69ZyeT,Job 00159,Drywall/Paint Repair,Drywall Mud (4.5 Gallon),,17.92,29.56800000000001,Materials,0000 Uncategorized
22PHek69ZyeT,Job 00159,Drywall/Paint Repair,Hourly Rate,36,55,89,Materials,0000 Uncategorized
22PHek69ZyeT,Job 00159,Front Door Replacement,Miscellaneous supplies,,100,165.00000000000003,Materials,0000 Uncategorized
22PHek69ZyeT,Job 00159,Front Door Replacement,Custom Gallon Paint/Stain,,60,99.00000000000001,Materials,2300 Painting
22PHek69ZyeT,Job 00159,Front Door Replacement,Hourly Rate,18,55,89,Materials,0000 Uncategorized
22PHek69ZyeT,Job 00159,Front Door Replacement,Subcontractor,,800,1160,Labor,0000 Uncategorized
22PHek69ZyeT,Job 00159,Front Door Replacement,Special Order Materials,,2000,3300.0000000000005,Materials,0000 Uncategorized
22PHek69ZyeT,Job 00159,Foyer Tile Repair,Subcontractor,,1600,2320,Labor,0000 Uncategorized
22PHek69ZyeT,Job 00159,Front Porch Roof/Trim,"3/8"" x 48"" x 8' S4S PVC sheating",,83.98,138.56700000000004,Materials,0000 Uncategorized
22PHek69ZyeT,Job 00159,Front Porch Roof/Trim,1x6x18 Vinyl Trim Plank,,54.9,90.58500000000001,Materials,0000 Uncategorized
22PHek69ZyeT,Job 00159,Front Porch Roof/Trim,Custom Gallon Paint/Stain,2,60,99.00000000000001,Materials,2300 Painting
22PHek69ZyeT,Job 00159,Front Porch Roof/Trim,1050 Quick Dry Siliconized Acrylic Latex Caulk,,3.31,5.461500000000001,Materials,0000 Uncategorized
22PHek69ZyeT,Job 00159,Front Porch Roof/Trim,Hourly Rate,16,55,89,Materials,0000 Uncategorized
22PHek69ZyeT,Job 00159,Front Porch Roof/Trim,Subcontractor,,7200,10440,Labor,0000 Uncategorized
22PHek69ZyeT,Job 00159,Drywall/Paint Repair,2x4x10 Dimensional Lumber,4,5.62,9.273000000000001,Materials,410 Framing
22PHek69ZyeT,Job 00159,Drywall/Paint Repair,Custom Gallon Paint/Stain,2,60,99.00000000000001,Materials,2300 Painting
22PHek69ZyeT,Job 00159,Drywall/Paint Repair,White Oil-Based Interior/Exterior Primer and Sealer,,34.98,57.717000000000006,Materials,0000 Uncategorized
22PHek69ZyeT,Job 00159,Drywall/Paint Repair,Return trip for finishing,,55,89,Materials,0000 Uncategorized
22PHek69ZyeT,Job 00159,Drywall/Paint Repair,Sanding Discs,,8.97,14.800500000000003,Materials,0000 Uncategorized
22PHek69ZyeT,Job 00159,Drywall/Paint Repair,1/2 in. x 4 ft. x 8 ft. UltraLight Drywall,3,11.25,18.562500000000004,Materials,0000 Uncategorized
22PHek69ZyeT,Job 00159,Drywall/Paint Repair,Drywall Joint Tape,,16.75,27.637500000000003,Materials,0000 Uncategorized
22PHek69ZyeT,Job 00159,Drywall/Paint Repair,Drywall Mud (4.5 Gallon),,17.92,29.56800000000001,Materials,0000 Uncategorized
22PHek69ZyeT,Job 00159,Drywall/Paint Repair,Hourly Rate,36,55,89,Materials,0000 Uncategorized
22PHek69ZyeT,Job 00159,Front Door Replacement,Miscellaneous supplies,,100,165.00000000000003,Materials,0000 Uncategorized
22PHek69ZyeT,Job 00159,Front Door Replacement,Custom Gallon Paint/Stain,,60,99.00000000000001,Materials,2300 Painting
22PHek69ZyeT,Job 00159,Front Door Replacement,Hourly Rate,18,55,89,Materials,0000 Uncategorized
22PHek69ZyeT,Job 00159,Front Door Replacement,Subcontractor,,800,1160,Labor,0000 Uncategorized
22PHek69ZyeT,Job 00159,Front Door Replacement,Special Order Materials,,2000,3300.0000000000005,Materials,0000 Uncategorized
22PHek69ZyeT,Job 00159,Foyer Tile Repair,Subcontractor,,1600,2320,Labor,0000 Uncategorized
22PHekiy68EV,Job 00160,Roof Replacement,Subcontractor,,7500,10875,Labor,0000 Uncategorized
22PHekiy68EV,Job 00160,Crawlspace Moisture Remediation,Subcontractor,,5984,8676.8,Labor,0000 Uncategorized
22PHekiy68EV,Job 00160,Crawlspace Structural Repairs,Subcontractor,,2940,4263,Labor,0000 Uncategorized
22PHekiy68EV,Job 00160,Electrical Rewire,Subcontractor,,8000,11600,Labor,0000 Uncategorized
22PHekiy68EV,Job 00160,Roof Replacement,Subcontractor,,7500,10875,Labor,0000 Uncategorized
22PHekiy68EV,Job 00160,Crawlspace Moisture Remediation,Subcontractor,,5984,8676.8,Labor,0000 Uncategorized
22PHekiy68EV,Job 00160,Crawlspace Structural Repairs,Subcontractor,,2940,4263,Labor,0000 Uncategorized
22PHekiy68EV,Job 00160,Electrical Rewire,Subcontractor,,8000,11600,Labor,0000 Uncategorized
22PHj2xZ9wQ9,Job 00162,3.1.1 - Loose Vinyl Siding Repair,Hourly Rate,2,55,89,Materials,0000 Uncategorized
22PHj2xZ9wQ9,Job 00162,3.1.1 - Loose Vinyl Siding Repair,Stainless Steel Trim Nail,,12.98,21.68,Materials,0000 Uncategorized
22PHj2xZ9wQ9,Job 00162,3.1.1 - Loose Vinyl Siding Repair,Grip-Rite#11 x 1-1/4 in. Electro-Galvanized Steel Roofing Nails (1 lb.-Pack),,4.98,8.32,Materials,0000 Uncategorized
22PHj2xZ9wQ9,Job 00162,3.4.4 - Exterior Door Jamb/Casing Repair,Sanding Discs,1,8.97,14.800500000000003,Materials,0000 Uncategorized
22PHj2xZ9wQ9,Job 00162,3.4.4 - Exterior Door Jamb/Casing Repair,Semi-gloss Ultra White Acrylic Interior/Exterior Door and Trim Paint (1-Gallon),1,33.12,54.648,Materials,2300 Painting
22PHj2xZ9wQ9,Job 00162,3.4.4 - Exterior Door Jamb/Casing Repair,3M Bondo Interior/ Exterior Waterproof 41 oz.,1,31.68,52.272000000000006,Materials,0000 Uncategorized
22PHj2xZ9wQ9,Job 00162,3.4.4 - Exterior Door Jamb/Casing Repair,1050 Quick Dry Siliconized Acrylic Latex Caulk,1,3.31,5.461500000000001,Materials,0000 Uncategorized
22PHj2xZ9wQ9,Job 00162,3.4.4 - Exterior Door Jamb/Casing Repair,Composite Shim,1,2.23,3.6795000000000004,Materials,0000 Uncategorized
22PHj2xZ9wQ9,Job 00162,3.4.4 - Exterior Door Jamb/Casing Repair,Vinyl Door Jamb,1,65.96,108.834,Materials,1500 Doors & Windows
22PHj2xZ9wQ9,Job 00162,3.4.4 - Exterior Door Jamb/Casing Repair,Hourly Rate,5,55,89,Materials,0000 Uncategorized
22PHj2xZ9wQ9,Job 00162,3.4.5 - Entry Door Weatherstripping,Kerf Door Weatherstrip - Brown,6,6.47,10.675500000000001,Materials,1500 Doors & Windows
22PHj2xZ9wQ9,Job 00162,3.4.5 - Entry Door Weatherstripping,Hourly Rate,1,55,89,Materials,0000 Uncategorized
22PHj2xZ9wQ9,Job 00162,3.5.1 - Exterior Door Jamb/Casing Repair,Sanding Discs,1,8.97,14.800500000000003,Materials,0000 Uncategorized
22PHj2xZ9wQ9,Job 00162,3.5.1 - Exterior Door Jamb/Casing Repair,Semi-gloss Ultra White Acrylic Interior/Exterior Door and Trim Paint (1-Gallon),1,33.12,54.648,Materials,2300 Painting
22PHj2xZ9wQ9,Job 00162,3.5.1 - Exterior Door Jamb/Casing Repair,3M Bondo Interior/ Exterior Waterproof 41 oz.,1,31.68,52.272000000000006,Materials,0000 Uncategorized
22PHj2xZ9wQ9,Job 00162,3.5.1 - Exterior Door Jamb/Casing Repair,1050 Quick Dry Siliconized Acrylic Latex Caulk,1,3.31,5.461500000000001,Materials,0000 Uncategorized
22PHj2xZ9wQ9,Job 00162,3.5.1 - Exterior Door Jamb/Casing Repair,Composite Shim,1,2.23,3.6795000000000004,Materials,0000 Uncategorized
22PHj2xZ9wQ9,Job 00162,3.5.1 - Exterior Door Jamb/Casing Repair,Vinyl Door Jamb,1,65.96,108.834,Materials,1500 Doors & Windows
22PHj2xZ9wQ9,Job 00162,3.5.1 - Exterior Door Jamb/Casing Repair,Hourly Rate,5,55,89,Materials,0000 Uncategorized
22PHj2xZ9wQ9,Job 00162,3.10.1 - Vinyl Fascia/Soffit Repair,Hourly Rate,2,55,89,Materials,0000 Uncategorized
22PHj2xZ9wQ9,Job 00162,3.10.1 - Vinyl Fascia/Soffit Repair,Stainless Steel Trim Nail,,12.98,21.68,Materials,0000 Uncategorized
22PHj2xZ9wQ9,Job 00162,3.10.1 - Vinyl Fascia/Soffit Repair,Lexel Clear Paintable Solvent Caulk,,11.28,18.612000000000002,Materials,6000 Completion
22PHj2xZ9wQ9,Job 00162,4.2.1 - Seal Gutter Corners,Dap Butyl-Flex 10.1 oz. White Gutter and Flashing Sealant,2,9.98,18.46,Materials,0000 Uncategorized
22PHj2xZ9wQ9,Job 00162,4.2.1 - Seal Gutter Corners,Hourly Rate,2,55,89,Materials,0000 Uncategorized
22PHj2xZ9wQ9,Job 00162,5.3.1 - Leaking Drain Line Repairs,Hourly Rate,26,55,89,Materials,0000 Uncategorized
22PHj2xZ9wQ9,Job 00162,5.3.1 - Leaking Drain Line Repairs,Miscellaneous,,75,123.75000000000001,Materials,0000 Uncategorized
22PHj2xZ9wQ9,Job 00162,5.3.1 - Leaking Drain Line Repairs,Subcontractor,,1500,2175,Labor,0000 Uncategorized
22PHj2xZ9wQ9,Job 00162,5.3.1 - Leaking Drain Line Repairs,SmartBond 20 oz. Subfloor Gun-Grade Gel Foam Construction Adhesive (6-Pack),0.5,125.02,206.28300000000002,Materials,0000 Uncategorized
22PHj2xZ9wQ9,Job 00162,5.3.1 - Leaking Drain Line Repairs,2x6x10 Dimensional Lumber,4,13.05,21.532500000000006,Materials,410 Framing
22PHj2xZ9wQ9,Job 00162,5.3.1 - Leaking Drain Line Repairs,23/32 in. T&G OSB Subfloor,2,48,79.20000000000002,Materials,0000 Uncategorized
22PHj2xZ9wQ9,Job 00162,7.1.1 - Bathtub Spout Repair,GESilicone 1 10.1 oz. White Bath Tub and Tile Caulk,,8.98,16,Materials,0000 Uncategorized
22PHj2xZ9wQ9,Job 00162,7.1.1 - Bathtub Spout Repair,Hourly Rate,1,55,89,Materials,0000 Uncategorized
22PHj2xZ9wQ9,Job 00162,8.2.1 - Bus Bar Repair,Neutral/Ground Bus Bar,,12.46,20.81,Materials,0000 Uncategorized
22PHj2xZ9wQ9,Job 00162,8.2.1 - Bus Bar Repair,Hourly Rate,4,55,89,Materials,0000 Uncategorized
22PHj2xZ9wQ9,Job 00162,8.6.1 - Junction Box Installation,Garvin Wire Splice Box,,22.4,37.4,Materials,0000 Uncategorized
22PHj2xZ9wQ9,Job 00162,8.6.1 - Junction Box Installation,Hourly Rate,2,55,89,Materials,0000 Uncategorized
22PJ2QmUyUwa,Job 00164,Electrical Repairs,Subcontractor,,1600,2319.559779889945,Labor,0000 Uncategorized
22PJ2QmUyUwa,Job 00164,Electrical Repairs,Subcontractor,,1999,2898,Labor,0000 Uncategorized
22PJ2QmUyUwa,Job 00164,Electrical Repairs,Subcontractor,1,1600,,Labor,0000 Uncategorized
22PJ6J6mfvSz,46255010,Deck Railing Repair,Hourly rate,21,55,89,Materials,0000 Uncategorized
22PJ6J6mfvSz,46255010,Deck Railing Repair,Deckmate 3 inch wood screw,1,12.98,21.68,Materials,410 Framing
22PJ6J6mfvSz,46255010,Deck Railing Repair,6 in. HeadLoks,6,1,1.67,Materials,0000 Uncategorized
22PJ6J6mfvSz,46255010,Deck Railing Repair,2x4x8 PT,8,6.19,10.34,Materials,0000 Uncategorized
22PJ6J6mfvSz,46255010,Deck Railing Repair,Custom Gallon Paint,1,55,91.85,Labor,1000 1000 Preparation and Management Fees
22PJ6J6mfvSz,46255010,Bathtub/Shower Sealing,Hourly rate,1,55,89,Materials,0000 Uncategorized
22PJ6J6mfvSz,46255010,Bathtub/Shower Sealing,GESilicone 1 10.1 oz. White Bath Tub and Tile Caulk,1,9.58,16,Materials,0000 Uncategorized
22PJ6J6mfvSz,46255010,Seal Exterior Trim,Hourly rate,2,55,89,Materials,0000 Uncategorized
22PJ6J6mfvSz,46255010,Seal Exterior Trim,Sashco Lexel 10.5-oz Clear Paintable Solvent Caulk,2,11.28,16.36,Labor,1000 1000 Preparation and Management Fees
22PJ6J6mfvSz,46255010,Seal Exterior Trim,1050 Quick Dry Siliconized Acrylic Latex Caulk,2,3.31,5.53,Materials,0000 Uncategorized
22PJ6J6mfvSz,46255010,Seal Exterior Trim,Custom Gallon Paint,0.25,55,91.84,Labor,1000 1000 Preparation and Management Fees
22PJ6J6mfvSz,46255010,Deck Stairs Repair,Hourly rate,20,55,89,Materials,0000 Uncategorized
22PJ6J6mfvSz,46255010,Deck Stairs Repair,Deckmate 3 inch wood screw,0,0,0,Materials,410 Framing
22PJ6J6mfvSz,46255010,Deck Stairs Repair,6 in. HeadLoks,0,0,0,Materials,0000 Uncategorized
22PJ6J6mfvSz,46255010,Deck Stairs Repair,2x4x8 PT,6,6.19,10.34,Materials,0000 Uncategorized
22PJ6J6mfvSz,46255010,Deck Stairs Repair,Custom Gallon Paint,1,55,91.85,Labor,1000 1000 Preparation and Management Fees
22PJ6J6mfvSz,46255010,Deck Stairs Repair,2x12x10 PT,3,28.11,46.94,Materials,0000 Uncategorized
22PJ6J6mfvSz,46255010,Deck Stairs Repair,"2""x10"" Joist Hanger (Double)",3,6.78,11.32,Materials,0000 Uncategorized
22PJ6J6mfvSz,46255010,Deck Stairs Repair,Brick Style Paver (Pavestone),30,0.6799999999999999,1.1400000000000001,Materials,0000 Uncategorized
22PJ6J6mfvSz,46255010,Deck Stairs Repair,PT Deck Board Premium Pine - 12',8,14.53,24.27,Materials,0000 Uncategorized
22PJ6J6mfvSz,46255010,Additional Stair Rebuild,Hourly rate,1,6723.8,8606.47,Materials,0000 Uncategorized
22PJ6J6mfvSz,46255010,Deck Railing Repair,Hourly rate,21,55,89,Materials,0000 Uncategorized
22PJ6J6mfvSz,46255010,Deck Railing Repair,Deckmate 3 inch wood screw,1,12.98,21.68,Materials,410 Framing
22PJ6J6mfvSz,46255010,Deck Railing Repair,6 in. HeadLoks,6,1,1.67,Materials,0000 Uncategorized
22PJ6J6mfvSz,46255010,Deck Railing Repair,2x4x8 PT,8,6.19,10.34,Materials,0000 Uncategorized
22PJ6J6mfvSz,46255010,Deck Railing Repair,Custom Gallon Paint,1,55,91.85,Labor,1000 1000 Preparation and Management Fees
22PJ6J6mfvSz,46255010,Bathtub/Shower Sealing,Hourly rate,1,55,89,Materials,0000 Uncategorized
22PJ6J6mfvSz,46255010,Bathtub/Shower Sealing,GESilicone 1 10.1 oz. White Bath Tub and Tile Caulk,1,9.58,16,Materials,0000 Uncategorized
22PJ6J6mfvSz,46255010,Seal Exterior Trim,Hourly rate,2,55,89,Materials,0000 Uncategorized
22PJ6J6mfvSz,46255010,Seal Exterior Trim,Sashco Lexel 10.5-oz Clear Paintable Solvent Caulk,2,11.28,16.36,Labor,1000 1000 Preparation and Management Fees
22PJ6J6mfvSz,46255010,Seal Exterior Trim,1050 Quick Dry Siliconized Acrylic Latex Caulk,2,3.31,5.53,Materials,0000 Uncategorized
22PJ6J6mfvSz,46255010,Seal Exterior Trim,Custom Gallon Paint,0.25,55,91.84,Labor,1000 1000 Preparation and Management Fees
22PJ6J6mfvSz,46255010,Deck Stairs Repair,Hourly rate,20,55,89,Materials,0000 Uncategorized
22PJ6J6mfvSz,46255010,Deck Stairs Repair,Deckmate 3 inch wood screw,0,0,0,Materials,410 Framing
22PJ6J6mfvSz,46255010,Deck Stairs Repair,6 in. HeadLoks,0,0,0,Materials,0000 Uncategorized
22PJ6J6mfvSz,46255010,Deck Stairs Repair,2x4x8 PT,6,6.19,10.34,Materials,0000 Uncategorized
22PJ6J6mfvSz,46255010,Deck Stairs Repair,Custom Gallon Paint,1,55,91.85,Labor,1000 1000 Preparation and Management Fees
22PJ6J6mfvSz,46255010,Deck Stairs Repair,2x12x10 PT,3,28.11,46.94,Materials,0000 Uncategorized
22PJ6J6mfvSz,46255010,Deck Stairs Repair,"2""x10"" Joist Hanger (Double)",3,6.78,11.32,Materials,0000 Uncategorized
22PJ6J6mfvSz,46255010,Deck Stairs Repair,Brick Style Paver (Pavestone),30,0.6799999999999999,1.1400000000000001,Materials,0000 Uncategorized
22PJ6J6mfvSz,46255010,Deck Stairs Repair,PT Deck Board Premium Pine - 12',8,14.53,24.27,Materials,0000 Uncategorized
22PJ6J6mfvSz,46255010,Additional Stair Rebuild,Hourly rate,1,6723.8,8606.47,Materials,0000 Uncategorized
22PJ6KnAxPPH,Job 00167,Crawlspace Moisture Mitigation,Subcontractor,,7525,10760.749999999998,Labor,0000 Uncategorized
22PJ6KnAxPPH,Job 00167,Crawlspace Structural Repairs,Subcontractor,,4730,6763.900000000001,Labor,0000 Uncategorized
22PJ6KnAxPPH,Job 00167,Flooring Replacement,Subcontractor,1,14550,20806.5,Labor,0000 Uncategorized
22PJ6KnAxPPH,Job 00167,Flooring Replacement,Subcontractor,1,1000,1430,Labor,0000 Uncategorized
22PJ6KnAxPPH,Job 00167,Flooring Replacement,Subcontractor,1,501.19,716.7017,Labor,0000 Uncategorized
22PJ6KnAxPPH,Job 00167,Wheelchair Ramp,4x4x8 PT,5,10.77,18.2013,Materials,0000 Uncategorized
22PJ6KnAxPPH,Job 00167,Wheelchair Ramp,2x8 x 16 ft. Prime Lumber,6,14.11,23.845899999999997,Materials,0000 Uncategorized
22PJ6KnAxPPH,Job 00167,Wheelchair Ramp,"1-5/8"" DeckMate Screws - 1 lb.",6,11.16,18.8604,Materials,0000 Uncategorized
22PJ6KnAxPPH,Job 00167,Wheelchair Ramp,2x6x12 SPF,10,10.76,18.1844,Materials,0000 Uncategorized
22PJ6KnAxPPH,Job 00167,Wheelchair Ramp,PT Deck Board Premium Pine - 12',14,14.53,24.555699999999998,Materials,0000 Uncategorized
22PJ6KnAxPPH,Job 00167,Wheelchair Ramp,Hourly Rate,38,55,89,Materials,0000 Uncategorized
22PJ6KnAxPPH,Job 00167,Wheelchair Ramp,Deck Handrail Material,,500,845,Labor,0000 Uncategorized
22PJ6KnAxPPH,Job 00167,Crawlspace Moisture Mitigation,Subcontractor,,7425,10395.000000000002,Labor,0000 Uncategorized
22PJ6KnAxPPH,Job 00167,Crawlspace Structural Repairs,Subcontractor,,4680,6552.000000000001,Labor,0000 Uncategorized
22PJ6KnAxPPH,Job 00167,Flooring Replacement,Subcontractor,,14550,20370.000000000004,Labor,0000 Uncategorized
22PJ6KnAxPPH,Job 00167,Flooring Replacement,Subcontractor,,1000,1400.0000000000002,Labor,0000 Uncategorized
22PJ6KnAxPPH,Job 00167,Wheelchair Ramp,Deck Handrail Material,,500,825.0000000000001,Labor,0000 Uncategorized
22PJ6KnAxPPH,Job 00167,Wheelchair Ramp,4x4x8 PT,4,10.77,17.99,Materials,0000 Uncategorized
22PJ6KnAxPPH,Job 00167,Wheelchair Ramp,2x8 x 16 ft. Prime Lumber,6,14.11,23.2815,Materials,0000 Uncategorized
22PJ6KnAxPPH,Job 00167,Wheelchair Ramp,"1-5/8"" DeckMate Screws - 1 lb.",6,11.16,18.64,Materials,0000 Uncategorized
22PJ6KnAxPPH,Job 00167,Wheelchair Ramp,2x6x12 SPF,10,10.76,17.97,Materials,0000 Uncategorized
22PJ6KnAxPPH,Job 00167,Wheelchair Ramp,PT Deck Board Premium Pine - 12',14,14.53,24.27,Materials,0000 Uncategorized
22PJ6KnAxPPH,Job 00167,Wheelchair Ramp,Hourly Rate,36,55,89,Materials,0000 Uncategorized
22PJ6KnAxPPH,Job 00167,Crawlspace Moisture Mitigation,Subcontractor,,7525,10760.749999999998,Labor,0000 Uncategorized
22PJ6KnAxPPH,Job 00167,Crawlspace Structural Repairs,Subcontractor,,4730,6763.900000000001,Labor,0000 Uncategorized
22PJ9KAy9tDp,Job 00168,Crawlspace Moisture Inspection,YCS Pro Cleaner,0.4,29,48.43,Materials,0000 Uncategorized
22PJ9KAy9tDp,Job 00168,Crawlspace Moisture Inspection,Hourly Rate,4,55,89,Materials,0000 Uncategorized
22PJ9KAy9tDp,Job 00168,Crawlspace Moisture Inspection,YCS Pro Cleaner,0.4,29,48.43,Materials,0000 Uncategorized
22PJ9KAy9tDp,Job 00168,Crawlspace Moisture Inspection,Hourly Rate,4,55,89,Materials,0000 Uncategorized
22PJ9KAy9tDp,Job 00168,Crawlspace Moisture Inspection,YCS Pro Cleaner,0.4,28.999999999999996,,Materials,0000 Uncategorized
22PJ9KAy9tDp,Job 00168,Crawlspace Moisture Inspection,Hourly Rate,4,55,,Materials,0000 Uncategorized
22PJCDScAcPX,46255004 - change orders,Gutter Installation,Subcontractor,1,1100,1585,Labor,0000 Uncategorized
22PJCDScAcPX,46255004 - change orders,Inswing Patio Door Unit (6') Replacement,Hourly rate,16,55,89,Materials,0000 Uncategorized
22PJCDScAcPX,46255004 - change orders,Inswing Patio Door Unit (6') Replacement,6/0 x 6/8 Steel Full Lite Patio Door,2,649,1083.83,Materials,0000 Uncategorized
22PJCDScAcPX,46255004 - change orders,Inswing Patio Door Unit (6') Replacement,Nashua Tape1.89 in. x 30 yd. Dryer Vent Installation Duct Tape,2,6.38,10.66,Materials,0000 Uncategorized
22PJCDScAcPX,46255004 - change orders,Inswing Patio Door Unit (6') Replacement,Composite Shim,4,2.23,3.71,Materials,0000 Uncategorized
22PJCDScAcPX,46255004 - change orders,Inswing Patio Door Unit (6') Replacement,Door Insulation Exterior Door,2,16.98,28.36,Materials,0000 Uncategorized
22PJCDScAcPX,46255004 - change orders,Inswing Patio Door Unit (6') Replacement,GREAT STUFF Gaps and Cracks Foam Sealant,2,8.18,13.66,Materials,0000 Uncategorized
22PJCDScAcPX,46255004 - change orders,Inswing Patio Door Unit (6') Replacement,356 Door & Window Casing Moulding,4,5.85,9.77,Materials,0000 Uncategorized
22PJCDScAcPX,46255004 - change orders,Inswing Patio Door Unit (6') Replacement,"10""x10' Aluminum Flashing",2,11.62,19.41,Materials,0000 Uncategorized
22PJCDScAcPX,46255004 - change orders,Inswing Patio Door Unit (6') Replacement,1050 Quick Dry Siliconized Acrylic Latex Caulk,3,3.31,5.53,Materials,0000 Uncategorized
22PJCDScAcPX,46255004 - change orders,Replace Custom Kitchen Cabinets,Cabinetry Allowance,1,15500,19840,Materials,0000 Uncategorized
22PJCDScAcPX,46255004 - change orders,Replace Custom Kitchen Cabinets,Cabinet Install,32,55,89,Materials,0000 Uncategorized
22PJCDScAcPX,46255004 - change orders,Replace Custom Kitchen Cabinets,Painters,1,0,,Materials,0000 Uncategorized
22PJCDScAcPX,46255004 - change orders,Countertop Replacement,Subcontractor,1,3420,4860,Labor,0000 Uncategorized
22PJCDScAcPX,46255004 - change orders,Countertop Replacement,Subcontractor,1,2372.8,3371.98608,Labor,0000 Uncategorized
22PJCDScAcPX,46255004 - change orders,Kitchen Plumbing Repairs,Labor,16,80,120,Labor,1000 1000 Preparation and Management Fees
22PJCDScAcPX,46255004 - change orders,Kitchen Plumbing Repairs,Plumbing Fixture Allowance,1,317.65,508.23999999999995,Materials,0000 Uncategorized
22PJCDScAcPX,46255004 - change orders,Kitchen Plumbing Repairs,Plumbing Fixture Allowance,1,290.75,465.2,Materials,0000 Uncategorized
22PJCDScAcPX,46255004 - change orders,Kitchen Plumbing Repairs,Plumbing Fixture Allowance,1,150,240,Materials,0000 Uncategorized
22PJCDScAcPX,46255004 - change orders,Gutter Installation,Subcontractor,1,1100,1585,Labor,0000 Uncategorized
22PJCDScAcPX,46255004 - change orders,Inswing Patio Door Unit (6') Replacement,Hourly rate,16,55,89,Materials,0000 Uncategorized
22PJCDScAcPX,46255004 - change orders,Inswing Patio Door Unit (6') Replacement,6/0 x 6/8 Steel Full Lite Patio Door,2,649,1083.83,Materials,0000 Uncategorized
22PJCDScAcPX,46255004 - change orders,Inswing Patio Door Unit (6') Replacement,Nashua Tape1.89 in. x 30 yd. Dryer Vent Installation Duct Tape,2,6.38,10.66,Materials,0000 Uncategorized
22PJCDScAcPX,46255004 - change orders,Inswing Patio Door Unit (6') Replacement,Composite Shim,4,2.23,3.71,Materials,0000 Uncategorized
22PJCDScAcPX,46255004 - change orders,Inswing Patio Door Unit (6') Replacement,Door Insulation Exterior Door,2,16.98,28.36,Materials,0000 Uncategorized
22PJCDScAcPX,46255004 - change orders,Inswing Patio Door Unit (6') Replacement,GREAT STUFF Gaps and Cracks Foam Sealant,2,8.18,13.66,Materials,0000 Uncategorized
22PJCDScAcPX,46255004 - change orders,Inswing Patio Door Unit (6') Replacement,356 Door & Window Casing Moulding,4,5.85,9.77,Materials,0000 Uncategorized
22PJCDScAcPX,46255004 - change orders,Inswing Patio Door Unit (6') Replacement,"10""x10' Aluminum Flashing",2,11.62,19.41,Materials,0000 Uncategorized
22PJCDScAcPX,46255004 - change orders,Inswing Patio Door Unit (6') Replacement,1050 Quick Dry Siliconized Acrylic Latex Caulk,3,3.31,5.53,Materials,0000 Uncategorized
22PJCDScAcPX,46255004 - change orders,Replace Custom Kitchen Cabinets,Cabinetry Allowance,1,15500,19840,Materials,0000 Uncategorized
22PJCDScAcPX,46255004 - change orders,Replace Custom Kitchen Cabinets,Hourly Rate,32,55,89,Materials,0000 Uncategorized
22PJCDScAcPX,46255004 - change orders,Countertop Replacement,Subcontractor,36,95,135,Labor,0000 Uncategorized
22PJCDScAcPX,46255004 - change orders,Kitchen Plumbing Repairs,Labor,16,80,120,Labor,1000 1000 Preparation and Management Fees
22PJCMRzrJnK,46255013,Interior Paint,Subcontractor,1,19000,26220,Labor,0000 Uncategorized
22PJCMRzrJnK,46255013,Interior Paint (pantry),Subcontractor,1,675,929,Labor,0000 Uncategorized
22PJCMRzrJnK,46255013,Interior Paint (master closet),Subcontractor,1,1178,1626,Labor,0000 Uncategorized
22PJCMRzrJnK,46255013,Wallpaper Removal/Install,Subcontractor,1,1500,2070,Labor,0000 Uncategorized
22PJCMRzrJnK,46255013,Cabinet Refinishing (prep/paint),Subcontractor,1,10573,14591,Labor,0000 Uncategorized
22PJCMRzrJnK,46255013,Cabinet/Carpentry Work,Subcontractor,1,4000,5520,Labor,0000 Uncategorized
22PJCMRzrJnK,46255013,General Plumbing Repairs,Labor,1,1500,2070,Labor,1000 1000 Preparation and Management Fees
22PJCMRzrJnK,46255013,Counter Top Replacement,Subcontractor,1,14000,19320,Labor,0000 Uncategorized
22PJCMRzrJnK,46255013,Replace Audio Speaker Wall Controllers,Subcontractor,1,2500,3450,Labor,0000 Uncategorized
22PJCMRzrJnK,46255013,Replace Smoke Detectors,Subcontractor,1,770,1062,Labor,0000 Uncategorized
22PJCPkWuGQ9,46255020,Barn Door (upstairs bathroom),Trim Carpenter,1,600,870,Labor,1000 1000 Preparation and Management Fees
22PJCPkWuGQ9,46255020,Barn Door (upstairs bathroom),Special Order Materials - Barn door hardware kit and door slabs,1,650.26,1029.5783333333334,Materials,0000 Uncategorized
22PJCPkWuGQ9,46255020,Barn Door (upstairs bathroom),Paint,1,350,510,Materials,0000 Uncategorized
22PJCPkWuGQ9,46255020,Countertop Replacement,Subcontractor,1,2145,2960,Labor,0000 Uncategorized
22PJCPkWuGQ9,46255020,General Plumbing Repairs,Labor,1,750,1035,Labor,1000 1000 Preparation and Management Fees
22PJCPkWuGQ9,46255020,General Plumbing Repairs,Guest Bathroom Sink Faucet,1,293.9,405.582,Labor,1000 1000 Preparation and Management Fees
22PJCPkWuGQ9,46255020,General Plumbing Repairs,"Upstairs Shower Trim Kit (head, handle, tub diverter)",1,205.17,283.1346,Labor,1000 1000 Preparation and Management Fees
22PJCPkWuGQ9,46255020,General Plumbing Repairs,Upstairs Bathroom Sink Faucet,1,293.9,405.582,Labor,1000 1000 Preparation and Management Fees
22PJCPkWuGQ9,46255020,General Plumbing Repairs,Powder room Sink Faucet,1,314.09,490.32589899999994,Labor,1000 1000 Preparation and Management Fees
22PJCPkWuGQ9,46255020,General Plumbing Repairs,Labor - tub drain,1,150,207,Labor,1000 1000 Preparation and Management Fees
22PJCPkWuGQ9,46255020,General Plumbing Repairs,Tub drain,1,127.98,176.6124,Labor,1000 1000 Preparation and Management Fees
22PJCPkWuGQ9,46255020,Entry Door Sidelight Repair,Hourly rate,6,55,89,Materials,0000 Uncategorized
22PJCPkWuGQ9,46255020,Entry Door Sidelight Repair,Vinyl Door Jamb,0.5,65.96,110.16,Materials,1500 Doors & Windows
22PJCPkWuGQ9,46255020,Entry Door Sidelight Repair,Composite Shim,1,2.23,3.71,Materials,0000 Uncategorized
22PJCPkWuGQ9,46255020,Entry Door Sidelight Repair,1050 Quick Dry Siliconized Acrylic Latex Caulk,1,3.31,5.53,Materials,0000 Uncategorized
22PJCPkWuGQ9,46255020,Entry Door Sidelight Repair,3M Bondo Interior/ Exterior Waterproof 41 oz.,1,31.68,52.91,Materials,0000 Uncategorized
22PJCPkWuGQ9,46255020,Entry Door Sidelight Repair,Custom Gallon Paint,0.25,55,91.84,Labor,1000 1000 Preparation and Management Fees
22PJCPkWuGQ9,46255020,Barn Door (upstairs bathroom),Trim Carpenter,1,600,870,Labor,1000 1000 Preparation and Management Fees
22PJCPkWuGQ9,46255020,Barn Door (upstairs bathroom),Special Order Materials,1,300,475,Materials,0000 Uncategorized
22PJCPkWuGQ9,46255020,Barn Door (upstairs bathroom),Paint,1,350,510,Materials,0000 Uncategorized
22PJCPkWuGQ9,46255020,Countertop Replacement,Subcontractor,1,2145,2960,Labor,0000 Uncategorized
22PJCPkWuGQ9,46255020,General Plumbing Repairs,Labor,1,750,1035,Labor,1000 1000 Preparation and Management Fees
22PJCPkWuGQ9,46255020,General Plumbing Repairs,Guest Bathroom Sink Faucet,1,250,345,Labor,1000 1000 Preparation and Management Fees
22PJCPkWuGQ9,46255020,General Plumbing Repairs,"Upstairs Shower Trim Kit (head, handle, tub diverter)",1,200,276,Labor,1000 1000 Preparation and Management Fees
22PJCPkWuGQ9,46255020,General Plumbing Repairs,Upstairs Bathroom Sink Faucet,1,250,345,Labor,1000 1000 Preparation and Management Fees
22PJCPkWuGQ9,46255020,General Plumbing Repairs,Powder room Sink Faucet,1,280,638,Labor,1000 1000 Preparation and Management Fees
22PJCPkWuGQ9,46255020,Entry Door Sidelight Repair,Hourly rate,6,55,89,Materials,0000 Uncategorized
22PJCPkWuGQ9,46255020,Entry Door Sidelight Repair,Vinyl Door Jamb,0.5,65.96,110.16,Materials,1500 Doors & Windows
22PJCPkWuGQ9,46255020,Entry Door Sidelight Repair,Composite Shim,1,2.23,3.71,Materials,0000 Uncategorized
22PJCPkWuGQ9,46255020,Entry Door Sidelight Repair,1050 Quick Dry Siliconized Acrylic Latex Caulk,1,3.31,5.53,Materials,0000 Uncategorized
22PJCPkWuGQ9,46255020,Entry Door Sidelight Repair,3M Bondo Interior/ Exterior Waterproof 41 oz.,1,31.68,52.91,Materials,0000 Uncategorized
22PJCPkWuGQ9,46255020,Entry Door Sidelight Repair,Custom Gallon Paint,0.25,55,91.84,Labor,1000 1000 Preparation and Management Fees
22PJCPkWuGQ9,46255020,Barn Door (upstairs bathroom),Trim Carpenter,1,600,870,Labor,1000 1000 Preparation and Management Fees
22PJCPkWuGQ9,46255020,Barn Door (upstairs bathroom),Special Order Materials - Barn door hardware kit and door slabs,1,650.26,1029.5783333333334,Materials,0000 Uncategorized
22PJCPkWuGQ9,46255020,Barn Door (upstairs bathroom),Paint,1,350,510,Materials,0000 Uncategorized
22PJCPkWuGQ9,46255020,Countertop Replacement,Subcontractor,1,2145,2960,Labor,0000 Uncategorized
22PJCSg7L4VH,46254865,Exterior Paint/Stain,Labor,1,12494.81,18658.80717741642,Labor,1000 1000 Preparation and Management Fees
22PJCSg7L4VH,46254865,Exterior Paint/Stain,3M Bondo Interior/ Exterior Waterproof 41 oz.,1,31.68,52.91,Materials,0000 Uncategorized
22PJCSg7L4VH,46254865,Exterior Paint/Stain,1050 Quick Dry Siliconized Acrylic Latex Caulk,1,3.31,5.53,Materials,0000 Uncategorized
22PJCSg7L4VH,46254865,Exterior Paint/Stain,Sanding Discs,1,8.97,14.98,Materials,0000 Uncategorized
22PJCSg7L4VH,46254865,Exterior Paint/Stain,Semi-gloss Ultra White Acrylic Interior/Exterior Door and Trim Paint (1-Gallon),1,56.98,95.16,Materials,2300 Painting
22PJCSg7L4VH,46254865,Exterior Paint/Stain,Paint Brush,1,6.21,10.37,Materials,0000 Uncategorized
22PJCSg7L4VH,46254865,Exterior Paint/Stain,Plastic Sheeting,1,59.48,99.33,Materials,0000 Uncategorized
22PJCSg7L4VH,46254865,Porch Railing Repair,Hourly rate,23,55,89,Materials,0000 Uncategorized
22PJCSg7L4VH,46254865,Porch Railing Repair,Deckmate 3 inch wood screw,1,12.98,21.68,Materials,410 Framing
22PJCSg7L4VH,46254865,Porch Railing Repair,2x4x8 PT,20,6.1899999999999995,10.34,Materials,0000 Uncategorized
22PJCSg7L4VH,46254865,Porch Railing Repair,Pressure Treated Square Deck Balluster,80,1.6800000000000002,2.5,Materials,0000 Uncategorized
22PJCSg7L4VH,46254865,Porch Railing Repair,2x6x16 ft. PT,5,18.98,31.7,Materials,0000 Uncategorized
22PJCSg7L4VH,46254865,Porch Railing Repair,4x4x8 PT,2,10.77,17.99,Materials,0000 Uncategorized
22PJCSg7L4VH,46254865,Wood Fascia/Soffit Repair,Hourly rate,29,55,89,Materials,0000 Uncategorized
22PJCSg7L4VH,46254865,Wood Fascia/Soffit Repair,3M Bondo Interior/ Exterior Waterproof 41 oz.,2,31.68,52.91,Materials,0000 Uncategorized
22PJCSg7L4VH,46254865,Wood Fascia/Soffit Repair,1050 Quick Dry Siliconized Acrylic Latex Caulk,4,3.31,5.53,Materials,0000 Uncategorized
22PJCSg7L4VH,46254865,Wood Fascia/Soffit Repair,1x6x12 PT,40,10.92,18.240000000000002,Materials,0000 Uncategorized
22PJCSg7L4VH,46254865,Exterior Window Trim,Hourly rate,15,55,89,Materials,0000 Uncategorized
22PJCSg7L4VH,46254865,Exterior Window Trim,Composite Shim,1,2.23,3.71,Materials,0000 Uncategorized
22PJCSg7L4VH,46254865,Exterior Window Trim,1050 Quick Dry Siliconized Acrylic Latex Caulk,4,3.31,5.53,Materials,0000 Uncategorized
22PJCSg7L4VH,46254865,Exterior Window Trim,3M Bondo Interior/ Exterior Waterproof 41 oz.,1,31.68,52.91,Materials,0000 Uncategorized
22PJCSg7L4VH,46254865,Exterior Window Trim,Primed Pine Sill Nose,16,16.66,27.49,Materials,0000 Uncategorized
22PJCSg7L4VH,46254865,Exterior Window Trim,Primed Pine Brick Molding,36,13.86,22.87,Materials,0000 Uncategorized
22PJCSg7L4VH,46254865,Screen Porch Handrail and Screen Replacement,Hourly rate,36,55,89,Materials,0000 Uncategorized
22PJCSg7L4VH,46254865,Screen Porch Handrail and Screen Replacement,Custom Order Product,1,250,400,Materials,0000 Uncategorized
22PJCSg7L4VH,46254865,Screen Porch Handrail and Screen Replacement,Custom Order Product,2,75,120,Materials,0000 Uncategorized
22PJCSg7L4VH,46254865,Screen Porch Handrail and Screen Replacement,2x2 x 8 ft. #1 Pressure-Treated Southern Pine Lumber,30,5.12,9.47,Materials,0000 Uncategorized
22PJCSg7L4VH,46254865,Screen Porch Handrail and Screen Replacement,2x4x10 PT,6,8.709999999999999,14.549999999999999,Materials,0000 Uncategorized
22PJCSg7L4VH,46254865,Roof Shingle Repair/Replacement,Hourly rate,12,55,89,Materials,0000 Uncategorized
22PJCSg7L4VH,46254865,Roof Shingle Repair/Replacement,Shingle,1,43.46,72.57820000000001,Materials,0000 Uncategorized
22PJCSg7L4VH,46254865,Roof Shingle Repair/Replacement,Henry 208R Rubberized Wet Patch 10.1 oz Roof Cement Leak Repair,1,7.24,12.09,Materials,0000 Uncategorized
22PJCSg7L4VH,46254865,Roof Shingle Repair/Replacement,Grip-Rite#11 x 1-1/4 in. Electro-Galvanized Steel Roofing Nails (1 lb.-Pack),1,4.98,8.32,Materials,0000 Uncategorized
22PJCSg7L4VH,46254865,Kickout Flashing Install,Hourly rate,3,76.65666666666667,89,Materials,0000 Uncategorized
22PJCSg7L4VH,46254865,Kickout Flashing Install,Black Kickout Flashing,1,12.01,20.06,Materials,0000 Uncategorized
22PJCSg7L4VH,46254865,Kickout Flashing Install,Henry 208R Rubberized Wet Patch 10.1 oz Roof Cement Leak Repair,1,7.24,12.09,Materials,0000 Uncategorized
22PJCSg7L4VH,46254865,Kickout Flashing Install,Grip-Rite#11 x 1-1/4 in. Electro-Galvanized Steel Roofing Nails (1 lb.-Pack),0.1,5,8.299999999999999,Materials,0000 Uncategorized
22PJCSg7L4VH,46254865,Wood Siding Repair,Hourly Rate,10,55,89,Materials,0000 Uncategorized
22PJCSg7L4VH,46254865,Wood Siding Repair,1x4 Cypress Board,40,1.17,2.16,Labor,1000 1000 Preparation and Management Fees
22PJCSg7L4VH,46254865,Wood Siding Repair,1x8 cypress board,40,3.81,7.05,Labor,1000 1000 Preparation and Management Fees
22PJCSg7L4VH,46254865,Crawl Space Door & Hardware Replacement,Hourly rate,5,55,89,Materials,0000 Uncategorized
22PJCSg7L4VH,46254865,Crawl Space Door & Hardware Replacement,"7/16"" OSB Sheathing Panel",1,17.37,29.01,Materials,0000 Uncategorized
22PJCSg7L4VH,46254865,Crawl Space Door & Hardware Replacement,"3 1/2"" Black Tee Hinge",1,6.94,11.59,Materials,0000 Uncategorized
22PJCSg7L4VH,46254865,Crawl Space Door & Hardware Replacement,Black Slide Bolt,1,6.94,11.59,Materials,0000 Uncategorized
22PJCSg7L4VH,46254865,Crawl Space Door & Hardware Replacement,1x8x18 Vinyl Trim Plank,1,72,120.24,Materials,0000 Uncategorized
22PJCSg7L4VH,46254865,Crawl Space Door & Hardware Replacement,1x4x18 Vinyl Trim plank,1,34.2,57.12,Materials,0000 Uncategorized
22PJCSg7L4VH,46254865,Crawl Space Door & Hardware Replacement,1050 Quick Dry Siliconized Acrylic Latex Caulk,1,3.31,5.53,Materials,0000 Uncategorized
22PJCSg7L4VH,46254865,Crawl Space Door & Hardware Replacement,Liquid Nail Fuze It Glue,1,8.24,13.76,Materials,0000 Uncategorized
22PJCSg7L4VH,46254865,Exterior Paint/Stain,Labor,1,13744.5,20525,Labor,1000 1000 Preparation and Management Fees
22PJCSg7L4VH,46254865,Exterior Paint/Stain,3M Bondo Interior/ Exterior Waterproof 41 oz.,1,31.68,52.91,Materials,0000 Uncategorized
22PJCSg7L4VH,46254865,Exterior Paint/Stain,1050 Quick Dry Siliconized Acrylic Latex Caulk,1,3.31,5.53,Materials,0000 Uncategorized
22PJCSg7L4VH,46254865,Exterior Paint/Stain,Sanding Discs,1,8.97,14.98,Materials,0000 Uncategorized
22PJCSg7L4VH,46254865,Exterior Paint/Stain,Semi-gloss Ultra White Acrylic Interior/Exterior Door and Trim Paint (1-Gallon),1,56.98,95.16,Materials,2300 Painting
22PJCSg7L4VH,46254865,Exterior Paint/Stain,Paint Brush,1,6.21,10.37,Materials,0000 Uncategorized
22PJCSg7L4VH,46254865,Exterior Paint/Stain,Plastic Sheeting,1,59.48,99.33,Materials,0000 Uncategorized
22PJCduXJieh,Job 00173,Loose Siding Repair,Hourly Rate,1.5,55,89,Materials,0000 Uncategorized
22PJCduXJieh,Job 00173,Window Seal Repair,Hourly Rate,1.25,55,89,Materials,0000 Uncategorized
22PJCduXJieh,Job 00173,Exterior Spigot Repair,Hourly Rate,1.2,55,89,Materials,0000 Uncategorized
22PJCduXJieh,Job 00173,Ductwork Repair,Nashua Tape 1.89 in. x 50 yd. 322 Multi-Purpose HVAC Foil Duct Tape,,12.1,20.21,Materials,0000 Uncategorized
22PJCduXJieh,Job 00173,Ductwork Repair,Hourly Rate,3,55,89,Materials,0000 Uncategorized
22PJCduXJieh,Job 00173,Bathtub Diverter Spout Replacement,GESilicone 1 10.1 oz. White Bath Tub and Tile Caulk,,8.98,16,Materials,0000 Uncategorized
22PJCduXJieh,Job 00173,Bathtub Diverter Spout Replacement,Hourly Rate,1.5,55,89,Materials,0000 Uncategorized
22PJCduXJieh,Job 00173,Bathtub Diverter Spout Replacement,Bathtub Diverter Spout,,33.98,47.56,Materials,0000 Uncategorized
22PJCduXJieh,Job 00173,Dryer Vent Repair,Nashua Tape1.89 in. x 30 yd. Dryer Vent Installation Duct Tape,,6.38,10.66,Materials,0000 Uncategorized
22PJCduXJieh,Job 00173,Dryer Vent Repair,Hourly Rate,1.5,55,89,Materials,0000 Uncategorized
22PJCduXJieh,Job 00173,Loose Siding Repair,Hourly Rate,1.5,55,89,Materials,0000 Uncategorized
22PJCduXJieh,Job 00173,Window Seal Repair,Hourly Rate,1.25,55,89,Materials,0000 Uncategorized
22PJCduXJieh,Job 00173,Exterior Spigot Repair,Hourly Rate,1.2,55,89,Materials,0000 Uncategorized
22PJCduXJieh,Job 00173,Ductwork Repair,Nashua Tape 1.89 in. x 50 yd. 322 Multi-Purpose HVAC Foil Duct Tape,,12.1,20.21,Materials,0000 Uncategorized
22PJCduXJieh,Job 00173,Ductwork Repair,Hourly Rate,3,55,89,Materials,0000 Uncategorized
22PJFnf7gU2n,Job 00175,Ceiling Repair/Touchups,Custom Gallon Paint/Stain,,60,99.00000000000001,Materials,2300 Painting
22PJFnf7gU2n,Job 00175,Ceiling Repair/Touchups,Paint Brush,,,,Materials,0000 Uncategorized
22PJFnf7gU2n,Job 00175,Ceiling Repair/Touchups,Floor Covering - Econo Runner,,121.79,200.96,Materials,0000 Uncategorized
22PJFnf7gU2n,Job 00175,Ceiling Repair/Touchups,White Oil-Based Interior/Exterior Primer and Sealer,,34.98,57.717000000000006,Materials,0000 Uncategorized
22PJFnf7gU2n,Job 00175,Ceiling Repair/Touchups,Hourly Rate,14,55,89,Materials,0000 Uncategorized
22PJFnf7gU2n,Job 00175,Exterior Repairs,Hourly Rate,1,55,89,Materials,0000 Uncategorized
22PJFnf7gU2n,Job 00175,Exterior Repairs,Flood Light Bulb,1,10,16.73076923076923,Materials,0000 Uncategorized
22PJFnf7gU2n,Job 00175,Exterior Repairs,Ply Gem 12.75 in x 0.5 in Rectangular Triple 4 in. Economy Solid Vinyl Soffit - Non-Ventilated,0,22.17,36.58050000000001,Materials,0000 Uncategorized
22PJFnf7gU2n,Job 00175,Ceiling Repair/Touchups,Custom Gallon Paint/Stain,,60,99.00000000000001,Materials,2300 Painting
22PJFnf7gU2n,Job 00175,Ceiling Repair/Touchups,Paint Brush,,0,0,Materials,0000 Uncategorized
22PJFnf7gU2n,Job 00175,Ceiling Repair/Touchups,Floor Covering - Econo Runner,,121.79,200.96,Materials,0000 Uncategorized
22PJFnf7gU2n,Job 00175,Ceiling Repair/Touchups,White Oil-Based Interior/Exterior Primer and Sealer,,34.98,57.717000000000006,Materials,0000 Uncategorized
22PJFnf7gU2n,Job 00175,Ceiling Repair/Touchups,Hourly Rate,15,55,89,Materials,0000 Uncategorized
22PJFnf7gU2n,Job 00175,Exterior Repairs,Flood Light Bulb,,10,16.73076923076923,Materials,0000 Uncategorized
22PJFnf7gU2n,Job 00175,Exterior Repairs,Ply Gem 12.75 in x 0.5 in Rectangular Triple 4 in. Economy Solid Vinyl Soffit - Non-Ventilated,,22.17,36.58050000000001,Materials,0000 Uncategorized
22PJFnf7gU2n,Job 00175,Exterior Repairs,Hourly Rate,3,55,89,Materials,0000 Uncategorized
22PJFnf7gU2n,Job 00175,Exhaust Fan Replacement,Bath exhaust fan (pick size to match existing),1,100,167.00191570881225,Materials,0000 Uncategorized
22PJFnf7gU2n,Job 00175,Exhaust Fan Replacement,Hourly Rate,2,55,89,Materials,0000 Uncategorized
22PJFnf7gU2n,Job 00175,Ceiling Repair/Touchups,Custom Gallon Paint/Stain,,60,99.00000000000001,Materials,2300 Painting
22PJFnf7gU2n,Job 00175,Ceiling Repair/Touchups,Floor Covering - Econo Runner,,121.79,200.96,Materials,0000 Uncategorized
22PJFnf7gU2n,Job 00175,Ceiling Repair/Touchups,White Oil-Based Interior/Exterior Primer and Sealer,,34.98,57.717000000000006,Materials,0000 Uncategorized
22PJFnf7gU2n,Job 00175,Ceiling Repair/Touchups,Hourly Rate,14,55,89,Materials,0000 Uncategorized
22PJFnf7gU2n,Job 00175,Exterior Repairs,Flood Light Bulb,1,10,16.73076923076923,Materials,0000 Uncategorized
22PJFnf7gU2n,Job 00175,Exterior Repairs,Ply Gem 12.75 in x 0.5 in Rectangular Triple 4 in. Economy Solid Vinyl Soffit - Non-Ventilated,0,22.17,36.58050000000001,Materials,0000 Uncategorized
22PJFnf7gU2n,Job 00175,Exterior Repairs,Hourly Rate,1,55,89,Materials,0000 Uncategorized
22PJFnf7gU2n,Job 00175,Exhaust Fan Replacement,Bath exhaust fan (pick size to match existing),1,100,167.00191570881225,Materials,0000 Uncategorized
22PJFnf7gU2n,Job 00175,Exhaust Fan Replacement,Hourly Rate,2,55,89,Materials,0000 Uncategorized
22PJFnf7gU2n,Job 00175,Ceiling Repair/Touchups,Custom Gallon Paint/Stain,1,60,,Materials,2300 Painting
22PJFnf7gU2n,Job 00175,Ceiling Repair/Touchups,Paint Brush,1,0,,Materials,0000 Uncategorized
22PJFnf7gU2n,Job 00175,Ceiling Repair/Touchups,Floor Covering - Econo Runner,1,121.79,,Materials,0000 Uncategorized
22PJFnf7gU2n,Job 00175,Ceiling Repair/Touchups,White Oil-Based Interior/Exterior Primer and Sealer,1,34.98,,Materials,0000 Uncategorized
22PJFnf7gU2n,Job 00175,Ceiling Repair/Touchups,Hourly Rate,15,55,,Materials,0000 Uncategorized
22PJFnf7gU2n,Job 00175,Exterior Repairs,Flood Light Bulb,1,10,,Materials,0000 Uncategorized
22PJFnf7gU2n,Job 00175,Exterior Repairs,Ply Gem 12.75 in x 0.5 in Rectangular Triple 4 in. Economy Solid Vinyl Soffit - Non-Ventilated,1,22.17,,Materials,0000 Uncategorized
22PJFnf7gU2n,Job 00175,Exterior Repairs,Hourly Rate,3,55,,Materials,0000 Uncategorized
22PJRz4rXRC7,Job 00176,5.3.1 - Shingle Nail Repair,Henry 208R Rubberized Wet Patch 10.1 oz Roof Cement Leak Repair,,7.24,12.09,Materials,0000 Uncategorized
22PJRz4rXRC7,Job 00176,5.3.1 - Shingle Nail Repair,Hourly Rate,2,55,89,Materials,0000 Uncategorized
22PJRz4rXRC7,Job 00176,5.3.2 - Lifting Boot Repair,Henry 208R Rubberized Wet Patch 10.1 oz Roof Cement Leak Repair,,7.24,12.09,Materials,0000 Uncategorized
22PJRz4rXRC7,Job 00176,5.3.2 - Lifting Boot Repair,Grip-Rite#11 x 1-1/4 in. Electro-Galvanized Steel Roofing Nails (1 lb.-Pack),,4.98,8.32,Materials,0000 Uncategorized
22PJRz4rXRC7,Job 00176,5.3.2 - Lifting Boot Repair,Hourly Rate,2,55,89,Materials,0000 Uncategorized
22PJRz4rXRC7,Job 00176,6.7.1 - Gas Bonding Installation,"1/2"" Copper Ground Rod",,16.86,28.16,Materials,0000 Uncategorized
22PJRz4rXRC7,Job 00176,6.7.1 - Gas Bonding Installation,Grounding/Bonding Clamp,,5.22,8.72,Materials,0000 Uncategorized
22PJRz4rXRC7,Job 00176,6.7.1 - Gas Bonding Installation,Southwire 25 ft. 8-Gauge Solid SD Bare Copper Grounding Wire,,21.46,35.84,Materials,0000 Uncategorized
22PJRz4rXRC7,Job 00176,6.7.1 - Gas Bonding Installation,Hourly Rate,,500,809.0909090909091,Materials,0000 Uncategorized
22PJRz4rXRC7,Job 00176,6.1.1 - Pressure Regulator Adjustment,Hourly Rate,1,55,89,Materials,0000 Uncategorized
22PJRz4rXRC7,Job 00176,6.5.1 - Exterior Spigot Repair,Hourly Rate,1.5,55,89,Materials,0000 Uncategorized
22PJRz4rXRC7,Job 00176,8.1.1 - Fiberglass Bathtub Repair,Fiberglass Tub Repair Kit,,29.99,50.08,Materials,0000 Uncategorized
22PJRz4rXRC7,Job 00176,8.1.1 - Fiberglass Bathtub Repair,Return trip for finishing,,55,89,Materials,0000 Uncategorized
22PJRz4rXRC7,Job 00176,8.1.1 - Fiberglass Bathtub Repair,Hourly Rate,2.5,55,89,Materials,0000 Uncategorized
22PJRz4rXRC7,Job 00176,"8.1.2, 8.2.1 - Bathtub Spout Repair",GESilicone 1 10.1 oz. White Bath Tub and Tile Caulk,,8.98,16,Materials,0000 Uncategorized
22PJRz4rXRC7,Job 00176,"8.1.2, 8.2.1 - Bathtub Spout Repair",Hourly Rate,1.5,55,89,Materials,0000 Uncategorized
22PJRz4rXRC7,Job 00176,"8.1.2, 8.2.1 - Bathtub Spout Repair",Bathtub Diverter Spout,,33.98,47.56,Materials,0000 Uncategorized
22PJRz4rXRC7,Job 00176,8.2.2 - Sink Faucet Repair,Hourly Rate,1,55,89,Materials,0000 Uncategorized
22PJRz4rXRC7,Job 00176,8.2.4 - Flush Valve Replacement,Toilet Fill Valve,,10.12,16.9,Materials,0000 Uncategorized
22PJRz4rXRC7,Job 00176,8.2.4 - Flush Valve Replacement,Hourly Rate,1.5,55,89,Materials,0000 Uncategorized
22PJRz4rXRC7,Job 00176,9.8.1 - Carbon Monoxide Detector Installation,Carbon Monoxide Detector (Battery Powered),3,18.57,31.01,Materials,0000 Uncategorized
22PJRz4rXRC7,Job 00176,9.8.1 - Carbon Monoxide Detector Installation,Hourly Rate,2,55,89,Materials,0000 Uncategorized
22PJV4QeBwjR,00177 - 233 Bowen Rd CR,Door and Window Adjustments/Parts Replacement,Miscellaneous,,100,142.85714285714286,Materials,0000 Uncategorized
22PJV4QeBwjR,00177 - 233 Bowen Rd CR,Door and Window Adjustments/Parts Replacement,Hourly Rate,6,55,89,Materials,0000 Uncategorized
22PJV4QeBwjR,00177 - 233 Bowen Rd CR,Deck Repairs,"1-5/8"" DeckMate Screws - 1 lb.",1,11.16,18.64,Materials,0000 Uncategorized
22PJV4QeBwjR,00177 - 233 Bowen Rd CR,Deck Repairs,Miscellaneous,,50,71.42857142857143,Materials,0000 Uncategorized
22PJV4QeBwjR,00177 - 233 Bowen Rd CR,Deck Repairs,PT Decking Board Premium Pine - 16',3,17.53,29.28,Materials,0000 Uncategorized
22PJV4QeBwjR,00177 - 233 Bowen Rd CR,Deck Repairs,Hourly Rate,6,55,89,Materials,0000 Uncategorized
22PJV4QeBwjR,00177 - 233 Bowen Rd CR,Exterior GFCI Outlet Repair/Replace,"20 Amp 125-Volt Duplex SmarTest Self-Test SmartlockPro Tamper Resistant GFCI Outlet, White",2,23.6,43.66,Materials,0000 Uncategorized
22PJV4QeBwjR,00177 - 233 Bowen Rd CR,Exterior GFCI Outlet Repair/Replace,1-Gang Weatherproof Cover,2,8.62,14.4,Materials,0000 Uncategorized
22PJV4QeBwjR,00177 - 233 Bowen Rd CR,Exterior GFCI Outlet Repair/Replace,Hourly Rate,3,55,89,Materials,0000 Uncategorized
22PJV4QeBwjR,00177 - 233 Bowen Rd CR,Smoke Detector Installation,Smoke Detector (Battery Powered),4,18.97,31.68,Materials,0000 Uncategorized
22PJV4QeBwjR,00177 - 233 Bowen Rd CR,Smoke Detector Installation,Hourly Rate,2,55,89,Materials,0000 Uncategorized
22PJV4QeBwjR,00177 - 233 Bowen Rd CR,Label Electrical,EatonLoad Center Circuit Directory (2-Pack),,11.5,19.21,Materials,0000 Uncategorized
22PJV4QeBwjR,00177 - 233 Bowen Rd CR,Label Electrical,Hourly Rate,2,55,89,Materials,0000 Uncategorized
22PJV4QeBwjR,00177 - 233 Bowen Rd CR,Water Heater Repairs,Subcontractor,,750,1071.4285714285716,Labor,0000 Uncategorized
22PJV4QeBwjR,00177 - 233 Bowen Rd CR,Crawlspace Moisture Control,Subcontractor,,3988,5538.888888888889,Labor,0000 Uncategorized
22PJV4QeBwjR,00177 - 233 Bowen Rd CR,Drain Pipe Repair,Subcontractor,,450,642.8571428571429,Labor,0000 Uncategorized
22PJV4QeBwjR,00177 - 233 Bowen Rd CR,Drain Pipe Repair,Hourly Rate,1.5,55,89,Materials,0000 Uncategorized
22PJV4QeBwjR,00177 - 233 Bowen Rd CR,Downspout Extender Installation,Hourly Rate,2,55,89,Materials,0000 Uncategorized
22PJV4QeBwjR,00177 - 233 Bowen Rd CR,Downspout Extender Installation,Downspout Extender,4,8.97,14.98,Materials,0000 Uncategorized
22PJV4QeBwjR,00177 - 233 Bowen Rd CR,Bathtub Spout Repair,GESilicone 1 10.1 oz. White Bath Tub and Tile Caulk,,8.98,16,Materials,0000 Uncategorized
22PJV4QeBwjR,00177 - 233 Bowen Rd CR,Bathtub Spout Repair,Hourly Rate,1.5,55,89,Materials,0000 Uncategorized
22PJVSRV3Fxk,Job 00178,Seal Joints Gaps at Stone Veneer and Trim/Windows,SAKRETE 10.3 fl. oz. Mortar Repair Sealant,6,6.18,10.32,Materials,0000 Uncategorized
22PJVSRV3Fxk,Job 00178,Seal Joints Gaps at Stone Veneer and Trim/Windows,Hourly Rate,5,55,89,Materials,0000 Uncategorized
22PJVSRV3Fxk,Job 00178,Seal Joints Gaps at Stone Veneer and Trim/Windows,Lexel Clear Paintable Solvent Caulk,6,11.28,18.612000000000002,Materials,6000 Completion
22PJVSRV3Fxk,Job 00178,Seal Joints Gaps at Stone Veneer and Trim/Windows,SAKRETE 10.3 fl. oz. Mortar Repair Sealant,6,6.18,10.32,Materials,0000 Uncategorized
22PJVSRV3Fxk,Job 00178,Seal Joints Gaps at Stone Veneer and Trim/Windows,Hourly Rate,5,55,89,Materials,0000 Uncategorized
22PJVSRV3Fxk,Job 00178,Seal Joints Gaps at Stone Veneer and Trim/Windows,Lexel Clear Paintable Solvent Caulk,6,11.28,18.612000000000002,Materials,6000 Completion
22PJVSRV3Fxk,Job 00178,Seal Joints Gaps at Stone Veneer and Trim/Windows,SAKRETE 10.3 fl. oz. Mortar Repair Sealant,6,6.18,,Materials,0000 Uncategorized
22PJVSRV3Fxk,Job 00178,Seal Joints Gaps at Stone Veneer and Trim/Windows,Hourly Rate,5,55,,Materials,0000 Uncategorized
22PJVSRV3Fxk,Job 00178,Seal Joints Gaps at Stone Veneer and Trim/Windows,Lexel Clear Paintable Solvent Caulk,6,11.280000000000001,,Materials,6000 Completion
22PJebAVXsvh,Job 00180,3.3.1 - Entry Door Adjustment,Hourly Rate,0.5,55,89,Materials,0000 Uncategorized
22PJebAVXsvh,Job 00180,3.5.1 - Exterior Door Trim/Jamb Repair,Vinyl Brick Moulding,,17.46,29.16,Materials,0000 Uncategorized
22PJebAVXsvh,Job 00180,3.5.1 - Exterior Door Trim/Jamb Repair,Semi-gloss Ultra White Acrylic Interior/Exterior Door and Trim Paint (1-Gallon),0.25,33.12,54.648,Materials,2300 Painting
22PJebAVXsvh,Job 00180,3.5.1 - Exterior Door Trim/Jamb Repair,3M Bondo Interior/ Exterior Waterproof 41 oz.,0.25,31.68,52.272000000000006,Materials,0000 Uncategorized
22PJebAVXsvh,Job 00180,3.5.1 - Exterior Door Trim/Jamb Repair,1050 Quick Dry Siliconized Acrylic Latex Caulk,1,3.31,5.461500000000001,Materials,0000 Uncategorized
22PJebAVXsvh,Job 00180,3.5.1 - Exterior Door Trim/Jamb Repair,Hourly Rate,2,55,89,Materials,0000 Uncategorized
22PJebAVXsvh,Job 00180,3.11.1 - Vinyl Fascia/Soffit Repair,Hourly Rate,,55,89,Materials,0000 Uncategorized
22PJebAVXsvh,Job 00180,3.11.1 - Vinyl Fascia/Soffit Repair,Stainless Steel Trim Nail,,12.98,21.68,Materials,0000 Uncategorized
22PJebAVXsvh,Job 00180,3.11.1 - Vinyl Fascia/Soffit Repair,Lexel Clear Paintable Solvent Caulk,,11.28,18.612000000000002,Materials,6000 Completion
22PJebAVXsvh,Job 00180,3.11.2&3 - Aluminum Fascia and Soffit work,Hourly Rate,6,55,89,Materials,0000 Uncategorized
22PJebAVXsvh,Job 00180,3.11.2&3 - Aluminum Fascia and Soffit work,Trim Coil,,156,257.40000000000003,Materials,0000 Uncategorized
22PJebAVXsvh,Job 00180,3.11.2&3 - Aluminum Fascia and Soffit work,Metal Break Usage,2,55,90.75000000000001,Materials,0000 Uncategorized
22PJebAVXsvh,Job 00180,3.18.1 - Subfloor Repair,Hourly Rate,4,55,89,Materials,0000 Uncategorized
22PJebAVXsvh,Job 00180,3.18.1 - Subfloor Repair,Deckmate 3 inch wood screw,,12.98,21.417000000000005,Materials,410 Framing
22PJebAVXsvh,Job 00180,3.18.1 - Subfloor Repair,2x4x10 PT,,8.71,14.55,Materials,0000 Uncategorized
22PJebAVXsvh,Job 00180,3.18.1 - Subfloor Repair,23/32 in. T&G OSB Subfloor,,48,80.16,Materials,0000 Uncategorized
22PJebAVXsvh,Job 00180,5.1.1 - Shingle Nail Repair,Henry 208R Rubberized Wet Patch 10.1 oz Roof Cement Leak Repair,,7.24,12.09,Materials,0000 Uncategorized
22PJebAVXsvh,Job 00180,5.1.1 - Shingle Nail Repair,Hourly Rate,3,55,89,Materials,0000 Uncategorized
22PJebAVXsvh,Job 00180,5.3.1 - Paint Flue Pipe,Sanding Discs,,8.97,14.800500000000003,Materials,0000 Uncategorized
22PJebAVXsvh,Job 00180,5.3.1 - Paint Flue Pipe,Hourly Rate,2,55,89,Materials,0000 Uncategorized
22PJebAVXsvh,Job 00180,5.3.1 - Paint Flue Pipe,Black Spray Paint (Rustoleum),,6.48,10.82,Materials,0000 Uncategorized
22PJebAVXsvh,Job 00180,5.3.2 - Kickout Flashing Install,Grip-Rite#11 x 1-1/4 in. Electro-Galvanized Steel Roofing Nails (1 lb.-Pack),,4.98,8.32,Materials,0000 Uncategorized
22PJebAVXsvh,Job 00180,5.3.2 - Kickout Flashing Install,Henry 208R Rubberized Wet Patch 10.1 oz Roof Cement Leak Repair,,7.24,12.09,Materials,0000 Uncategorized
22PJebAVXsvh,Job 00180,5.3.2 - Kickout Flashing Install,Black Kickout Flashing,3,12.01,20.06,Materials,0000 Uncategorized
22PJebAVXsvh,Job 00180,5.3.2 - Kickout Flashing Install,Hourly Rate,3,55,89,Materials,0000 Uncategorized
22PJebAVXsvh,Job 00180,5.3.3 - Secure Loose Exterior Trim,Hourly Rate,1,55,89,Materials,0000 Uncategorized
22PJebAVXsvh,Job 00180,7.1.1 - Expansion Tank Installation,Hourly Rate,8,55,89,Materials,0000 Uncategorized
22PJqSyTiy7t,Job 00181,Plumbing Access Panel Installation,Miscellaneous,,20,33.00000000000001,Materials,0000 Uncategorized
22PJqSyTiy7t,Job 00181,Plumbing Access Panel Installation,1x4  x 8 ft. Premium Kiln-Dried Square Edge Whitewood Common Board,2,8.51,14.041500000000001,Materials,0000 Uncategorized
22PJqSyTiy7t,Job 00181,Plumbing Access Panel Installation,Hourly Rate,4,55,89,Materials,0000 Uncategorized
22PJqSyTiy7t,Job 00181,Plumbing Access Panel Installation,Miscellaneous,,20,33.00000000000001,Materials,0000 Uncategorized
22PJqSyTiy7t,Job 00181,Plumbing Access Panel Installation,1x4  x 8 ft. Premium Kiln-Dried Square Edge Whitewood Common Board,2,8.51,14.041500000000001,Materials,0000 Uncategorized
22PJqSyTiy7t,Job 00181,Plumbing Access Panel Installation,Hourly Rate,4,55,89,Materials,0000 Uncategorized
22PJqSyTiy7t,Job 00181,Plumbing Access Panel Installation,Miscellaneous,,20,,Materials,0000 Uncategorized
22PJqSyTiy7t,Job 00181,Plumbing Access Panel Installation,1x4  x 8 ft. Premium Kiln-Dried Square Edge Whitewood Common Board,2,8.51,,Materials,0000 Uncategorized
22PJqSyTiy7t,Job 00181,Plumbing Access Panel Installation,Hourly Rate,4,55,,Materials,0000 Uncategorized
22PJqSyTiy7t,Job 00181,Uncategorized,Uncategorized 1000 1000 Preparation and Management Fees Labor,,,,Labor,1000 1000 Preparation and Management Fees
22PJrEzE8nL3,Job 00183,7.4.2 - Drain Pipe Replacement,Subcontractor,,5000,7249.999999999999,Labor,0000 Uncategorized
22PJrEzE8nL3,Job 00183,12.6.1 - Headered Joist Repair,2x10x16 PT,1,27.91,46.61,Materials,0000 Uncategorized
22PJrEzE8nL3,Job 00183,12.6.1 - Headered Joist Repair,2x8 x 16 ft. Prime Lumber,1,14.11,23.2815,Materials,0000 Uncategorized
22PJrEzE8nL3,Job 00183,12.6.1 - Headered Joist Repair,2 7/8 in HeadLoks,12,0.47,0.7755000000000001,Materials,0000 Uncategorized
22PJrEzE8nL3,Job 00183,12.6.1 - Headered Joist Repair,"2""x10"" Joist Hanger (Double)",4,6.78,11.187000000000003,Materials,0000 Uncategorized
22PJrEzE8nL3,Job 00183,12.6.1 - Headered Joist Repair,2x10 Joist Hanger,2,2.63,4.3395,Materials,0000 Uncategorized
22PJrEzE8nL3,Job 00183,12.6.1 - Headered Joist Repair,Hourly Rate,8,55,89,Materials,0000 Uncategorized
22PJrEzE8nL3,Job 00183,12.6.2 - Floor Point Shoring STL-22,STL-22,,325,536.2500000000001,Materials,0000 Uncategorized
22PJrEzE8nL3,Job 00183,12.6.2 - Floor Point Shoring STL-22,RapidSet,,16.18,26.697000000000003,Materials,0000 Uncategorized
22PJrEzE8nL3,Job 00183,12.6.2 - Floor Point Shoring STL-22,Base Plate - 12,,150,247.50000000000003,Materials,0000 Uncategorized
22PJrEzE8nL3,Job 00183,12.6.2 - Floor Point Shoring STL-22,Hourly Rate,2,55,89,Materials,0000 Uncategorized
22PJrEzE8nL3,Job 00183,12.7.2 - Floor Shoring STL-22,STL-22,4,325,536.2500000000001,Materials,0000 Uncategorized
22PJrEzE8nL3,Job 00183,12.7.2 - Floor Shoring STL-22,STL-JHD (Double) U-Head,4,90,148.50000000000003,Materials,0000 Uncategorized
22PJrEzE8nL3,Job 00183,12.7.2 - Floor Shoring STL-22,Base Plate - 12,4,150,247.50000000000003,Materials,0000 Uncategorized
22PJrEzE8nL3,Job 00183,12.7.2 - Floor Shoring STL-22,2x10x10 PT,4,21.32,35.178000000000004,Materials,0000 Uncategorized
22PJrEzE8nL3,Job 00183,12.7.2 - Floor Shoring STL-22,Hourly Rate,8,55,89,Materials,0000 Uncategorized
22PJrEzE8nL3,Job 00183,7.4.2 - Drain Pipe Replacement,Subcontractor,,0,0,Labor,0000 Uncategorized
22PJrEzE8nL3,Job 00183,12.6.1 - Headered Joist Repair,2x10x16 PT,1,27.91,46.61,Materials,0000 Uncategorized
22PJrEzE8nL3,Job 00183,12.6.1 - Headered Joist Repair,2x8 x 16 ft. Prime Lumber,1,14.11,23.2815,Materials,0000 Uncategorized
22PJrEzE8nL3,Job 00183,12.6.1 - Headered Joist Repair,2 7/8 in HeadLoks,12,0.47,0.7755000000000001,Materials,0000 Uncategorized
22PJrEzE8nL3,Job 00183,12.6.1 - Headered Joist Repair,"2""x10"" Joist Hanger (Double)",4,6.78,11.187000000000003,Materials,0000 Uncategorized
22PJrEzE8nL3,Job 00183,12.6.1 - Headered Joist Repair,2x10 Joist Hanger,2,2.63,4.3395,Materials,0000 Uncategorized
22PJrEzE8nL3,Job 00183,12.6.1 - Headered Joist Repair,Hourly Rate,8,55,89,Materials,0000 Uncategorized
22PJrEzE8nL3,Job 00183,12.6.2 - Floor Point Shoring STL-22,STL-22,,325,536.2500000000001,Materials,0000 Uncategorized
22PJrEzE8nL3,Job 00183,12.6.2 - Floor Point Shoring STL-22,RapidSet,,16.18,26.697000000000003,Materials,0000 Uncategorized
22PJrEzE8nL3,Job 00183,12.6.2 - Floor Point Shoring STL-22,Base Plate - 12,,150,247.50000000000003,Materials,0000 Uncategorized
22PJrEzE8nL3,Job 00183,12.6.2 - Floor Point Shoring STL-22,Hourly Rate,2,55,89,Materials,0000 Uncategorized
22PJrEzE8nL3,Job 00183,12.7.2 - Floor Shoring STL-22,STL-22,4,325,536.2500000000001,Materials,0000 Uncategorized
22PJrEzE8nL3,Job 00183,12.7.2 - Floor Shoring STL-22,STL-JHD (Double) U-Head,4,90,148.50000000000003,Materials,0000 Uncategorized
22PJrEzE8nL3,Job 00183,12.7.2 - Floor Shoring STL-22,Base Plate - 12,4,150,247.50000000000003,Materials,0000 Uncategorized
22PJrEzE8nL3,Job 00183,12.7.2 - Floor Shoring STL-22,2x10x10 PT,4,21.32,35.178000000000004,Materials,0000 Uncategorized
22PJrEzE8nL3,Job 00183,12.7.2 - Floor Shoring STL-22,Hourly Rate,8,55,89,Materials,0000 Uncategorized
22PJrEzE8nL3,Job 00183,7.4.2 - Drain Pipe Replacement,Subcontractor,,5000,7249.999999999999,Labor,0000 Uncategorized
22PJrEzE8nL3,Job 00183,12.6.1 - Headered Joist Repair,2x10x16 PT,1,27.91,46.61,Materials,0000 Uncategorized
22PJrEzE8nL3,Job 00183,12.6.1 - Headered Joist Repair,2x8 x 16 ft. Prime Lumber,1,14.11,23.2815,Materials,0000 Uncategorized
22PJrEzE8nL3,Job 00183,12.6.1 - Headered Joist Repair,2 7/8 in HeadLoks,12,0.47,0.7755000000000001,Materials,0000 Uncategorized
22PJrEzE8nL3,Job 00183,12.6.1 - Headered Joist Repair,"2""x10"" Joist Hanger (Double)",4,6.78,11.187000000000003,Materials,0000 Uncategorized
22PJrEzE8nL3,Job 00183,12.6.1 - Headered Joist Repair,2x10 Joist Hanger,2,2.63,4.3395,Materials,0000 Uncategorized
22PJrEzE8nL3,Job 00183,12.6.1 - Headered Joist Repair,Hourly Rate,8,55,89,Materials,0000 Uncategorized
22PJtY2cRaVu,00184 - Roof/Bedroom Work,Roof Replacement,Subcontractor,,12900,19908.5,Labor,0000 Uncategorized
22PJtY2cRaVu,00184 - Roof/Bedroom Work,Master Bedroom Ceiling Trim and Paint,Subcontractor,,4300,6235,Labor,0000 Uncategorized
22PJtY2cRaVu,00184 - Roof/Bedroom Work,Master Bedroom Ceiling Trim and Paint,Subcontractor,,3500,5075,Labor,0000 Uncategorized
22PJtY2cRaVu,00184 - Roof/Bedroom Work,Master Bedroom Ceiling Trim and Paint,ARAUCO 9/16 in. x 5-1/4 in. x 12 ft. Radiata Pine Nickel Gap Ship Lap Board,100,17.42,28.743000000000006,Materials,0000 Uncategorized
22PJtY2cRaVu,00184 - Roof/Bedroom Work,Master Bedroom Ceiling Trim and Paint,Miscellaneous,2,250,412.50000000000006,Materials,0000 Uncategorized
22PJtY2cRaVu,00184 - Roof/Bedroom Work,Roof Replacement,Subcontractor,,14730,21358.5,Labor,0000 Uncategorized
22PJtY2cRaVu,00184 - Roof/Bedroom Work,Roof Replacement,Subcontractor,,14730,,Labor,0000 Uncategorized
22PJtY2cRaVu,00184 - Roof/Bedroom Work,Spray Foam Insulation,Plastic Sheeting,,53.24,87.84600000000002,Materials,0000 Uncategorized
22PJtY2cRaVu,00184 - Roof/Bedroom Work,Spray Foam Insulation,"7/16"" OSB Sheathing Panel",2,17.37,29.01,Materials,0000 Uncategorized
22PJtY2cRaVu,00184 - Roof/Bedroom Work,Spray Foam Insulation,Floor Covering - Econo Runner,2,121.79,200.96,Materials,0000 Uncategorized
22PJtY2cRaVu,00184 - Roof/Bedroom Work,Spray Foam Insulation,Haul Away,,228,350,Materials,0000 Uncategorized
22PJtY2cRaVu,00184 - Roof/Bedroom Work,Spray Foam Insulation,Trash Bags,,29.98,50.07,Materials,0000 Uncategorized
22PJtY2cRaVu,00184 - Roof/Bedroom Work,Spray Foam Insulation,Hourly Rate,50,55,89,Materials,0000 Uncategorized
22PJtY2cRaVu,00184 - Roof/Bedroom Work,Spray Foam Insulation,Subcontractor,,3100,4495,Labor,0000 Uncategorized
22PJtY2cRaVu,00184 - Roof/Bedroom Work,Roof Replacement,Subcontractor,,13730,19908.5,Labor,0000 Uncategorized
22PJtY2cRaVu,00184 - Roof/Bedroom Work,Master Bedroom Ceiling Trim and Paint,Miscellaneous,2,250,412.50000000000006,Materials,0000 Uncategorized
22PJtY2cRaVu,00184 - Roof/Bedroom Work,Master Bedroom Ceiling Trim and Paint,ARAUCO 9/16 in. x 5-1/4 in. x 12 ft. Radiata Pine Nickel Gap Ship Lap Board,100,17.42,28.743000000000006,Materials,0000 Uncategorized
22PJtY2cRaVu,00184 - Roof/Bedroom Work,Master Bedroom Ceiling Trim and Paint,Subcontractor,,4300,6235,Labor,0000 Uncategorized
22PJtY2cRaVu,00184 - Roof/Bedroom Work,Master Bedroom Ceiling Trim and Paint,Subcontractor,,3500,5075,Labor,0000 Uncategorized
22PJtY2cRaVu,00184 - Roof/Bedroom Work,Spray Foam Insulation,Plastic Sheeting,,53.24,87.84600000000002,Materials,0000 Uncategorized
22PJtY2cRaVu,00184 - Roof/Bedroom Work,Spray Foam Insulation,"7/16"" OSB Sheathing Panel",2,17.37,29.01,Materials,0000 Uncategorized
22PJtY2cRaVu,00184 - Roof/Bedroom Work,Spray Foam Insulation,Floor Covering - Econo Runner,2,121.79,200.96,Materials,0000 Uncategorized
22PJtY2cRaVu,00184 - Roof/Bedroom Work,Spray Foam Insulation,Haul Away,,228,350,Materials,0000 Uncategorized
22PJtY2cRaVu,00184 - Roof/Bedroom Work,Spray Foam Insulation,Trash Bags,,29.98,50.07,Materials,0000 Uncategorized
22PJtY2cRaVu,00184 - Roof/Bedroom Work,Spray Foam Insulation,Hourly Rate,50,55,89,Materials,0000 Uncategorized
22PJtY2cRaVu,00184 - Roof/Bedroom Work,Spray Foam Insulation,Subcontractor,,3100,4495,Labor,0000 Uncategorized
22PJtY2cRaVu,00184 - Roof/Bedroom Work,Replace Attic Stair,Attic Stair,,350,577.5000000000001,Labor,0000 Uncategorized
22PJtY2cRaVu,00184 - Roof/Bedroom Work,Replace Attic Stair,Hourly Rate,8,55,89,Materials,0000 Uncategorized
22PJtY2cRaVu,00184 - Roof/Bedroom Work,Customer Discount,Client Discount,,-790,-1289.5169999999998,Labor,0000 Uncategorized
22PJtcZmv4Xt,Job 00185,Exterior Trim/Siding Install,"Install new vapor barrier and all siding, soffit, and fascia materials in affected areas",,2100,3045,Labor,0000 Uncategorized
22PJtcZmv4Xt,Job 00185,Exterior Trim/Siding Install,Materials,,800,1320.0000000000002,Labor,0000 Uncategorized
22PJtcZmv4Xt,Job 00185,Exterior Painting,Prep and paint all exterior surfaces affected by the repairs,,1633,2367.85,Labor,0000 Uncategorized
22PJtcZmv4Xt,Job 00185,Drywall Repairs,"Install, mud, tape, sand new drywall and drywall repairs in affected areas",,2300,3335,Labor,0000 Uncategorized
22PJtcZmv4Xt,Job 00185,Flooring Install,Supply and Install new flooring (client selection),,6409,9293.05,Labor,0000 Uncategorized
22PJtcZmv4Xt,Job 00185,Interior Trim Install,Install crown molding in affected areas (living room and upstairs bedroom),,400,580,Labor,0000 Uncategorized
22PJtcZmv4Xt,Job 00185,Interior Trim Install,Trim material,,100,165.00000000000003,Labor,0000 Uncategorized
22PJtcZmv4Xt,Job 00185,"Gutter/ Downspout Replacement (5"")",Remove and Replace all Gutters/Downspouts,,3995,5792.75,Labor,0000 Uncategorized
22PJtcZmv4Xt,Job 00185,Interior Painting,"Caulk/Prep, Prime and paint all interior surfaces (ceilings, trim, walls) affected by the repairs",0,4500,6525,Labor,0000 Uncategorized
22PJtcZmv4Xt,Job 00185,Interior Painting,Bedroom Closet,1,447.1,648.295,Labor,0000 Uncategorized
22PJtcZmv4Xt,Job 00185,Interior Painting,Bedroom,1,862.19,1250.1755,Labor,0000 Uncategorized
22PJtcZmv4Xt,Job 00185,Interior Painting,Up landing,1,1229.95,1783.4275,Labor,0000 Uncategorized
22PJtcZmv4Xt,Job 00185,Interior Painting,Upstairs ceiling,1,265.5,384.97499999999997,Labor,0000 Uncategorized
22PJtcZmv4Xt,Job 00185,Interior Painting,Living room,1,751.74,1090.023,Labor,0000 Uncategorized
22PJtcZmv4Xt,Job 00185,Interior Painting,Dining room,1,807.51,1170.8895,Labor,0000 Uncategorized
22PJtcZmv4Xt,Job 00185,Interior Painting,Misc trim,1,331.5,480.67499999999995,Labor,0000 Uncategorized
22PJtcZmv4Xt,Job 00185,Attic Insulation Repair/Refresh,Blue ridge,,1483.34,2150.843,Labor,0000 Uncategorized
22PJtcZmv4Xt,Job 00185,Electrical,"Reinstall electrical plates, light fixtures, ect. after all paint and drywall repairs are complete.",3,55,89,Labor,0000 Uncategorized
22PJtcZmv4Xt,Job 00185,Kitchen Hood Vent Install,Install client provided vent hood with ducting to the exterior out the rear exterior wall.,8,55,89,Labor,0000 Uncategorized
22PJtcZmv4Xt,Job 00185,Kitchen Hood Vent Install,Materials,,75,123.75000000000001,Labor,0000 Uncategorized
22PK2wMgyabH,Job 00188,Aluminum Fence Panel Replacement,Special Order Materials,,100,165.00000000000003,Materials,0000 Uncategorized
22PK2wMgyabH,Job 00188,Aluminum Fence Panel Replacement,Hourly Rate,4,55,89,Materials,0000 Uncategorized
22PK2wMgyabH,Job 00188,Aluminum Fence Panel Replacement,Special Order Materials,,100,165.00000000000003,Materials,0000 Uncategorized
22PK2wMgyabH,Job 00188,Aluminum Fence Panel Replacement,Hourly Rate,4,55,89,Materials,0000 Uncategorized
22PK5U9QJam4,Job 00189,Floor Point Shoring STL-38,STL-38,,260.09,434.35,Materials,0000 Uncategorized
22PK5U9QJam4,Job 00189,Floor Point Shoring STL-38,RapidSet,,16.18,27.02,Materials,0000 Uncategorized
22PK5U9QJam4,Job 00189,Floor Point Shoring STL-38,STL-JHD (Double) U-Head,,68.18,136.36,Materials,0000 Uncategorized
22PK5U9QJam4,Job 00189,Floor Point Shoring STL-38,Base Plate - 12,,56.22,108.72,Materials,0000 Uncategorized
22PK5U9QJam4,Job 00189,Floor Point Shoring STL-38,Hourly Rate,2,55,89,Materials,0000 Uncategorized
22PK5U9QJam4,Job 00189,Floor Point Shoring STL-62,STL-62,,295.44,493.38,Materials,0000 Uncategorized
22PK5U9QJam4,Job 00189,Floor Point Shoring STL-62,RapidSet,,16.18,27.02,Materials,0000 Uncategorized
22PK5U9QJam4,Job 00189,Floor Point Shoring STL-62,STL-JHD (Double) U-Head,,68.18,136.36,Materials,0000 Uncategorized
22PK5U9QJam4,Job 00189,Floor Point Shoring STL-62,Base Plate - 18,,115.1,192.22,Materials,0000 Uncategorized
22PK5U9QJam4,Job 00189,Floor Point Shoring STL-62,Hourly Rate,2,55,89,Materials,0000 Uncategorized
22PK5U9QJam4,Job 00189,Floor Joist Hanger Replacement,"Simpson Strong-Tie #9 x 2-1/2 in. 1/4-Hex Drive, Strong-Drive SD Connector Screw (100-Pack)",1,20.19,37.35,Materials,0000 Uncategorized
22PK5U9QJam4,Job 00189,Floor Joist Hanger Replacement,2x8 Joist Hangers,12,2.27,3.79,Materials,0000 Uncategorized
22PK5U9QJam4,Job 00189,Floor Joist Hanger Replacement,Hourly Rate,2,55,89,Materials,0000 Uncategorized
22PK5U9QJam4,Job 00189,Miscellaneous,2x4x10 PT,2,8.71,14.55,Materials,0000 Uncategorized
22PK5U9QJam4,Job 00189,Miscellaneous,"1-5/8"" DeckMate Screws - 1 lb.",1,11.16,18.64,Materials,0000 Uncategorized
22PK5U9QJam4,Job 00189,Miscellaneous,Hourly Rate,3,55,89,Materials,0000 Uncategorized
22PK5U9QJam4,Job 00189,Miscellaneous,2 7/8 in HeadLoks,8,0.47,0.79,Materials,0000 Uncategorized
22PK5U9QJam4,Job 00189,Floor Point Shoring STL-38,STL-38,,260.09,434.35,Materials,0000 Uncategorized
22PK5U9QJam4,Job 00189,Floor Point Shoring STL-38,RapidSet,,16.18,27.02,Materials,0000 Uncategorized
22PK5U9QJam4,Job 00189,Floor Point Shoring STL-38,STL-JHD (Double) U-Head,,68.18,136.36,Materials,0000 Uncategorized
22PK5U9QJam4,Job 00189,Floor Point Shoring STL-38,Base Plate - 12,,56.22,108.72,Materials,0000 Uncategorized
22PK5U9QJam4,Job 00189,Floor Point Shoring STL-38,Hourly Rate,2,55,89,Materials,0000 Uncategorized
22PK5U9QJam4,Job 00189,Floor Point Shoring STL-62,STL-62,,295.44,493.38,Materials,0000 Uncategorized
22PK5U9QJam4,Job 00189,Floor Point Shoring STL-62,RapidSet,,16.18,27.02,Materials,0000 Uncategorized
22PK5U9QJam4,Job 00189,Floor Point Shoring STL-62,STL-JHD (Double) U-Head,,68.18,136.36,Materials,0000 Uncategorized
22PK5U9QJam4,Job 00189,Floor Point Shoring STL-62,Base Plate - 18,,115.1,192.22,Materials,0000 Uncategorized
22PK5U9QJam4,Job 00189,Floor Point Shoring STL-62,Hourly Rate,2,55,89,Materials,0000 Uncategorized
22PK5U9QJam4,Job 00189,Floor Joist Hanger Replacement,2x8 Joist Hangers,12,2.27,3.79,Materials,0000 Uncategorized
22PK5U9QJam4,Job 00189,Floor Joist Hanger Replacement,"Simpson Strong-Tie #9 x 2-1/2 in. 1/4-Hex Drive, Strong-Drive SD Connector Screw (100-Pack)",1,20.19,37.35,Materials,0000 Uncategorized
22PK5U9QJam4,Job 00189,Floor Joist Hanger Replacement,Hourly Rate,2,55,89,Materials,0000 Uncategorized
22PK5U9QJam4,Job 00189,Miscellaneous,2x4x10 PT,2,8.71,14.55,Materials,0000 Uncategorized
22PK5U9QJam4,Job 00189,Miscellaneous,"1-5/8"" DeckMate Screws - 1 lb.",1,11.16,18.64,Materials,0000 Uncategorized
22PK5U9QJam4,Job 00189,Miscellaneous,Hourly Rate,3,55,89,Materials,0000 Uncategorized
22PK5U9QJam4,Job 00189,Miscellaneous,2 7/8 in HeadLoks,8,0.47,0.79,Materials,0000 Uncategorized
22PK5U9QJam4,Job 00189,Floor Point Shoring STL-38,STL-38,2,260.09,,Materials,0000 Uncategorized
22PK5U9QJam4,Job 00189,Floor Point Shoring STL-38,RapidSet,2,16.18,,Materials,0000 Uncategorized
22PK5U9QJam4,Job 00189,Floor Point Shoring STL-38,STL-JHD (Double) U-Head,2,68.18,,Materials,0000 Uncategorized
22PK5U9QJam4,Job 00189,Floor Point Shoring STL-38,Base Plate - 12,2,56.22,,Materials,0000 Uncategorized
22PK5U9QJam4,Job 00189,Floor Point Shoring STL-38,Hourly Rate,4,55,,Materials,0000 Uncategorized
22PK5U9QJam4,Job 00189,Floor Point Shoring STL-62,STL-62,2,295.44,,Materials,0000 Uncategorized
22PK5U9QJam4,Job 00189,Floor Point Shoring STL-62,RapidSet,0,16.18,,Materials,0000 Uncategorized
22PK5U9QJam4,Job 00189,Floor Point Shoring STL-62,STL-JHD (Double) U-Head,2,68.18,,Materials,0000 Uncategorized
22PK5U9QJam4,Job 00189,Floor Point Shoring STL-62,Base Plate - 18,2,115.1,,Materials,0000 Uncategorized
22PK5U9QJam4,Job 00189,Floor Point Shoring STL-62,Hourly Rate,4,55,,Materials,0000 Uncategorized
22PK67k52uqj,Job 00190,Deck Rebuild,Porch Screen Door Material,,100,142.85714285714286,Labor,0000 Uncategorized
22PK67k52uqj,Job 00190,Deck Rebuild,Demo Labor and Materials,,1500,2142.857142857143,Labor,0000 Uncategorized
22PK67k52uqj,Job 00190,Deck Rebuild,Framing Material,,1600,2285.714285714286,Labor,0000 Uncategorized
22PK67k52uqj,Job 00190,Deck Rebuild,Decking Material (IPE),,4000,5714.285714285715,Labor,0000 Uncategorized
22PK67k52uqj,Job 00190,Deck Rebuild,Aluminum or Black Iron Railing Labor and Material,,1400,2016,Labor,0000 Uncategorized
22PK67k52uqj,Job 00190,Deck Rebuild,Accent/Privacy Wall Material (Design TBD),,800,1142.857142857143,Labor,0000 Uncategorized
22PK67k52uqj,Job 00190,Deck Rebuild,Project Labor,,5500,7857.142857142858,Labor,0000 Uncategorized
22PK67k52uqj,Job 00190,Deck Rebuild,French Door Screen Materials,,750,1071.4285714285716,Labor,0000 Uncategorized
22PK67k52uqj,Job 00190,Deck Rebuild,Demo Labor and Materials,,1500,2142.857142857143,Labor,0000 Uncategorized
22PK67k52uqj,Job 00190,Deck Rebuild,Framing Material,,1600,2285.714285714286,Labor,0000 Uncategorized
22PK67k52uqj,Job 00190,Deck Rebuild,Decking Material (IPE),,4000,5714.285714285715,Labor,0000 Uncategorized
22PK67k52uqj,Job 00190,Deck Rebuild,Aluminum or Black Iron Railing Labor and Material,,1400,2016,Labor,0000 Uncategorized
22PK67k52uqj,Job 00190,Deck Rebuild,Accent/Privacy Wall Material (Design TBD),,800,1142.857142857143,Labor,0000 Uncategorized
22PK67k52uqj,Job 00190,Deck Rebuild,Porch Screen Door Material,,100,142.85714285714286,Labor,0000 Uncategorized
22PK67k52uqj,Job 00190,Deck Rebuild,French Door Screen Materials,,750,1071.4285714285716,Labor,0000 Uncategorized
22PK67k52uqj,Job 00190,Deck Rebuild,Project Labor,,5500,7857.142857142858,Labor,0000 Uncategorized
22PKFHdHjLJk,Job 00191,Uninstall/Reinstall Wire Shelving,Hourly Rate,19.5,55,89,Materials,0000 Uncategorized
22PKFHdHjLJk,Job 00191,Uninstall/Reinstall Wire Shelving,Hourly Rate,16,27.5,44.500499999999995,Materials,0000 Uncategorized
22PKFHdHjLJk,Job 00191,Uninstall/Reinstall Wire Shelving,Hourly Rate,19.5,55,89,Materials,0000 Uncategorized
22PKFHdHjLJk,Job 00191,Uninstall/Reinstall Wire Shelving,Hourly Rate,16,27.5,44.500499999999995,Materials,0000 Uncategorized
22PKFHdHjLJk,Job 00191,Uninstall/Reinstall Wire Shelving,Hourly Rate,8,55,,Materials,0000 Uncategorized
22PKFxKAE3fY,Job 00192,Miscellaneous Door Adjustments,Hourly Rate,2.5,55,89,Materials,0000 Uncategorized
22PKFxKAE3fY,Job 00192,Exterior Spigot Repair,Hourly Rate,2,55,89,Materials,0000 Uncategorized
22PKFxKAE3fY,Job 00192,Loose Toilet Repair,Hourly Rate,1.5,55,89,Materials,0000 Uncategorized
22PKFxKAE3fY,Job 00192,Loose Toilet Repair,GE Advanced Silicone 2 10.1 oz. Clear Exterior/Interior Window and Door Sealant/Caulk,,11.62,19.41,Materials,0000 Uncategorized
22PKFxKAE3fY,Job 00192,Sink Drain Stopper Replacement,Drain Stopper,1,15.65,26.14,Materials,0000 Uncategorized
22PKFxKAE3fY,Job 00192,Sink Drain Stopper Replacement,Hourly Rate,1.5,55,89,Materials,0000 Uncategorized
22PKFxKAE3fY,Job 00192,Shower Sealing,GESilicone 1 10.1 oz. White Bath Tub and Tile Caulk,1,8.98,16,Materials,0000 Uncategorized
22PKFxKAE3fY,Job 00192,Shower Sealing,Hourly Rate,1,55,89,Materials,0000 Uncategorized
22PKFxKAE3fY,Job 00192,Shower Sealing,GE Advanced Silicone 2 10.1 oz. Clear Exterior/Interior Window and Door Sealant/Caulk,,11.62,19.41,Materials,0000 Uncategorized
22PKFxKAE3fY,Job 00192,General Electrical Repairs,Subcontractor,,550,785.7142857142858,Labor,0000 Uncategorized
22PKFxKAE3fY,Job 00192,Vent Cover Replacement,Hourly Rate,3,55,89,Materials,0000 Uncategorized
22PKFxKAE3fY,Job 00192,Vent Cover Replacement,Everbilt4 in. Louvered Vent Cap in White,1,6.56,10.12,Materials,0000 Uncategorized
22PKFxKAE3fY,Job 00192,Garage Door Weatherstripping Replacement- Bottom seal,Liquid Nail Fuze It Glue,3,8.24,13.76,Materials,0000 Uncategorized
22PKFxKAE3fY,Job 00192,Garage Door Weatherstripping Replacement- Bottom seal,Hourly Rate,2,55,89,Materials,0000 Uncategorized
22PKFxKAE3fY,Job 00192,Miscellaneous Door Adjustments,Hourly Rate,2.5,55,89,Materials,0000 Uncategorized
22PKFxKAE3fY,Job 00192,Exterior Spigot Repair,Hourly Rate,2,55,89,Materials,0000 Uncategorized
22PKG2XF7rri,Job 00193,Sprinkler Head Replacement,Miscellaneous,,25,41.25000000000001,Materials,0000 Uncategorized
22PKG2XF7rri,Job 00193,Sprinkler Head Replacement,Hourly Rate,1,55,89,Materials,0000 Uncategorized
22PKG2XF7rri,Job 00193,Loose Toilet Repair,Subcontractor,,350,507.49999999999994,Labor,0000 Uncategorized
22PKG2XF7rri,Job 00193,Water Heater Service Call,Subcontractor,,250,357.14285714285717,Labor,0000 Uncategorized
22PKG2XF7rri,Job 00193,Sprinkler Head Replacement,Miscellaneous,,25,41.25000000000001,Materials,0000 Uncategorized
22PKG2XF7rri,Job 00193,Sprinkler Head Replacement,Hourly Rate,1,55,89,Materials,0000 Uncategorized
22PKG2XF7rri,Job 00193,Loose Toilet Repair,Subcontractor,,350,507.49999999999994,Labor,0000 Uncategorized
22PKG2XF7rri,Job 00193,Water Heater Service Call,Subcontractor,,250,357.14285714285717,Labor,0000 Uncategorized
22PKKbnBqyuc,Job 00195,Carpentry,Subcontractor,,750,1200,Labor,0000 Uncategorized
22PKKbnBqyuc,Job 00195,Carpentry,Subcontractor,,750,1200,Labor,0000 Uncategorized
22PKMj4yfy3V,Job 00196,Custom Cabinet,Subcontractor,,5850,7605,Labor,0000 Uncategorized
22PKMj4yfy3V,Job 00196,Cabinet Painting,Subcontractor,,800,1040,Labor,0000 Uncategorized
22PKMj4yfy3V,Job 00196,Crown Moulding,Hourly Rate,4,55,89,Materials,0000 Uncategorized
22PKMj4yfy3V,Job 00196,Crown Moulding,EC 45 - 5 1/4 Crown Moulding- per LF,,4.31,7.97,Materials,0000 Uncategorized
22PKNXtkBKcV,Job 00197,Electrical System Report,Subcontractor,,0,,Labor,0000 Uncategorized
22PKNXtkBKcV,Job 00197,Garage Lighting,Subcontractor,,200,285.7142857142857,Labor,0000 Uncategorized
22PKNXtkBKcV,Job 00197,Smoke Detectors,Subcontractor,,450,642.8571428571429,Labor,0000 Uncategorized
22PKNXtkBKcV,Job 00197,Grounding System and Upgrades,Subcontractor,,500,714.2857142857143,Labor,0000 Uncategorized
22PKNXtkBKcV,Job 00197,Electrical System Report,Subcontractor,,0,0,Labor,0000 Uncategorized
22PKNXtkBKcV,Job 00197,Garage Lighting,Subcontractor,,200,285.7142857142857,Labor,0000 Uncategorized
22PKNXtkBKcV,Job 00197,Smoke Detectors,Subcontractor,,450,642.8571428571429,Labor,0000 Uncategorized
22PKNXtkBKcV,Job 00197,Grounding System and Upgrades,Subcontractor,,500,714.2857142857143,Labor,0000 Uncategorized
22PKNZHst2wY,Job 00198,Dust Control/Floor Covering,Subcontractor,,3500,5075,Labor,0000 Uncategorized
22PKNZHst2wY,Job 00198,Debris Removal,Subcontractor,,1500,2175,Labor,0000 Uncategorized
22PKNZHst2wY,Job 00198,Remove and Reset Appliances,Subcontractor,,4000,5800,Labor,0000 Uncategorized
22PKNZHst2wY,Job 00198,Detach Cabinets/Countertops,Subcontractor,,4500,6525,Labor,0000 Uncategorized
22PKNZHst2wY,Job 00198,Plaster Ceiling Remove,Subcontractor,,1002,1452.8999999999999,Labor,0000 Uncategorized
22PKNZHst2wY,Job 00198,Plaster Ceiling Replace,Subcontractor,,4001,5801.45,Labor,0000 Uncategorized
22PKNZHst2wY,Job 00198,Wood Floor Refinishing,Subcontractor,,5750,8337.5,Labor,0000 Uncategorized
22PKNZHst2wY,Job 00198,Reinstall Cabinets,Subcontractor,,4500,6525,Labor,0000 Uncategorized
22PKNZHst2wY,Job 00198,Prep and Repaint Cabinets,Subcontractor,,13000,18850,Labor,0000 Uncategorized
22PKNZHst2wY,Job 00198,Countertop Replacement,Subcontractor,,7000,10150,Labor,0000 Uncategorized
22PKNbm38VsZ,Job 00199,Double Pane Window Glass Replacement,Return trip for finishing,1.5,55,89,Materials,0000 Uncategorized
22PKNbm38VsZ,Job 00199,Double Pane Window Glass Replacement,Double Pane Window,,250,412.50000000000006,Materials,0000 Uncategorized
22PKNbm38VsZ,Job 00199,Double Pane Window Glass Replacement,Hourly Rate,1.5,55,89,Materials,0000 Uncategorized
22PKNbm38VsZ,Job 00199,Entry Door Repairs,Semi-gloss Ultra White Acrylic Interior/Exterior Door and Trim Paint (1-Gallon),1,33.12,54.648,Materials,2300 Painting
22PKNbm38VsZ,Job 00199,Entry Door Repairs,2x4x10 PT,1,8.71,14.55,Materials,0000 Uncategorized
22PKNbm38VsZ,Job 00199,Entry Door Repairs,Hourly Rate,6,55,89,Materials,0000 Uncategorized
22PKNbm38VsZ,Job 00199,Entry Door Repairs,Vinyl Brick Moulding,1,17.46,29.16,Materials,0000 Uncategorized
22PKNbm38VsZ,Job 00199,Entry Door Repairs,Vinyl Door Jamb,1,65.96,108.834,Materials,1500 Doors & Windows
22PKNbm38VsZ,Job 00199,Entry Door Repairs,Kerf Door Weatherstrip - Brown,3,6.47,10.675500000000001,Materials,1500 Doors & Windows
22PKNbm38VsZ,Job 00199,Drywall Repair,Custom Gallon Paint/Stain,0.5,60,99.00000000000001,Materials,2300 Painting
22PKNbm38VsZ,Job 00199,Drywall Repair,White Oil-Based Interior/Exterior Primer and Sealer,0.25,34.98,57.717000000000006,Materials,0000 Uncategorized
22PKNbm38VsZ,Job 00199,Drywall Repair,Return trip for finishing,,55,89,Materials,0000 Uncategorized
22PKNbm38VsZ,Job 00199,Drywall Repair,Drywall Mud (4.5 Gallon),0.25,17.92,29.56800000000001,Materials,0000 Uncategorized
22PKNbm38VsZ,Job 00199,Drywall Repair,Hourly Rate,4,55,89,Materials,0000 Uncategorized
22PKNbm38VsZ,Job 00199,Vinyl Siding Replacement,Hourly Rate,12,55,89,Materials,0000 Uncategorized
22PKNbm38VsZ,Job 00199,Vinyl Siding Replacement,Custom Vinyl Siding,,350,584.5,Materials,0000 Uncategorized
22PKNbm38VsZ,Job 00199,Double Pane Window Glass Replacement,Return trip for finishing,1.5,55,89,Materials,0000 Uncategorized
22PKNbm38VsZ,Job 00199,Double Pane Window Glass Replacement,Double Pane Window,,250,412.50000000000006,Materials,0000 Uncategorized
22PKNbm38VsZ,Job 00199,Double Pane Window Glass Replacement,Hourly Rate,1.5,55,89,Materials,0000 Uncategorized
22PKNbm38VsZ,Job 00199,Entry Door Repairs,Semi-gloss Ultra White Acrylic Interior/Exterior Door and Trim Paint (1-Gallon),1,33.12,54.648,Materials,2300 Painting
22PKNbm38VsZ,Job 00199,Entry Door Repairs,2x4x10 PT,1,8.71,14.55,Materials,0000 Uncategorized
22PKNbm38VsZ,Job 00199,Entry Door Repairs,Hourly Rate,6,55,89,Materials,0000 Uncategorized
22PKNbm38VsZ,Job 00199,Entry Door Repairs,Vinyl Brick Moulding,1,17.46,29.16,Materials,0000 Uncategorized
22PKNbm38VsZ,Job 00199,Entry Door Repairs,Vinyl Door Jamb,1,65.96,108.834,Materials,1500 Doors & Windows
22PKNbm38VsZ,Job 00199,Entry Door Repairs,Kerf Door Weatherstrip - Brown,3,6.47,10.675500000000001,Materials,1500 Doors & Windows
22PKNbm38VsZ,Job 00199,Drywall Repair,Custom Gallon Paint/Stain,0.5,60,99.00000000000001,Materials,2300 Painting
22PKNbm38VsZ,Job 00199,Drywall Repair,White Oil-Based Interior/Exterior Primer and Sealer,0.25,34.98,57.717000000000006,Materials,0000 Uncategorized
22PKNbm38VsZ,Job 00199,Drywall Repair,Return trip for finishing,,55,89,Materials,0000 Uncategorized
22PKNbm38VsZ,Job 00199,Drywall Repair,Drywall Mud (4.5 Gallon),0.25,17.92,29.56800000000001,Materials,0000 Uncategorized
22PKNbm38VsZ,Job 00199,Drywall Repair,Hourly Rate,4,55,89,Materials,0000 Uncategorized
22PKNbm38VsZ,Job 00199,Vinyl Siding Replacement,Hourly Rate,12,55,89,Materials,0000 Uncategorized
22PKNbm38VsZ,Job 00199,Vinyl Siding Replacement,Custom Vinyl Siding,,350,584.5,Materials,0000 Uncategorized
22PKNjeXU23g,Job 00200,Garage Wall Adjustment,Miscellaneous,,100,165.00000000000003,Materials,0000 Uncategorized
22PKNjeXU23g,Job 00200,Garage Wall Adjustment,1/2 in. x 4 ft. x 8 ft. UltraLight Drywall,1,11.25,18.562500000000004,Materials,0000 Uncategorized
22PKNjeXU23g,Job 00200,Garage Wall Adjustment,2x4x10 PT,4,8.71,14.55,Materials,0000 Uncategorized
22PKNjeXU23g,Job 00200,Garage Wall Adjustment,2x10x10 PT,2,21.32,35.61,Materials,0000 Uncategorized
22PKNjeXU23g,Job 00200,Garage Wall Adjustment,Hourly Rate,26,55,89,Materials,0000 Uncategorized
22PKNjeXU23g,Job 00200,Garage Wall Adjustment,Miscellaneous,,100,165.00000000000003,Materials,0000 Uncategorized
22PKNjeXU23g,Job 00200,Garage Wall Adjustment,1/2 in. x 4 ft. x 8 ft. UltraLight Drywall,1,11.25,18.562500000000004,Materials,0000 Uncategorized
22PKNjeXU23g,Job 00200,Garage Wall Adjustment,2x4x10 PT,4,8.71,14.55,Materials,0000 Uncategorized
22PKNjeXU23g,Job 00200,Garage Wall Adjustment,2x10x10 PT,2,21.32,35.61,Materials,0000 Uncategorized
22PKNjeXU23g,Job 00200,Garage Wall Adjustment,Hourly Rate,26,55,89,Materials,0000 Uncategorized
22PKS5VCY57E,Job 00201,2.3.1 - Downspout Extension Repair,Hourly Rate,1,55,89,Materials,0000 Uncategorized
22PKS5VCY57E,Job 00201,5.3.3 -  Seal Exterior Penetrations,Hourly Rate,2,55,89,Materials,0000 Uncategorized
22PKS5VCY57E,Job 00201,5.3.3 -  Seal Exterior Penetrations,Lexel Clear Paintable Solvent Caulk,2,11.28,18.612000000000002,Materials,6000 Completion
22PKS5VCY57E,Job 00201,5.4.1&2 - Vinyl Soffit Repair,Hourly Rate,6,55,89,Materials,0000 Uncategorized
22PKS5VCY57E,Job 00201,5.4.1&2 - Vinyl Soffit Repair,Stainless Steel Trim Nail,,12.98,21.68,Materials,0000 Uncategorized
22PKS5VCY57E,Job 00201,5.4.1&2 - Vinyl Soffit Repair,Lexel Clear Paintable Solvent Caulk,,11.28,18.612000000000002,Materials,6000 Completion
22PKS5VCY57E,Job 00201,5.5.2 - Exterior Trim Repairs - Windows,Semi-gloss Ultra White Acrylic Interior/Exterior Door and Trim Paint (1-Gallon),,33.12,54.648,Materials,2300 Painting
22PKS5VCY57E,Job 00201,5.5.2 - Exterior Trim Repairs - Windows,Royal Mouldings 10 ft. x 1-63/64 in. x 1-15/64 in. Vinyl Brick Molding,,21.14,34.88100000000001,Materials,1500 Doors & Windows
22PKS5VCY57E,Job 00201,5.5.2 - Exterior Trim Repairs - Windows,1-1/4 in. x 5-1/4 in. x 84 in. Vinyl Sill Moulding,,40.96,68.4,Materials,0000 Uncategorized
22PKS5VCY57E,Job 00201,5.5.2 - Exterior Trim Repairs - Windows,2x4x8 PT,,6.19,10.34,Materials,0000 Uncategorized
22PKS5VCY57E,Job 00201,5.5.2 - Exterior Trim Repairs - Windows,1-3/8 in. x 1-5/16 in. x 84 in. Vinyl Composite Sill Moulding Nosing,,18.96,31.66,Materials,0000 Uncategorized
22PKS5VCY57E,Job 00201,5.5.2 - Exterior Trim Repairs - Windows,Composite Shim,,2.23,3.6795000000000004,Materials,0000 Uncategorized
22PKS5VCY57E,Job 00201,5.5.2 - Exterior Trim Repairs - Windows,1050 Quick Dry Siliconized Acrylic Latex Caulk,,3.31,5.461500000000001,Materials,0000 Uncategorized
22PKS5VCY57E,Job 00201,5.5.2 - Exterior Trim Repairs - Windows,3M Bondo Interior/ Exterior Waterproof 41 oz.,,31.68,52.272000000000006,Materials,0000 Uncategorized
22PKS5VCY57E,Job 00201,5.5.2 - Exterior Trim Repairs - Windows,Hourly Rate,8,55,89,Materials,0000 Uncategorized
22PKS5VCY57E,Job 00201,5.6.1 - Exterior Door Lower Jamb/Casing Wood Rot Repairs,Royal Mouldings 10 ft. x 1-63/64 in. x 1-15/64 in. Vinyl Brick Molding,,21.14,34.88100000000001,Materials,1500 Doors & Windows
22PKS5VCY57E,Job 00201,5.6.1 - Exterior Door Lower Jamb/Casing Wood Rot Repairs,Sanding Discs,1,8.97,14.800500000000003,Materials,0000 Uncategorized
22PKS5VCY57E,Job 00201,5.6.1 - Exterior Door Lower Jamb/Casing Wood Rot Repairs,Semi-gloss Ultra White Acrylic Interior/Exterior Door and Trim Paint (1-Gallon),1,33.12,54.648,Materials,2300 Painting
22PKS5VCY57E,Job 00201,5.6.1 - Exterior Door Lower Jamb/Casing Wood Rot Repairs,1050 Quick Dry Siliconized Acrylic Latex Caulk,1,3.31,5.461500000000001,Materials,0000 Uncategorized
22PKS5VCY57E,Job 00201,5.6.1 - Exterior Door Lower Jamb/Casing Wood Rot Repairs,3M Bondo Interior/ Exterior Waterproof 41 oz.,1,31.68,52.272000000000006,Materials,0000 Uncategorized
22PKS5VCY57E,Job 00201,5.6.1 - Exterior Door Lower Jamb/Casing Wood Rot Repairs,Composite Shim,1,2.23,3.6795000000000004,Materials,0000 Uncategorized
22PKS5VCY57E,Job 00201,5.6.1 - Exterior Door Lower Jamb/Casing Wood Rot Repairs,Vinyl Door Jamb,1,65.96,108.834,Materials,1500 Doors & Windows
22PKS5VCY57E,Job 00201,5.6.1 - Exterior Door Lower Jamb/Casing Wood Rot Repairs,Hourly Rate,10,55,89,Materials,0000 Uncategorized
22PKS5VCY57E,Job 00201,5.6.4 - Entry Door Threshold Repair,Protecto Wrap Window & Door Flashing Tape,,41.99,70.13,Materials,0000 Uncategorized
22PKS5VCY57E,Job 00201,5.6.4 - Entry Door Threshold Repair,Semi-gloss Ultra White Acrylic Interior/Exterior Door and Trim Paint (1-Gallon),,33.12,54.648,Materials,2300 Painting
22PKS5VCY57E,Job 00201,5.6.4 - Entry Door Threshold Repair,Floor Covering - Econo Runner,,121.79,200.96,Materials,0000 Uncategorized
22PKS5VCY57E,Job 00201,5.6.4 - Entry Door Threshold Repair,Lexel Clear Paintable Solvent Caulk,,11.28,18.612000000000002,Materials,6000 Completion
22PKS5VCY57E,Job 00201,5.6.4 - Entry Door Threshold Repair,Hourly Rate,4,55,89,Materials,0000 Uncategorized
22PKS5VCY57E,Job 00201,5.6.7 - Exterior Door Weather Seal Replacement,Miscellaneous,,30,42.85714285714286,Materials,0000 Uncategorized
22PKS5VCY57E,Job 00201,5.6.7 - Exterior Door Weather Seal Replacement,Hourly Rate,,55,89,Materials,0000 Uncategorized
22PKS5VCY57E,Job 00201,5.12.1 - Deck and Home Connection,1/2 in. Hot Dipped Galvanized Cut Washer (50-Box),,23.8,44.03,Materials,0000 Uncategorized
22PKS5VCY57E,Job 00201,5.12.1 - Deck and Home Connection,Everbilt 1/2 in.-13 x 8 in. Galvanized Carriage Bolt (25-Pack),,104.8,193.88,Materials,0000 Uncategorized
22PKS5VCY57E,Job 00201,5.12.1 - Deck and Home Connection,"Red Heads 1/2"" x 5""",25,1.12,1.87,Materials,0000 Uncategorized
22PKS5VCY57E,Job 00201,5.12.1 - Deck and Home Connection,Hourly Rate,6,55,89,Materials,0000 Uncategorized
22PKS5VCY57E,Job 00201,5.12.2 - Deck Board Repair (fasten loose boards),Deckmate 3 inch wood screw,,12.98,21.417000000000005,Materials,410 Framing
22PKS5VCY57E,Job 00201,5.12.2 - Deck Board Repair (fasten loose boards),Hourly Rate,1,55,89,Materials,0000 Uncategorized
22PKS5VCY57E,Job 00201,6.5.1 - Window Adjustment,Hourly Rate,,55,89,Materials,0000 Uncategorized
22PKfGT4g9a2,00203 - 246 Waters Rd HR,Roof Leak Service Call,Hourly Rate,1,250,362.5,Materials,0000 Uncategorized
22PKfGT4g9a2,00203 - 246 Waters Rd HR,Roof Leak Service Call,Hourly Rate,1,250,362.5,Materials,0000 Uncategorized
22PKhdCDbQ9x,Job 00204,Deck Expansion,Subcontractor,,16300,22820.000000000004,Labor,0000 Uncategorized
22PKhdCDbQ9x,Job 00204,Deck Expansion,Subcontractor,,16300,22820.000000000004,Labor,0000 Uncategorized
22PKhdCDbQ9x,Job 00204,Gutter Installation,Hourly Rate,1,650,897,Materials,0000 Uncategorized
22PKhdCDbQ9x,Job 00204,Gutter Installation,Hourly Rate,1,650,897,Materials,0000 Uncategorized
22PKhdCDbQ9x,Job 00204,Column Repair,Hourly Rate,0,55,89,Materials,0000 Uncategorized
22PKhdCDbQ9x,Job 00204,Column Repair,Misc materials,0,63.45,104.69250000000002,Materials,0000 Uncategorized
22PKhdCDbQ9x,Job 00204,Deck Railing Replacement,2x6x8 PT,4,9.09,15.180186799501872,Materials,0000 Uncategorized
22PKhdCDbQ9x,Job 00204,Deck Railing Replacement,Deckmate 3 inch wood screw,1,12.98,21.417000000000005,Materials,410 Framing
22PKhdCDbQ9x,Job 00204,Deck Railing Replacement,Hourly Rate,8,55,89,Materials,0000 Uncategorized
22PKiHfTuMUM,Job 00206,Structural Framing,Subcontractor,,5000,7142.857142857143,Labor,0000 Uncategorized
22PKiHfTuMUM,Job 00206,Structural Framing,Subcontractor,,5000,7142.857142857143,Labor,0000 Uncategorized
22PKkutksJ2w,Sherry Tuttle - 00207,Roof Replacement wrong house,"Roof decking 7/16""",0,55,79.75,Materials,0000 Uncategorized
22PKkutksJ2w,Sherry Tuttle - 00207,Roof Replacement wrong house,Roofing labor,1,13500,18630,Labor,0000 Uncategorized
22PKkutksJ2w,Sherry Tuttle - 00207,Drywall Installation,Hourly Rate,20,55,89,Materials,0000 Uncategorized
22PKkutksJ2w,Sherry Tuttle - 00207,Drywall Installation,1/2 in. x 4 ft. x 8 ft. UltraLight Drywall,4,11.25,18.562500000000004,Materials,0000 Uncategorized
22PKkutksJ2w,Sherry Tuttle - 00207,Drywall Installation,"Drywall Screws 1 1/4""",1,29.98,49.467000000000006,Materials,0000 Uncategorized
22PKkutksJ2w,Sherry Tuttle - 00207,Drywall Installation,Drywall Joint Tape,1,16.75,27.637500000000003,Materials,0000 Uncategorized
22PKkutksJ2w,Sherry Tuttle - 00207,Drywall Installation,Drywall Mud (4.5 Gallon),1,17.92,29.56800000000001,Materials,0000 Uncategorized
22PKkutksJ2w,Sherry Tuttle - 00207,Drywall Installation,Sanding Discs,1,8.97,14.800500000000003,Materials,0000 Uncategorized
22PKkutksJ2w,Sherry Tuttle - 00207,Drywall Installation,Strait-Flex 2-3/8 in. x 100 ft. Original Composite Flexible Corner Bead,1,36.98,61.76,Materials,0000 Uncategorized
22PKkutksJ2w,Sherry Tuttle - 00207,Drywall Installation,White Oil-Based Interior/Exterior Primer and Sealer,1,34.98,57.717000000000006,Materials,0000 Uncategorized
22PKkutksJ2w,Sherry Tuttle - 00207,Drywall Installation,Return trip for finishing,20,55,89,Materials,0000 Uncategorized
22PKkutksJ2w,Sherry Tuttle - 00207,Drywall Installation,Plastic Sheeting,,53.24,99.33,Materials,0000 Uncategorized
22PKkutksJ2w,Sherry Tuttle - 00207,Roof Replacement,"Roof decking 7/16""",0,55,79.75,Materials,0000 Uncategorized
22PKkutksJ2w,Sherry Tuttle - 00207,Roof Replacement,Roofing labor,1,13500,18630,Labor,0000 Uncategorized
22PKkutksJ2w,Sherry Tuttle - 00207,Drywall Installation,Plastic Sheeting,,53.24,99.33,Materials,0000 Uncategorized
22PKkutksJ2w,Sherry Tuttle - 00207,Drywall Installation,Custom Gallon Paint/Stain,1,60,99.00000000000001,Materials,2300 Painting
22PKkutksJ2w,Sherry Tuttle - 00207,Drywall Installation,Hourly Rate,20,55,89,Materials,0000 Uncategorized
22PKkutksJ2w,Sherry Tuttle - 00207,Drywall Installation,1/2 in. x 4 ft. x 8 ft. UltraLight Drywall,4,11.25,18.562500000000004,Materials,0000 Uncategorized
22PKkutksJ2w,Sherry Tuttle - 00207,Drywall Installation,"Drywall Screws 1 1/4""",1,29.98,49.467000000000006,Materials,0000 Uncategorized
22PKkutksJ2w,Sherry Tuttle - 00207,Drywall Installation,Drywall Joint Tape,1,16.75,27.637500000000003,Materials,0000 Uncategorized
22PKkutksJ2w,Sherry Tuttle - 00207,Drywall Installation,Drywall Mud (4.5 Gallon),1,17.92,29.56800000000001,Materials,0000 Uncategorized
22PKkutksJ2w,Sherry Tuttle - 00207,Drywall Installation,Sanding Discs,1,8.97,14.800500000000003,Materials,0000 Uncategorized
22PKkutksJ2w,Sherry Tuttle - 00207,Drywall Installation,Strait-Flex 2-3/8 in. x 100 ft. Original Composite Flexible Corner Bead,1,36.98,61.76,Materials,0000 Uncategorized
22PKkutksJ2w,Sherry Tuttle - 00207,Drywall Installation,White Oil-Based Interior/Exterior Primer and Sealer,1,34.98,57.717000000000006,Materials,0000 Uncategorized
22PKmapLJMFM,Job 00208,Garage Door Weatherstripping Replacement- Bottom seal,"Mini Warehouse Bottom Seal 1"" Bulb",,35,58.449999999999996,Materials,0000 Uncategorized
22PKmapLJMFM,Job 00208,Garage Door Weatherstripping Replacement- Bottom seal,Hourly Rate,2,55,89,Materials,0000 Uncategorized
22PKmapLJMFM,Job 00208,Garage Door Weatherstripping Replacement- Bottom seal,"Mini Warehouse Bottom Seal 1"" Bulb",,35,58.449999999999996,Materials,0000 Uncategorized
22PKmapLJMFM,Job 00208,Garage Door Weatherstripping Replacement- Bottom seal,Hourly Rate,2,55,89,Materials,0000 Uncategorized
22PKmc3rhWGa,Job 00209,Truss Repairs,Letter of Assessment,2,,125,Labor,0000 Uncategorized
22PKmc3rhWGa,Job 00209,Truss Repairs,2 7/8 in HeadLoks,,0.47,0.79,Materials,0000 Uncategorized
22PKmc3rhWGa,Job 00209,Truss Repairs,2x4x10 PT,,8.71,14.55,Materials,0000 Uncategorized
22PKmc3rhWGa,Job 00209,Truss Repairs,Hourly Rate,10,55,89,Materials,0000 Uncategorized
22PKmc3rhWGa,Job 00209,Truss Repairs,Letter of Assessment,2,0,125,Labor,0000 Uncategorized
22PKmc3rhWGa,Job 00209,Truss Repairs,2 7/8 in HeadLoks,,0.47,0.79,Materials,0000 Uncategorized
22PKmc3rhWGa,Job 00209,Truss Repairs,2x4x10 PT,,8.71,14.55,Materials,0000 Uncategorized
22PKmc3rhWGa,Job 00209,Truss Repairs,Hourly Rate,10,55,89,Materials,0000 Uncategorized
22PKmc3rhWGa,Job 00209,Truss Repairs,2 7/8 in HeadLoks,1,0.47,,Materials,0000 Uncategorized
22PKmc3rhWGa,Job 00209,Truss Repairs,2x4x10 PT,1,8.71,,Materials,0000 Uncategorized
22PKmc3rhWGa,Job 00209,Truss Repairs,Hourly Rate,10,55,,Materials,0000 Uncategorized
22PKmeScHptG,Job 00210,Dust Control and Space Prep,Hourly Rate,8,55,89,Materials,0000 Uncategorized
22PKmeScHptG,Job 00210,Dust Control and Space Prep,Floor Covering - Econo Runner,2,121.79,200.96,Materials,0000 Uncategorized
22PKmeScHptG,Job 00210,Dust Control and Space Prep,Plastic Sheeting,,53.24,87.84600000000002,Materials,0000 Uncategorized
22PKmeScHptG,Job 00210,Dust Control and Space Prep,ZipWall HDAZ2 3 in. x 84 in. Heavy-Duty Adhesive Zippers Includes Knife (2-Pack),,24.98,41.22,Materials,0000 Uncategorized
22PKmeScHptG,Job 00210,Demolition,Trash Bags,,29.98,50.07,Materials,0000 Uncategorized
22PKmeScHptG,Job 00210,Demolition,Haul Away,,228,350,Materials,0000 Uncategorized
22PKmeScHptG,Job 00210,Demolition,Dumpster Fees,3,175,288.75,Materials,0000 Uncategorized
22PKmeScHptG,Job 00210,Demolition,Hourly Rate,20,55,89,Materials,0000 Uncategorized
22PKmeScHptG,Job 00210,Demolition,Subcontractor,,900,1305,Labor,0000 Uncategorized
22PKmeScHptG,Job 00210,Plumbing,Subcontractor,,5500,7974.999999999999,Labor,0000 Uncategorized
22PKmeScHptG,Job 00210,Plumbing,Shower Valve/trim Allowance,,477,787.0500000000001,Materials,0000 Uncategorized
22PKmeScHptG,Job 00210,Plumbing,Toilet Allowance,,230.6,380.49000000000007,Materials,0000 Uncategorized
22PKmeScHptG,Job 00210,Tile Floor,Subcontractor,1,2500,3624.9999999999995,Labor,0000 Uncategorized
22PKmeScHptG,Job 00210,Tile Floor,Ceramic Tile Allowance  - Floor,80,10,16.7,Materials,0000 Uncategorized
22PKmeScHptG,Job 00210,Tile Shower,Subcontractor,,3000,4350,Labor,0000 Uncategorized
22PKmeScHptG,Job 00210,Tile Shower,Ceramic Tile Allowance - Shower Walls,90,12.4,20.46,Materials,0000 Uncategorized
22PKmeScHptG,Job 00210,Tile Shower,Ceramic Tile Allowance - Mosaic Shower Floor,10,15,25.05,Materials,0000 Uncategorized
22PKmeScHptG,Job 00210,Frameless Shower Glass,Subcontractor,,1800,2610,Labor,0000 Uncategorized
22PKmeScHptG,Job 00210,Drywall/Paint,Subcontractor,,3500,5075,Labor,0000 Uncategorized
22PKmeScHptG,Job 00210,Interior Trim,Liquid Nail Fuze It Glue,,8.24,13.76,Materials,0000 Uncategorized
22PKmeScHptG,Job 00210,Interior Trim,"2"" Brad Nails",,3.28,5.412000000000001,Materials,0000 Uncategorized
22PKmeScHptG,Job 00210,Interior Trim,Hourly Rate,50,55,89,Materials,0000 Uncategorized
22PKmeScHptG,Job 00210,Interior Trim,Special Order Materials,,500,825.0000000000001,Materials,0000 Uncategorized
22PKmeScHptG,Job 00210,Post Project Cleaning,Hourly Rate,8,55,89,Materials,0000 Uncategorized
22PKmeScHptG,Job 00210,Dust Control and Space Prep,Hourly Rate,8,55,89,Materials,0000 Uncategorized
22PKmeScHptG,Job 00210,Dust Control and Space Prep,Floor Covering - Econo Runner,2,121.79,200.96,Materials,0000 Uncategorized
22PKmeScHptG,Job 00210,Dust Control and Space Prep,Plastic Sheeting,,53.24,87.84600000000002,Materials,0000 Uncategorized
22PKmeScHptG,Job 00210,Dust Control and Space Prep,ZipWall HDAZ2 3 in. x 84 in. Heavy-Duty Adhesive Zippers Includes Knife (2-Pack),,24.98,41.22,Materials,0000 Uncategorized
22PKmiBHU6Xr,Job 00211,Exterior Painting (Stucco),Subcontractor,,9200,12880.000000000002,Labor,0000 Uncategorized
22PKmiBHU6Xr,Job 00211,Exterior Painting (Window Trim/Sashes & Gable Vent),Subcontractor,,1516,2122.4,Labor,0000 Uncategorized
22PKmiBHU6Xr,Job 00211,Stucco Repairs,Subcontractor,,525,735.0000000000001,Labor,0000 Uncategorized
22PKmiBHU6Xr,Job 00211,Front Porch Concrete Repair,Subcontractor,,1350,1890.0000000000002,Labor,0000 Uncategorized
22PKmiBHU6Xr,Job 00211,Front Porch Concrete Repair,Hourly Rate,2.36,55,89,Materials,0000 Uncategorized
22PKmiBHU6Xr,Job 00211,Exterior Painting (Stucco),Subcontractor,,9200,12880.000000000002,Labor,0000 Uncategorized
22PKmiBHU6Xr,Job 00211,Exterior Painting (Window Trim/Sashes & Gable Vent),Subcontractor,,1516,2122.4,Labor,0000 Uncategorized
22PKmiBHU6Xr,Job 00211,Stucco Repairs,Subcontractor,,525,735.0000000000001,Labor,0000 Uncategorized
22PKmiBHU6Xr,Job 00211,Front Porch Concrete Repair,Hourly Rate,2.36,55,89,Materials,0000 Uncategorized
22PKmiBHU6Xr,Job 00211,Front Porch Concrete Repair,Subcontractor,,1350,1890.0000000000002,Labor,0000 Uncategorized
22PKmiBHU6Xr,Job 00211,Front Porch Concrete Repair,Hourly Rate,2.36,55.00000000000001,,Materials,0000 Uncategorized
22PKmiBHU6Xr,Job 00211,Front Porch Concrete Repair,Hourly Rate,2.36,55.00000000000001,89,Materials,0000 Uncategorized
22PKmiBHU6Xr,Job 00211,Front Porch Concrete Repair,Subcontractor,,1350,1890,Labor,0000 Uncategorized
22PKttXaSWbk,Job 00213,4.4.2 Firewall Repair,USG Sheetrock Brand 5/8 in. x 4 ft. x 8 ft. EcoSmart Firecode X Drywall,0,13.6,22.71,Materials,0000 Uncategorized
22PKttXaSWbk,Job 00213,4.4.2 Firewall Repair,Drywall Joint Tape,0,16.75,27.637500000000003,Materials,0000 Uncategorized
22PKttXaSWbk,Job 00213,4.4.2 Firewall Repair,Drywall Mud (4.5 Gallon),0,17.92,29.56800000000001,Materials,0000 Uncategorized
22PKttXaSWbk,Job 00213,4.4.2 Firewall Repair,Hourly Rate,4,55,89,Materials,0000 Uncategorized
22PKttXaSWbk,Job 00213,4.4.2 Firewall Repair,"Drywall Screws 1 1/4""",0,29.98,49.467000000000006,Materials,0000 Uncategorized
22PKttXaSWbk,Job 00213,4.4.2 Firewall Repair,Fire Foam,1,25,35.714285714285715,Labor,0000 Uncategorized
22PKttXaSWbk,Job 00213,4.4.1 Attic Water Damage Repairs,"7/16"" OSB Sheathing Panel",0,17.37,29.01,Materials,0000 Uncategorized
22PKttXaSWbk,Job 00213,4.4.1 Attic Water Damage Repairs,Deckmate 3 inch wood screw,0,12.98,21.417000000000005,Materials,410 Framing
22PKttXaSWbk,Job 00213,4.4.1 Attic Water Damage Repairs,2x4x10 Dimensional Lumber,0,5.62,9.273000000000001,Materials,410 Framing
22PKttXaSWbk,Job 00213,4.4.1 Attic Water Damage Repairs,Hourly Rate,1,55,89,Materials,0000 Uncategorized
22PKttXaSWbk,Job 00213,12.5.1 Cover Replacement,HVAC Disconnect Switch Box,0,30,50.1,Materials,0000 Uncategorized
22PKttXaSWbk,Job 00213,12.5.1 Cover Replacement,Hourly Rate,1,55,89,Materials,0000 Uncategorized
22PKttXaSWbk,Job 00213,3.7.1 Downspout Extender Installation,Hourly Rate,2,55,89,Materials,0000 Uncategorized
22PKttXaSWbk,Job 00213,3.7.1 Downspout Extender Installation,"3""x4"" White Aluminum Downspout",,19.72,32.93,Materials,0000 Uncategorized
22PKttXaSWbk,Job 00213,3.7.1 Downspout Extender Installation,"3""x4"" White Aluminum Downspout Elbow ""A""",,6.28,10.49,Materials,0000 Uncategorized
22PKttXaSWbk,Job 00213,3.7.1 Downspout Extender Installation,Downspout Extender,0,8.97,14.98,Materials,0000 Uncategorized
22PKttXaSWbk,Job 00213,3.7.1 Downspout Extender Installation,Downspout Extender,,8.97,14.98,Materials,0000 Uncategorized
22PKttXaSWbk,Job 00213,3.7.1 Downspout Extender Installation,Hourly Rate,1,55,89,Materials,0000 Uncategorized
22PKttXaSWbk,Job 00213,3.7.1 Downspout Extender Installation,Downspout Extender,,8.97,14.98,Materials,0000 Uncategorized
22PKttXaSWbk,Job 00213,4.4.1 Attic Water Damage Repairs,"7/16"" OSB Sheathing Panel",1,17.37,29.01,Materials,0000 Uncategorized
22PKttXaSWbk,Job 00213,4.4.1 Attic Water Damage Repairs,Deckmate 3 inch wood screw,1,12.98,21.417000000000005,Materials,410 Framing
22PKttXaSWbk,Job 00213,4.4.1 Attic Water Damage Repairs,2x4x10 Dimensional Lumber,2,5.62,9.273000000000001,Materials,410 Framing
22PKttXaSWbk,Job 00213,4.4.1 Attic Water Damage Repairs,Hourly Rate,10,55,89,Materials,0000 Uncategorized
22PKttXaSWbk,Job 00213,4.4.2 Firewall Repair,Fire Foam,,25,35.714285714285715,Labor,0000 Uncategorized
22PKttXaSWbk,Job 00213,4.4.2 Firewall Repair,Hourly Rate,6,55,89,Materials,0000 Uncategorized
22PKttXaSWbk,Job 00213,4.4.2 Firewall Repair,USG Sheetrock Brand 5/8 in. x 4 ft. x 8 ft. EcoSmart Firecode X Drywall,1,13.6,22.71,Materials,0000 Uncategorized
22PKttXaSWbk,Job 00213,4.4.2 Firewall Repair,"Drywall Screws 1 1/4""",1,29.98,49.467000000000006,Materials,0000 Uncategorized
22PKttXaSWbk,Job 00213,4.4.2 Firewall Repair,Drywall Mud (4.5 Gallon),1,17.92,29.56800000000001,Materials,0000 Uncategorized
22PKttXaSWbk,Job 00213,4.4.2 Firewall Repair,Drywall Joint Tape,1,16.75,27.637500000000003,Materials,0000 Uncategorized
22PKttXaSWbk,Job 00213,12.5.1 Cover Replacement,HVAC Disconnect Switch Box,1,30,50.1,Materials,0000 Uncategorized
22PKttXaSWbk,Job 00213,12.5.1 Cover Replacement,Hourly Rate,2,55,89,Materials,0000 Uncategorized
22PKttXaSWbk,Job 00213,3.7.1 Downspout Extender Installation,Hourly Rate,2,55,89,Materials,0000 Uncategorized
22PKttXaSWbk,Job 00213,3.7.1 Downspout Extender Installation,"3""x4"" White Aluminum Downspout",,19.72,32.93,Materials,0000 Uncategorized
22PKttXaSWbk,Job 00213,3.7.1 Downspout Extender Installation,"3""x4"" White Aluminum Downspout Elbow ""A""",,6.28,10.49,Materials,0000 Uncategorized
22PKttXaSWbk,Job 00213,3.7.1 Downspout Extender Installation,Downspout Extender,0,8.97,14.98,Materials,0000 Uncategorized
22PKttXaSWbk,Job 00213,3.7.1 Downspout Extender Installation,Downspout Extender,,8.97,14.98,Materials,0000 Uncategorized
22PKttXaSWbk,Job 00213,4.4.1 Attic Water Damage Repairs,"7/16"" OSB Sheathing Panel",0,17.37,29.01,Materials,0000 Uncategorized
22PKttXaSWbk,Job 00213,4.4.1 Attic Water Damage Repairs,Deckmate 3 inch wood screw,0,12.98,21.417000000000005,Materials,410 Framing
22PKttXaSWbk,Job 00213,4.4.1 Attic Water Damage Repairs,2x4x10 Dimensional Lumber,0,5.62,9.273000000000001,Materials,410 Framing
22PKttXaSWbk,Job 00213,4.4.1 Attic Water Damage Repairs,Hourly Rate,1,55,89,Materials,0000 Uncategorized
22PL5E8pJ5SF,Job 00214,Exterior Wood Rot/Damage Repairs,1x4x18 Vinyl Trim plank,6,34.2,54.720000000000006,Materials,0000 Uncategorized
22PL5E8pJ5SF,Job 00214,Exterior Wood Rot/Damage Repairs,Special Order Materials,,500,800,Materials,0000 Uncategorized
22PL5E8pJ5SF,Job 00214,Exterior Wood Rot/Damage Repairs,"3/8"" x 48"" x 8' S4S PVC sheating",5,83.98,134.368,Materials,0000 Uncategorized
22PL5E8pJ5SF,Job 00214,Exterior Wood Rot/Damage Repairs,1x10x18 Vinyl Trim Plank,4,94.5,151.2,Materials,0000 Uncategorized
22PL5E8pJ5SF,Job 00214,Exterior Wood Rot/Damage Repairs,1x6x18 Vinyl Trim Plank,12,54.9,87.84,Materials,0000 Uncategorized
22PL5E8pJ5SF,Job 00214,Exterior Wood Rot/Damage Repairs,Hourly Rate,54,55,89,Materials,0000 Uncategorized
22PL5E8pJ5SF,Job 00214,Exterior Wood Rot/Damage Repairs,1x8x18 Vinyl Trim Plank,3,72,115.2,Materials,0000 Uncategorized
22PL5E8pJ5SF,Job 00214,Exterior Paint,Subcontractor,,14536.09,19646.76,Labor,0000 Uncategorized
22PL5E8pJ5SF,Job 00214,Drywall Repair - not included,Hourly Rate,0,55,89,Materials,0000 Uncategorized
22PL5E8pJ5SF,Job 00214,Drywall Repair - not included,Subcontractor,,400,552,Labor,0000 Uncategorized
22PL5E8pJ5SF,Job 00214,Exterior Wood Rot/Damage Repairs,1x8x18 Vinyl Trim Plank,3,72,115.2,Materials,0000 Uncategorized
22PL5E8pJ5SF,Job 00214,Exterior Wood Rot/Damage Repairs,1x4x18 Vinyl Trim plank,6,34.2,54.720000000000006,Materials,0000 Uncategorized
22PL5E8pJ5SF,Job 00214,Exterior Wood Rot/Damage Repairs,Special Order Materials,,500,800,Materials,0000 Uncategorized
22PL5E8pJ5SF,Job 00214,Exterior Wood Rot/Damage Repairs,"3/8"" x 48"" x 8' S4S PVC sheating",5,83.98,134.368,Materials,0000 Uncategorized
22PL5E8pJ5SF,Job 00214,Exterior Wood Rot/Damage Repairs,1x10x18 Vinyl Trim Plank,4,94.5,151.2,Materials,0000 Uncategorized
22PL5E8pJ5SF,Job 00214,Exterior Wood Rot/Damage Repairs,1x6x18 Vinyl Trim Plank,12,54.9,87.84,Materials,0000 Uncategorized
22PL5E8pJ5SF,Job 00214,Exterior Wood Rot/Damage Repairs,Hourly Rate,54,55,89,Materials,0000 Uncategorized
22PL5E8pJ5SF,Job 00214,Exterior Paint,Subcontractor,,14772,20385.36,Labor,0000 Uncategorized
22PL5E8pJ5SF,Job 00214,Drywall Repair,Hourly Rate,6,55,89,Materials,0000 Uncategorized
22PL5E8pJ5SF,Job 00214,Drywall Repair,Subcontractor,,400,552,Labor,0000 Uncategorized
22PL5E8pJ5SF,Job 00214,Exterior Wood Rot/Damage Repairs,1x8x18 Vinyl Trim Plank,3,72,115.2,Materials,0000 Uncategorized
22PL5E8pJ5SF,Job 00214,Exterior Wood Rot/Damage Repairs,1x4x18 Vinyl Trim plank,6,34.2,54.720000000000006,Materials,0000 Uncategorized
22PL5E8pJ5SF,Job 00214,Exterior Wood Rot/Damage Repairs,Special Order Materials,,500,800,Materials,0000 Uncategorized
22PL5E8pJ5SF,Job 00214,Exterior Wood Rot/Damage Repairs,"3/8"" x 48"" x 8' S4S PVC sheating",5,83.98,134.368,Materials,0000 Uncategorized
22PL5E8pJ5SF,Job 00214,Exterior Wood Rot/Damage Repairs,1x10x18 Vinyl Trim Plank,4,94.5,151.2,Materials,0000 Uncategorized
22PL5E8pJ5SF,Job 00214,Exterior Wood Rot/Damage Repairs,1x6x18 Vinyl Trim Plank,12,54.9,87.84,Materials,0000 Uncategorized
22PL5E8pJ5SF,Job 00214,Exterior Wood Rot/Damage Repairs,Hourly Rate,54,55,89,Materials,0000 Uncategorized
22PL5E8pJ5SF,Job 00214,Exterior Paint,Subcontractor,,14772,19646.760000000002,Labor,0000 Uncategorized
22PL5E8pJ5SF,Job 00214,Exterior Wood Rot/Damage Repairs,1x8x18 Vinyl Trim Plank,3,72,,Materials,0000 Uncategorized
22PL5E8pJ5SF,Job 00214,Exterior Wood Rot/Damage Repairs,1x4x18 Vinyl Trim plank,6,34.199999999999996,,Materials,0000 Uncategorized
22PL5E8pJ5SF,Job 00214,Exterior Wood Rot/Damage Repairs,"3/8"" x 48"" x 8' S4S PVC sheating",5,83.97999999999999,,Materials,0000 Uncategorized
22PL5E8pJ5SF,Job 00214,Exterior Wood Rot/Damage Repairs,1x10x18 Vinyl Trim Plank,4,94.5,,Materials,0000 Uncategorized
22PL5E8pJ5SF,Job 00214,Exterior Wood Rot/Damage Repairs,1x6x18 Vinyl Trim Plank,12,54.9,,Materials,0000 Uncategorized
22PL5E8pJ5SF,Job 00214,Exterior Wood Rot/Damage Repairs,Hourly Rate,54,55,,Materials,0000 Uncategorized
22PL5E8pJ5SF,Job 00214,Exterior Wood Rot/Damage Repairs,PVC RB3 Casing,18,0,,Materials,0000 Uncategorized
22PL5E8pJ5SF,Job 00214,Exterior Wood Rot/Damage Repairs,PVC Base Cap,18,0,,Materials,0000 Uncategorized
22PL5E8pJ5SF,Job 00214,Exterior Wood Rot/Damage Repairs - Change Order,Special Order Materials,1,827.68,1324.288,Materials,0000 Uncategorized
22PL5E8pJ5SF,Job 00214,Exterior Wood Rot/Damage Repairs - Change Order,Hourly Rate,20.76,55,89,Materials,0000 Uncategorized
22PL5E8pJ5SF,Job 00214,Exterior Wood Rot/Damage Repairs - Change Order,Special Order Materials - not used,1,-381.6,-610.5600000000001,Materials,0000 Uncategorized
22PL5Nfg8bhk,Job 00216,Double Pane Window Replacement,Lexel Clear Paintable Solvent Caulk,2,11.28,18.612000000000002,Materials,6000 Completion
22PL5Nfg8bhk,Job 00216,Double Pane Window Replacement,Hourly Rate,11,55,89,Materials,0000 Uncategorized
22PL5Nfg8bhk,Job 00216,Double Pane Window Replacement,Lexel Clear Paintable Solvent Caulk,2,11.28,18.612000000000002,Materials,6000 Completion
22PL5Nfg8bhk,Job 00216,Double Pane Window Replacement,Hourly Rate,11,55,89,Materials,0000 Uncategorized
22PL6JTCJraw,Job 00217,Plumbing Evaluation,Hourly Rate,3.4666,55,89,Materials,0000 Uncategorized
22PL6JTCJraw,Job 00217,Plumbing Evaluation,Fluidmaster Universal 3 in. Premium Adjustable Toilet Tank Flapper,1,32.26,53.8742,Materials,0000 Uncategorized
22PL6JTCJraw,Job 00217,Plumbing Evaluation,Hourly Rate,5,55,,Materials,0000 Uncategorized
22PL6JTCJraw,Job 00217,Plumbing Evaluation,Hourly Rate,3.4666,55,89,Materials,0000 Uncategorized
22PL6JTCJraw,Job 00217,Plumbing Evaluation,Fluidmaster Universal 3 in. Premium Adjustable Toilet Tank Flapper,1,32.26,53.8742,Materials,0000 Uncategorized
22PL8SVQ4PUa,Job 00218,General Plumbing Repairs,Subcontractor,,1500,2142.857142857143,Labor,0000 Uncategorized
22PL8SVQ4PUa,Job 00218,General Plumbing Repairs,Subcontractor,,1500,2142.857142857143,Labor,0000 Uncategorized
22PL8egAKtcd,Job 00219,Drywall Removal,Floor Covering - Econo Runner,0.5,121.79,200.96,Materials,0000 Uncategorized
22PL8egAKtcd,Job 00219,Drywall Removal,Hourly Rate,6,55,89,Materials,0000 Uncategorized
22PL8egAKtcd,Job 00219,Drywall Repair/paint,Plastic Sheeting,,53.24,99.33,Materials,0000 Uncategorized
22PL8egAKtcd,Job 00219,Drywall Repair/paint,1x4  x 8 ft. Premium Kiln-Dried Square Edge Whitewood Common Board,2,8.51,15.74,Materials,0000 Uncategorized
22PL8egAKtcd,Job 00219,Drywall Repair/paint,Ceiling White Paint,1,42.49,70.96,Materials,0000 Uncategorized
22PL8egAKtcd,Job 00219,Drywall Repair/paint,White Oil-Based Interior/Exterior Primer and Sealer,0.5,34.98,57.717000000000006,Materials,0000 Uncategorized
22PL8egAKtcd,Job 00219,Drywall Repair/paint,Return trip for finishing,4,55,89,Materials,0000 Uncategorized
22PL8egAKtcd,Job 00219,Drywall Repair/paint,Sanding Discs,,8.97,14.800500000000003,Materials,0000 Uncategorized
22PL8egAKtcd,Job 00219,Drywall Repair/paint,1/2 in. x 4 ft. x 8 ft. UltraLight Drywall,3,11.25,18.562500000000004,Materials,0000 Uncategorized
22PL8egAKtcd,Job 00219,Drywall Repair/paint,Drywall Joint Tape,,16.75,27.637500000000003,Materials,0000 Uncategorized
22PL8egAKtcd,Job 00219,Drywall Repair/paint,"1 1/4"" Drywall screws",,,,Materials,0000 Uncategorized
22PL8egAKtcd,Job 00219,Drywall Repair/paint,Drywall Mud (4.5 Gallon),,17.92,29.56800000000001,Materials,0000 Uncategorized
22PL8egAKtcd,Job 00219,Drywall Removal,Floor Covering - Econo Runner,0.5,121.79,200.96,Materials,0000 Uncategorized
22PL8egAKtcd,Job 00219,Drywall Removal,Hourly Rate,6,55,89,Materials,0000 Uncategorized
22PL8egAKtcd,Job 00219,Drywall Repair/paint,Plastic Sheeting,,53.24,99.33,Materials,0000 Uncategorized
22PL8egAKtcd,Job 00219,Drywall Repair/paint,1x4  x 8 ft. Premium Kiln-Dried Square Edge Whitewood Common Board,2,8.51,15.74,Materials,0000 Uncategorized
22PL8egAKtcd,Job 00219,Drywall Repair/paint,Ceiling White Paint,1,42.49,70.96,Materials,0000 Uncategorized
22PL8egAKtcd,Job 00219,Drywall Repair/paint,White Oil-Based Interior/Exterior Primer and Sealer,0.5,34.98,57.717000000000006,Materials,0000 Uncategorized
22PL8egAKtcd,Job 00219,Drywall Repair/paint,Return trip for finishing,4,55,89,Materials,0000 Uncategorized
22PL8egAKtcd,Job 00219,Drywall Repair/paint,Sanding Discs,,8.97,14.800500000000003,Materials,0000 Uncategorized
22PL8egAKtcd,Job 00219,Drywall Repair/paint,1/2 in. x 4 ft. x 8 ft. UltraLight Drywall,3,11.25,18.562500000000004,Materials,0000 Uncategorized
22PL8egAKtcd,Job 00219,Drywall Repair/paint,Drywall Joint Tape,,16.75,27.637500000000003,Materials,0000 Uncategorized
22PL8egAKtcd,Job 00219,Drywall Repair/paint,"1 1/4"" Drywall screws",,0,0,Materials,0000 Uncategorized
22PL8egAKtcd,Job 00219,Drywall Repair/paint,Drywall Mud (4.5 Gallon),,17.92,29.56800000000001,Materials,0000 Uncategorized
22PL8p5YDPzY,Job 00220,Demo Labor/Dumpster Fees,Dumpster Fees,6,175,236.25,Materials,0000 Uncategorized
22PL8p5YDPzY,Job 00220,Demo Labor/Dumpster Fees,Labor,,7500,10125,Labor,0000 Uncategorized
22PL8p5YDPzY,Job 00220,Framing,Lumber Pkg,,7500,10125,Materials,0000 Uncategorized
22PL8p5YDPzY,Job 00220,Framing,Labor,,15000,20250,Labor,0000 Uncategorized
22PL8p5YDPzY,Job 00220,Stamped Concrete (roughly 10'x25'),Labor and Materials,,8000,10800,Labor,0000 Uncategorized
22PL8p5YDPzY,Job 00220,Decking/Stairs,Composite Decking,,5000,6750,Materials,0000 Uncategorized
22PL8p5YDPzY,Job 00220,Decking/Stairs,Labor,,7500,10125,Labor,0000 Uncategorized
22PL8p5YDPzY,Job 00220,Horizontal Cable Railing System,Labor and Materials,,18000,24300,Labor,0000 Uncategorized
22PL8p5YDPzY,Job 00220,Deck Waterproofing System (only upper deck),Labor and Materials,,5000,6750,Labor,0000 Uncategorized
22PL8p5YDPzY,Job 00220,Demo Labor/Dumpster Fees,Dumpster Fees,6,175,236.25,Materials,0000 Uncategorized
22PL8p5YDPzY,Job 00220,Demo Labor/Dumpster Fees,Labor,,7500,10125,Labor,0000 Uncategorized
22PL8p5YDPzY,Job 00220,Framing,Lumber Pkg,,7500,10125,Materials,0000 Uncategorized
22PL8p5YDPzY,Job 00220,Framing,Labor,,15000,20250,Labor,0000 Uncategorized
22PL8p5YDPzY,Job 00220,Stamped Concrete (roughly 10'x25'),Labor and Materials,,8000,10800,Labor,0000 Uncategorized
22PL8p5YDPzY,Job 00220,Decking/Stairs,Composite Decking,,5000,6750,Materials,0000 Uncategorized
22PL8p5YDPzY,Job 00220,Decking/Stairs,Labor,,7500,10125,Labor,0000 Uncategorized
22PL9GrSLhiJ,Job 00221,Exterior Trim Repair - Window,1x6x18 Vinyl Trim Plank,1,54.9,90.58500000000001,Materials,0000 Uncategorized
22PL9GrSLhiJ,Job 00221,Exterior Trim Repair - Window,Lexel Clear Paintable Solvent Caulk,1,11.28,18.612000000000002,Materials,6000 Completion
22PL9GrSLhiJ,Job 00221,Exterior Trim Repair - Window,Semi-gloss Ultra White Acrylic Interior/Exterior Door and Trim Paint (1-Gallon),1,33.12,54.648,Materials,2300 Painting
22PL9GrSLhiJ,Job 00221,Exterior Trim Repair - Window,1-1/4 in. x 5-1/4 in. x 84 in. Vinyl Sill Moulding,1,40.96,68.4,Materials,0000 Uncategorized
22PL9GrSLhiJ,Job 00221,Exterior Trim Repair - Window,1-3/8 in. x 1-5/16 in. x 84 in. Vinyl Composite Sill Moulding Nosing,1,18.96,31.66,Materials,0000 Uncategorized
22PL9GrSLhiJ,Job 00221,Exterior Trim Repair - Window,"3/8"" x 48"" x 8' S4S PVC sheating",1,83.98,138.56700000000004,Materials,0000 Uncategorized
22PL9GrSLhiJ,Job 00221,Exterior Trim Repair - Window,Composite Shim,1,2.23,3.6795000000000004,Materials,0000 Uncategorized
22PL9GrSLhiJ,Job 00221,Exterior Trim Repair - Window,1050 Quick Dry Siliconized Acrylic Latex Caulk,1,3.31,5.461500000000001,Materials,0000 Uncategorized
22PL9GrSLhiJ,Job 00221,Exterior Trim Repair - Window,Hourly Rate,8,55,89,Materials,0000 Uncategorized
22PL9GrSLhiJ,Job 00221,Exterior Trim Repair - Window,1x6x18 Vinyl Trim Plank,,54.9,90.58500000000001,Materials,0000 Uncategorized
22PL9GrSLhiJ,Job 00221,Exterior Trim Repair - Window,Lexel Clear Paintable Solvent Caulk,,11.28,18.612000000000002,Materials,6000 Completion
22PL9GrSLhiJ,Job 00221,Exterior Trim Repair - Window,Semi-gloss Ultra White Acrylic Interior/Exterior Door and Trim Paint (1-Gallon),,33.12,54.648,Materials,2300 Painting
22PL9GrSLhiJ,Job 00221,Exterior Trim Repair - Window,1-1/4 in. x 5-1/4 in. x 84 in. Vinyl Sill Moulding,,40.96,68.4,Materials,0000 Uncategorized
22PL9GrSLhiJ,Job 00221,Exterior Trim Repair - Window,1-3/8 in. x 1-5/16 in. x 84 in. Vinyl Composite Sill Moulding Nosing,,18.96,31.66,Materials,0000 Uncategorized
22PL9GrSLhiJ,Job 00221,Exterior Trim Repair - Window,"3/8"" x 48"" x 8' S4S PVC sheating",,83.98,138.56700000000004,Materials,0000 Uncategorized
22PL9GrSLhiJ,Job 00221,Exterior Trim Repair - Window,Composite Shim,,2.23,3.6795000000000004,Materials,0000 Uncategorized
22PL9GrSLhiJ,Job 00221,Exterior Trim Repair - Window,1050 Quick Dry Siliconized Acrylic Latex Caulk,,3.31,5.461500000000001,Materials,0000 Uncategorized
22PL9GrSLhiJ,Job 00221,Exterior Trim Repair - Window,Hourly Rate,8,55,89,Materials,0000 Uncategorized
22PL9GrSLhiJ,Job 00221,Exterior Trim Repair - Window,1x6x18 Vinyl Trim Plank,,54.9,,Materials,0000 Uncategorized
22PL9GrSLhiJ,Job 00221,Exterior Trim Repair - Window,Lexel Clear Paintable Solvent Caulk,,11.28,,Materials,6000 Completion
22PL9GrSLhiJ,Job 00221,Exterior Trim Repair - Window,Semi-gloss Ultra White Acrylic Interior/Exterior Door and Trim Paint (1-Gallon),,33.12,,Materials,2300 Painting
22PL9GrSLhiJ,Job 00221,Exterior Trim Repair - Window,1-1/4 in. x 5-1/4 in. x 84 in. Vinyl Sill Moulding,,40.96,,Materials,0000 Uncategorized
22PL9GrSLhiJ,Job 00221,Exterior Trim Repair - Window,1-3/8 in. x 1-5/16 in. x 84 in. Vinyl Composite Sill Moulding Nosing,,18.96,,Materials,0000 Uncategorized
22PL9GrSLhiJ,Job 00221,Exterior Trim Repair - Window,"3/8"" x 48"" x 8' S4S PVC sheating",,83.98,,Materials,0000 Uncategorized
22PL9GrSLhiJ,Job 00221,Exterior Trim Repair - Window,Composite Shim,,2.23,,Materials,0000 Uncategorized
22PL9GrSLhiJ,Job 00221,Exterior Trim Repair - Window,1050 Quick Dry Siliconized Acrylic Latex Caulk,,3.31,,Materials,0000 Uncategorized
22PL9GrSLhiJ,Job 00221,Exterior Trim Repair - Window,Hourly Rate,8,55,,Materials,0000 Uncategorized
22PLCfC6kh7R,Job 00222,3.2.1 - Seal Exterior Trim,Lexel Clear Paintable Solvent Caulk,1,11.28,18.612000000000002,Materials,6000 Completion
22PLCfC6kh7R,Job 00222,3.2.1 - Seal Exterior Trim,1050 Quick Dry Siliconized Acrylic Latex Caulk,1,3.31,5.461500000000001,Materials,0000 Uncategorized
22PLCfC6kh7R,Job 00222,3.2.1 - Seal Exterior Trim,Hourly Rate,2,55,89,Materials,0000 Uncategorized
22PLCfC6kh7R,Job 00222,8.3.3 - Shower Tile Repair,Hourly Rate,2,55,89,Materials,0000 Uncategorized
22PLCfC6kh7R,Job 00222,10.3.1 - Fireplace Damper Repair,Hourly Rate,2,55,89,Materials,0000 Uncategorized
22PLCfC6kh7R,Job 00222,10.3.1 - Fireplace Damper Repair,Special Order Materials,,100,142.85714285714286,Materials,0000 Uncategorized
22PLCfC6kh7R,Job 00222,12.4.1 - HVAC Duct Insulation Repair/Replace,Duct Insulation,,132.5,245.13,Materials,0000 Uncategorized
22PLCfC6kh7R,Job 00222,12.4.1 - HVAC Duct Insulation Repair/Replace,Nashua Tape 2.83 in. x 10 yd. ASJ (All-Service Jacketing) Insulation Duct Tape,,8.24,15.24,Materials,0000 Uncategorized
22PLCfC6kh7R,Job 00222,12.4.1 - HVAC Duct Insulation Repair/Replace,Master Flow Water Based Mastic 0.91 Gal. Tub- Air Duct Sealant,,44.33,82.01,Materials,0000 Uncategorized
22PLCfC6kh7R,Job 00222,12.4.1 - HVAC Duct Insulation Repair/Replace,Hourly Rate,2,55,89,Materials,0000 Uncategorized
22PLCfC6kh7R,Job 00222,15.4.1 - Miscellaneous Door Adjustments (bi-fold doors),Hinge Screw #9 3 in. Oil-Rubbed Bronze Phillips Flat-Head Long Hinge Screw with Oversize Threads to Tighten Interior Doors (18-Pack),,16.22,30.01,Materials,0000 Uncategorized
22PLCfC6kh7R,Job 00222,15.4.1 - Miscellaneous Door Adjustments (bi-fold doors),Hourly Rate,1,55,89,Materials,0000 Uncategorized
22PLCfC6kh7R,Job 00222,15.5.1 - Window Adjustment,Hourly Rate,2.5,55,89,Materials,0000 Uncategorized
22PLCfC6kh7R,Job 00222,17.1.1 - Attic Pull Down Stair Repair,Everbilt 1 in. x 12 in. Zinc-Plated Extension Spring,,7.4,13.69,Materials,0000 Uncategorized
22PLCfC6kh7R,Job 00222,17.1.1 - Attic Pull Down Stair Repair,"1/2"" x 6"" Zinc Hex Head Bolt",,2.11,3.52,Materials,0000 Uncategorized
22PLCfC6kh7R,Job 00222,17.1.1 - Attic Pull Down Stair Repair,Hourly Rate,2,55,89,Materials,0000 Uncategorized
22PLCfC6kh7R,Job 00222,3.9.1 - Vinyl Soffit Repair,Hourly Rate,2,55,89,Materials,0000 Uncategorized
22PLCfC6kh7R,Job 00222,3.9.1 - Vinyl Soffit Repair,Stainless Steel Trim Nail,,12.98,21.68,Materials,0000 Uncategorized
22PLCfC6kh7R,Job 00222,3.9.1 - Vinyl Soffit Repair,Lexel Clear Paintable Solvent Caulk,,11.28,18.612000000000002,Materials,6000 Completion
22PLCfC6kh7R,Job 00222,5.1.1 - Clean Roof Shingles,Hourly Rate,2,55,89,Materials,0000 Uncategorized
22PLCfC6kh7R,Job 00222,5.1.1 - Clean Roof Shingles,SOCAR 8201 Siding Cleaner,,50.88,94.13,Materials,0000 Uncategorized
22PLCfC6kh7R,Job 00222,5.3.1 - Kickout Flashing Install,Grip-Rite#11 x 1-1/4 in. Electro-Galvanized Steel Roofing Nails (1 lb.-Pack),,4.98,8.32,Materials,0000 Uncategorized
22PLCfC6kh7R,Job 00222,5.3.1 - Kickout Flashing Install,Henry 208R Rubberized Wet Patch 10.1 oz Roof Cement Leak Repair,,7.24,12.09,Materials,0000 Uncategorized
22PLCfC6kh7R,Job 00222,5.3.1 - Kickout Flashing Install,Black Kickout Flashing,4,12.01,20.06,Materials,0000 Uncategorized
22PLCfC6kh7R,Job 00222,5.3.1 - Kickout Flashing Install,Hourly Rate,4,55,89,Materials,0000 Uncategorized
22PLFHBceZ7w,Job 00223,Interior Paint - removed,Subcontractor,,6493,8960.34,Labor,0000 Uncategorized
22PLFHBceZ7w,Job 00223,Flooring,Subcontractor,,,5142.86,Labor,0000 Uncategorized
22PLFHBceZ7w,Job 00223,Window Replacements  - removed,Composite Shim,,2.23,3.6795000000000004,Materials,0000 Uncategorized
22PLFHBceZ7w,Job 00223,Window Replacements  - removed,#10 x 2-1/2 in. 305 Stainless Steel Star Drive Deck Screw (1 lb/Pack),,16.29,27.2,Materials,0000 Uncategorized
22PLFHBceZ7w,Job 00223,Window Replacements  - removed,M-D Building Products3/8 in. x 240 in. Backer Rod,,3.45,5.76,Materials,0000 Uncategorized
22PLFHBceZ7w,Job 00223,Window Replacements  - removed,GREAT STUFF Smart Straw Window and Door Foam Sealant,4,8.18,13.66,Materials,0000 Uncategorized
22PLFHBceZ7w,Job 00223,Window Replacements  - removed,356 Door & Window Casing Moulding,20,5.85,9.77,Materials,0000 Uncategorized
22PLFHBceZ7w,Job 00223,Window Replacements  - removed,Haul Away,,228,350,Materials,0000 Uncategorized
22PLFHBceZ7w,Job 00223,Window Replacements  - removed,1050 Quick Dry Siliconized Acrylic Latex Caulk,,3.31,5.461500000000001,Materials,0000 Uncategorized
22PLFHBceZ7w,Job 00223,Window Replacements  - removed,Hourly Rate,50,55,89,Materials,0000 Uncategorized
22PLFHBceZ7w,Job 00223,Window Replacements  - removed,11/16-in x 2-1/2-in x 8-ft Primed Pine Stool,6,21.98,36.71,Materials,0000 Uncategorized
22PLFHBceZ7w,Job 00223,Window Replacements  - removed,Custom Order Windows,8,325,464.28571428571433,Materials,0000 Uncategorized
22PLFHBceZ7w,Job 00223,Closet Shelving,12-Pack White Wire Shelf Bracket,2,35.98,59.367000000000004,Materials,6000 Completion
22PLFHBceZ7w,Job 00223,Closet Shelving,Hourly Rate,10,55,89,Materials,0000 Uncategorized
22PLFHBceZ7w,Job 00223,Closet Shelving,12-ft x 12-in White Universal Wire Shelf,4,40,66,Materials,6000 Completion
22PLFHBceZ7w,Job 00223,Closet Shelving,White Heavy-Duty Steel Closet Rod,4,19.06,31.449,Materials,6000 Completion
22PLFHBceZ7w,Job 00223,Closet Shelving,Heavy-Duty White Closet Pole Sockets (2-Pack),4,9.52,15.708000000000002,Materials,6000 Completion
22PLFHBceZ7w,Job 00223,Porch Handrail Rebuild,Deckmate 3 inch wood screw,2,12.98,21.417000000000005,Materials,410 Framing
22PLFHBceZ7w,Job 00223,Porch Handrail Rebuild,"Red Heads 1/2"" x 4""",10,1.08,1.8,Materials,0000 Uncategorized
22PLFHBceZ7w,Job 00223,Porch Handrail Rebuild,4x4 Standoff Post Base,4,12.23,20.42,Materials,0000 Uncategorized
22PLFHBceZ7w,Job 00223,Porch Handrail Rebuild,Hourly Rate,20,55,89,Materials,0000 Uncategorized
22PLFHBceZ7w,Job 00223,Porch Handrail Rebuild,Sakrete 60lb High-Strength Concrete Mix,4,3.81,6.36,Materials,0000 Uncategorized
22PLFHBceZ7w,Job 00223,Porch Handrail Rebuild,4x4x8 PT,6,10.77,17.99,Materials,0000 Uncategorized
22PLFHBceZ7w,Job 00223,Porch Handrail Rebuild,1x4x8 ft PT,6,5.16,8.62,Materials,0000 Uncategorized
22PLFHBceZ7w,Job 00223,Porch Handrail Rebuild,Pressure Treated Square Deck Balluster,60,1.68,2.5,Materials,0000 Uncategorized
22PLFHBceZ7w,Job 00223,Porch Handrail Rebuild,2x4x10 PT,10,8.71,14.55,Materials,0000 Uncategorized
22PLFHBceZ7w,Job 00223,Porch Handrail Rebuild,2x6x10 PT,4,10.66,17.8,Materials,0000 Uncategorized
22PLFHBceZ7w,Job 00223,Misc. Repairs,Special Order Materials,,600,990.0000000000001,Materials,0000 Uncategorized
22PLFHBceZ7w,Job 00223,Misc. Repairs,Hourly Rate,10,55,89,Materials,0000 Uncategorized
22PLFHBceZ7w,Job 00223,Electrical Repairs,Subcontractor,,1000,1450,Labor,0000 Uncategorized
22PLFHBceZ7w,Job 00223,Electrical Repairs,Special Order Materials,1,277.51,463.4417,Materials,0000 Uncategorized
22PLFHBceZ7w,Job 00223,Bathroom Vanity Replacement  - removed,Special Order Materials,,500,825.0000000000001,Materials,0000 Uncategorized
22PLFHBceZ7w,Job 00223,Bathroom Vanity Replacement  - removed,Special Order Materials,,500,825.0000000000001,Materials,0000 Uncategorized
22PLFHBceZ7w,Job 00223,Bathroom Vanity Replacement  - removed,Hourly Rate,30,55,89,Materials,0000 Uncategorized
22PLFHBceZ7w,Job 00223,Bathroom Vanity Replacement  - removed,Special Order Materials,,500,825.0000000000001,Materials,0000 Uncategorized
22PLFHBceZ7w,Job 00223,Toilet Replacement,Flange Kit,2,19.18,32.03,Materials,0000 Uncategorized
22PLFHBceZ7w,Job 00223,Toilet Replacement,Wax Ring w/ Bolts,2,10.98,18.34,Materials,0000 Uncategorized
22PLFHBceZ7w,Job 00223,Toilet Replacement,"Glacier Bay 2-piece 1.1 GPF/1.6 GPF High Efficiency Dual Flush Complete Elongated Toilet in White, Seat Included",1,421.88,704.5496968488234,Materials,0000 Uncategorized
22PLFHBceZ7w,Job 00223,Toilet Replacement,Hourly Rate,12,55,89,Materials,0000 Uncategorized
22PLFHBceZ7w,Job 00223,Shower Insert Replacement,Hourly Rate,12,55,89,Materials,0000 Uncategorized
22PLFHBceZ7w,Job 00223,Shower Insert Replacement,Special Order Materials,,1062.99,1775.1933,Materials,0000 Uncategorized
22PLFHBceZ7w,Job 00223,Shower Insert Replacement,Special Order Materials,,249.23,416.2140999999999,Materials,0000 Uncategorized
22PLFHBceZ7w,Job 00223,Shower Insert Replacement,Subcontractor,,2500,3624.9999999999995,Labor,0000 Uncategorized
22PLJaieRRYU,Job 00224,Rotten Band Sill Replacement,Johns ManvilleR-19 Kraft Faced Fiberglass Insulation Batt 23 in. x 93 in.,9,15.19,25.07,Materials,0000 Uncategorized
22PLJaieRRYU,Job 00224,Rotten Band Sill Replacement,Miscellaneous materials,,300,495.00000000000006,Materials,0000 Uncategorized
22PLJaieRRYU,Job 00224,Rotten Band Sill Replacement,Temporary Bracing in Crawlspace,,0,224.26,Materials,0000 Uncategorized
22PLJaieRRYU,Job 00224,Rotten Band Sill Replacement,2x10x16 PT,12,27.91,46.61,Materials,0000 Uncategorized
22PLJaieRRYU,Job 00224,Rotten Band Sill Replacement,2 7/8 in HeadLoks,100,0.47,0.79,Materials,0000 Uncategorized
22PLJaieRRYU,Job 00224,Rotten Band Sill Replacement,Hourly Rate,115,55,89,Materials,0000 Uncategorized
22PLJaieRRYU,Job 00224,Replace Crawlspace Door and Frame,Tapcon 1/4 in. x 3-1/4 in. Hex-Washer-Head Concrete Anchors (75-Pack),,36.73,67.95,Materials,0000 Uncategorized
22PLJaieRRYU,Job 00224,Replace Crawlspace Door and Frame,"23/32"" 4'x8' PT Plywood",,58.78,98.16,Materials,0000 Uncategorized
22PLJaieRRYU,Job 00224,Replace Crawlspace Door and Frame,"3 1/2"" Black Tee Hinge",2,6.94,11.59,Materials,0000 Uncategorized
22PLJaieRRYU,Job 00224,Replace Crawlspace Door and Frame,2x4x16 ft. 2 Prime Ground Contact Pressure-Treated Southern Yellow Pine Lumber,2,11.9,22.01,Materials,0000 Uncategorized
22PLJaieRRYU,Job 00224,Replace Crawlspace Door and Frame,Hourly Rate,5,55,89,Materials,0000 Uncategorized
22PLJaieRRYU,Job 00224,Rotten Band Sill Replacement,Johns ManvilleR-19 Kraft Faced Fiberglass Insulation Batt 23 in. x 93 in.,9,15.19,25.07,Materials,0000 Uncategorized
22PLJaieRRYU,Job 00224,Rotten Band Sill Replacement,Miscellaneous materials,,300,495.00000000000006,Materials,0000 Uncategorized
22PLJaieRRYU,Job 00224,Rotten Band Sill Replacement,Temporary Bracing in Crawlspace,,0,224.26,Materials,0000 Uncategorized
22PLJaieRRYU,Job 00224,Rotten Band Sill Replacement,2x10x16 PT,12,27.91,46.61,Materials,0000 Uncategorized
22PLJaieRRYU,Job 00224,Rotten Band Sill Replacement,2 7/8 in HeadLoks,100,0.47,0.79,Materials,0000 Uncategorized
22PLJaieRRYU,Job 00224,Rotten Band Sill Replacement,Hourly Rate,115,55,89,Materials,0000 Uncategorized
22PLJaieRRYU,Job 00224,Replace Crawlspace Door and Frame,Tapcon 1/4 in. x 3-1/4 in. Hex-Washer-Head Concrete Anchors (75-Pack),,36.73,67.95,Materials,0000 Uncategorized
22PLJaieRRYU,Job 00224,Replace Crawlspace Door and Frame,"23/32"" 4'x8' PT Plywood",,58.78,98.16,Materials,0000 Uncategorized
22PLJaieRRYU,Job 00224,Replace Crawlspace Door and Frame,"3 1/2"" Black Tee Hinge",2,6.94,11.59,Materials,0000 Uncategorized
22PLJaieRRYU,Job 00224,Replace Crawlspace Door and Frame,2x4x16 ft. 2 Prime Ground Contact Pressure-Treated Southern Yellow Pine Lumber,2,11.9,22.01,Materials,0000 Uncategorized
22PLJaieRRYU,Job 00224,Replace Crawlspace Door and Frame,Hourly Rate,5,55,89,Materials,0000 Uncategorized
22PLSeuwJchL,Job 00225,2.7.1 - Vinyl Siding Patch Repair,Mendyl Vinyl and Stucco Siding Repair Kit,,13.78,26.75,Materials,0000 Uncategorized
22PLSeuwJchL,Job 00225,2.7.1 - Vinyl Siding Patch Repair,Interior Paint Match Fee,,95,156.75,Materials,0000 Uncategorized
22PLSeuwJchL,Job 00225,2.7.1 - Vinyl Siding Patch Repair,Hourly Rate,2,55,89,Materials,0000 Uncategorized
22PLSeuwJchL,Job 00225,2.9.1 - Exterior Trim Repairs,Semi-gloss Ultra White Acrylic Interior/Exterior Door and Trim Paint (1-Gallon),0.5,33.12,54.648,Materials,2300 Painting
22PLSeuwJchL,Job 00225,2.9.1 - Exterior Trim Repairs,1x4x18 Vinyl Trim plank,0.5,34.2,57.12,Materials,0000 Uncategorized
22PLSeuwJchL,Job 00225,2.9.1 - Exterior Trim Repairs,1050 Quick Dry Siliconized Acrylic Latex Caulk,,3.31,5.461500000000001,Materials,0000 Uncategorized
22PLSeuwJchL,Job 00225,2.9.1 - Exterior Trim Repairs,3M Bondo Interior/ Exterior Waterproof 41 oz.,0.5,31.68,52.272000000000006,Materials,0000 Uncategorized
22PLSeuwJchL,Job 00225,2.9.1 - Exterior Trim Repairs,Hourly Rate,8,55,89,Materials,0000 Uncategorized
22PLSeuwJchL,Job 00225,2.9.1 - Exterior Trim Repairs,Adjustable 5-5/8 in. x 72 in. Aluminum and Hardwood Sills - Inswing Threshold,1,170.95,285.49,Materials,0000 Uncategorized
22PLSeuwJchL,Job 00225,2.9.1 - Exterior Trim Repairs,Lexel Clear Paintable Solvent Caulk,,11.28,18.612000000000002,Materials,6000 Completion
22PLSeuwJchL,Job 00225,2.9.1 - Exterior Trim Repairs,1x10x18 Vinyl Trim Plank,0.25,94.5,157.82,Materials,0000 Uncategorized
22PLSeuwJchL,Job 00225,5.2.1 - Brick Repair,Lexel Clear Paintable Solvent Caulk,2,11.28,18.612000000000002,Materials,6000 Completion
22PLSeuwJchL,Job 00225,5.2.1 - Brick Repair,Hourly Rate,2,55,89,Materials,0000 Uncategorized
22PLSeuwJchL,Job 00225,5.2.1 - Brick Repair,SAKRETE 10.3 fl. oz. Mortar Repair Sealant,,6.18,10.32,Materials,0000 Uncategorized
22PLSeuwJchL,Job 00225,5.9.1 - Floor Point Shoring STL-62,STL-62,,333,549.45,Materials,0000 Uncategorized
22PLSeuwJchL,Job 00225,5.9.1 - Floor Point Shoring STL-62,STL-JHD (Double) U-Head,,76.5,126.22500000000002,Materials,0000 Uncategorized
22PLSeuwJchL,Job 00225,5.9.1 - Floor Point Shoring STL-62,Base Plate - 18,,115.1,192.22,Materials,0000 Uncategorized
22PLSeuwJchL,Job 00225,5.9.1 - Floor Point Shoring STL-62,Hourly Rate,2,55,89,Materials,0000 Uncategorized
22PLSeuwJchL,Job 00225,7.7.2 - Window Operations Repair,Hourly Rate,2,55,89,Materials,0000 Uncategorized
22PLSeuwJchL,Job 00225,7.10.2 - Fireplace Firebox Brick Repair,3M 10.1 fl. oz. Gray Fire Block Specialty Sealant,2,7.61,14.08,Materials,0000 Uncategorized
22PLSeuwJchL,Job 00225,7.10.2 - Fireplace Firebox Brick Repair,Hourly Rate,4,55,89,Materials,0000 Uncategorized
22PLSeuwJchL,Job 00225,7.10.2 - Fireplace Firebox Brick Repair,SAKRETE 10.3 fl. oz. Mortar Repair Sealant,,6.18,10.32,Materials,0000 Uncategorized
22PLSeuwJchL,Job 00225,8.3.1 - Sink Drain Stopper Repair/Replacement,Drain Stopper,,15.65,26.14,Materials,0000 Uncategorized
22PLSeuwJchL,Job 00225,8.3.1 - Sink Drain Stopper Repair/Replacement,Hourly Rate,2,55,89,Materials,0000 Uncategorized
22PLSeuwJchL,Job 00225,8.5.1 - Bathtub Spout Repair,GESilicone 1 10.1 oz. White Bath Tub and Tile Caulk,,8.98,16,Materials,0000 Uncategorized
22PLSeuwJchL,Job 00225,8.5.1 - Bathtub Spout Repair,Hourly Rate,,55,89,Materials,0000 Uncategorized
22PLSeuwJchL,Job 00225,8.7.1 - Loose Toilet Repair,Hourly Rate,2,55,89,Materials,0000 Uncategorized
22PLSeuwJchL,Job 00225,10.3.2 - Garage Door Opener Repair,Miscellaneous,2,40,57.142857142857146,Materials,0000 Uncategorized
22PLSeuwJchL,Job 00225,10.3.2 - Garage Door Opener Repair,Hourly Rate,2,55,89,Materials,0000 Uncategorized
22PLVzQJaLpn,Job 00227,3.2.1 - Exterior Trim Repairs,1050 Quick Dry Siliconized Acrylic Latex Caulk,,3.31,5.461500000000001,Materials,0000 Uncategorized
22PLVzQJaLpn,Job 00227,3.2.1 - Exterior Trim Repairs,3M Bondo Interior/ Exterior Waterproof 41 oz.,,31.68,52.272000000000006,Materials,0000 Uncategorized
22PLVzQJaLpn,Job 00227,3.2.1 - Exterior Trim Repairs,Hourly Rate,3,55,89,Materials,0000 Uncategorized
22PLVzQJaLpn,Job 00227,3.2.1 - Exterior Trim Repairs,Royal Mouldings 12 ft. x 1-3/4 in. x 3/4 in. Vinyl Shingle Molding,2,21.37,39.54,Materials,0000 Uncategorized
22PLVzQJaLpn,Job 00227,"4.1.1, 14.2.1 - Shingle  Repairs",Hourly Rate,2,55,89,Materials,0000 Uncategorized
22PLVzQJaLpn,Job 00227,5.1.1 - Plumbing System Evaluation,Hourly Rate,4,55,89,Materials,0000 Uncategorized
22PLVzQJaLpn,Job 00227,8.3.1 - Label Electrical,EatonLoad Center Circuit Directory (2-Pack),,11.5,19.21,Materials,0000 Uncategorized
22PLVzQJaLpn,Job 00227,8.3.1 - Label Electrical,Hourly Rate,1,55,89,Materials,0000 Uncategorized
22PLVzQJaLpn,Job 00227,8.3.2 - Double Pole Breaker Replacement,Hourly Rate,3,55,89,Materials,0000 Uncategorized
22PLVzQJaLpn,Job 00227,8.3.2 - Double Pole Breaker Replacement,Square D Homeline 25 Amp 2-Pole Circuit Breaker,2,12.82,21.41,Materials,0000 Uncategorized
22PLVzQJaLpn,Job 00227,8.3.3 - Single Pole Breaker Replacement,Siemens 30 Amp Single-Pole Type QP Circuit Breaker,4,5.53,9.24,Materials,0000 Uncategorized
22PLVzQJaLpn,Job 00227,8.3.3 - Single Pole Breaker Replacement,Hourly Rate,3,55,89,Materials,0000 Uncategorized
22PLVzQJaLpn,Job 00227,8.5.1 - Cover Plate Replacement,1-Gang Blank Cover Plate,4,0.68,1.14,Materials,0000 Uncategorized
22PLVzQJaLpn,Job 00227,8.5.1 - Cover Plate Replacement,Hourly Rate,,55,89,Materials,0000 Uncategorized
22PLVzQJaLpn,Job 00227,8.5.2 - Secure Crawl Space Wiring,"1/2"" Electrical Staples",,11.26,18.8,Materials,0000 Uncategorized
22PLVzQJaLpn,Job 00227,8.5.2 - Secure Crawl Space Wiring,Hourly Rate,4,55,89,Materials,0000 Uncategorized
22PLVzQJaLpn,Job 00227,8.8.1 - Smoke Detector Repair,Hourly Rate,0.5,55,89,Materials,0000 Uncategorized
22PLVzQJaLpn,Job 00227,Structural Repairs and Crawl Space and Moisture Control,STL-22,2,276,455.4000000000001,Materials,0000 Uncategorized
22PLVzQJaLpn,Job 00227,Structural Repairs and Crawl Space and Moisture Control,STL-JHD (Double) U-Head,2,76.5,126.22500000000002,Materials,0000 Uncategorized
22PLVzQJaLpn,Job 00227,Structural Repairs and Crawl Space and Moisture Control,Base Plate - 12,2,56.22,108.72,Materials,0000 Uncategorized
22PLVzQJaLpn,Job 00227,Structural Repairs and Crawl Space and Moisture Control,2x10x10 PT,2,21.32,35.61,Materials,0000 Uncategorized
22PLVzQJaLpn,Job 00227,Structural Repairs and Crawl Space and Moisture Control,RapidSet,0,16.18,27.02,Materials,0000 Uncategorized
22PLVzQJaLpn,Job 00227,Structural Repairs and Crawl Space and Moisture Control,Hourly Rate,6,55,89,Materials,0000 Uncategorized
22PLVzQJaLpn,Job 00227,Structural Repairs and Crawl Space and Moisture Control,STL-22,4,276,455.4000000000001,Materials,0000 Uncategorized
22PLVzQJaLpn,Job 00227,Structural Repairs and Crawl Space and Moisture Control,RapidSet,0,16.18,27.02,Materials,0000 Uncategorized
22PLVzQJaLpn,Job 00227,Structural Repairs and Crawl Space and Moisture Control,STL-JHD (Double) U-Head,4,76.5,126.22500000000002,Materials,0000 Uncategorized
22PLVzQJaLpn,Job 00227,Structural Repairs and Crawl Space and Moisture Control,Base Plate - 12,4,56.22,108.72,Materials,0000 Uncategorized
22PLYQwCYYs8,Job 00228,"4"" I Beam drop sill with  STL-22 - removed",STL-22,0,276,455.4000000000001,Materials,0000 Uncategorized
22PLYQwCYYs8,Job 00228,"4"" I Beam drop sill with  STL-22 - removed",RapidSet,0,16.18,27.02,Materials,0000 Uncategorized
22PLYQwCYYs8,Job 00228,"4"" I Beam drop sill with  STL-22 - removed",STL-JHD (Double) U-Head,0,76.5,126.22500000000002,Materials,0000 Uncategorized
22PLYQwCYYs8,Job 00228,"4"" I Beam drop sill with  STL-22 - removed",Base Plate - 12,0,56.22,108.72,Materials,0000 Uncategorized
22PLYQwCYYs8,Job 00228,"4"" I Beam drop sill with  STL-22 - removed",Hourly Rate,0,55,89,Materials,0000 Uncategorized
22PLYQwCYYs8,Job 00228,"4"" I Beam drop sill with  STL-22 - removed","4"" S4 Steel I-Beam 102""",0,250,417.4955197132616,Materials,0000 Uncategorized
22PLYQwCYYs8,Job 00228,Drywall Repair,White Oil-Based Interior/Exterior Primer and Sealer,2,34.98,57.717000000000006,Materials,0000 Uncategorized
22PLYQwCYYs8,Job 00228,Drywall Repair,Return trip for finishing,4,55,89,Materials,0000 Uncategorized
22PLYQwCYYs8,Job 00228,Drywall Repair,Sanding Discs,1,8.97,14.800500000000003,Materials,0000 Uncategorized
22PLYQwCYYs8,Job 00228,Drywall Repair,1/2 in. x 4 ft. x 8 ft. UltraLight Drywall,1,11.25,18.562500000000004,Materials,0000 Uncategorized
22PLYQwCYYs8,Job 00228,Drywall Repair,Drywall Joint Tape,1,16.75,27.637500000000003,Materials,0000 Uncategorized
22PLYQwCYYs8,Job 00228,Drywall Repair,"1 1/4"" Drywall screws",1,,,Materials,0000 Uncategorized
22PLYQwCYYs8,Job 00228,Drywall Repair,Drywall Mud (4.5 Gallon),1,17.92,29.56800000000001,Materials,0000 Uncategorized
22PLYQwCYYs8,Job 00228,Drywall Repair,Hourly Rate,10,55,89,Materials,0000 Uncategorized
22PLYQwCYYs8,Job 00228,Bath Exhaust Fan Venting,Removed,1,31.98,53.41,Materials,0000 Uncategorized
22PLYQwCYYs8,Job 00228,Bath Exhaust Fan Venting,Hourly Rate,3,55,89,Materials,0000 Uncategorized
22PLYQwCYYs8,Job 00228,Bath Exhaust Fan Venting,Wall Vent Ducting Kit,1,28.62,47.223000000000006,Materials,530 HVAC
22PLYQwCYYs8,Job 00228,Drywall Attachment to Chimney,Liquid Nail Fuze It Glue,2,8.24,13.76,Materials,0000 Uncategorized
22PLYQwCYYs8,Job 00228,Drywall Attachment to Chimney,2x4x8 PT,1,6.19,10.34,Materials,0000 Uncategorized
22PLYQwCYYs8,Job 00228,Drywall Attachment to Chimney,Tapcon 1/4 in. x 3-1/4 in. Hex-Washer-Head Concrete Anchors (75-Pack),1,36.73,67.95,Materials,0000 Uncategorized
22PLYQwCYYs8,Job 00228,Drywall Attachment to Chimney,Hourly Rate,4,55,89,Materials,0000 Uncategorized
22PLYQwCYYs8,Job 00228,Deck Flashing Repair (Horizontal Decking),Lexel Clear Paintable Solvent Caulk,2,11.28,18.612000000000002,Materials,6000 Completion
22PLYQwCYYs8,Job 00228,Deck Flashing Repair (Horizontal Decking),"1-5/8"" DeckMate Screws - 1 lb.",3,11.16,18.64,Materials,0000 Uncategorized
22PLYQwCYYs8,Job 00228,Deck Flashing Repair (Horizontal Decking),Protecto Wrap Window & Door Flashing Tape,1,41.99,70.13,Materials,0000 Uncategorized
22PLYQwCYYs8,Job 00228,Deck Flashing Repair (Horizontal Decking),"10""x10' Aluminum Flashing - black",5,11.62,19.41,Materials,0000 Uncategorized
22PLYQwCYYs8,Job 00228,Deck Flashing Repair (Horizontal Decking),Hourly Rate,12,55,89,Materials,0000 Uncategorized
22PLYQwCYYs8,Job 00228,Deck Flashing Repair (Horizontal Decking),Metal Break Usage,4,55,133.5,Materials,0000 Uncategorized
22PLYQwCYYs8,Job 00228,Deck Flashing Repair (Horizontal Decking),"Hardie Plank Cedarmill Lap Siding (8.25 in. for 7"" Reveal)",4,13.31,22.23,Materials,0000 Uncategorized
22PLYQwCYYs8,Job 00228,Entry door Installation - removed,2/8 x 6/8 - 9 Lite Half Glass Fiberglass Door Unit,0,715,1194.05,Materials,0000 Uncategorized
22PLYQwCYYs8,Job 00228,Entry door Installation - removed,Hourly Rate,0,55,89,Materials,0000 Uncategorized
22PLYQwCYYs8,Job 00228,Entry door Installation - removed,1x6x8 Primed Radiatta Pine,0,15.98,26.69,Materials,0000 Uncategorized
22PLYQwCYYs8,Job 00228,Entry door Installation - removed,2x6x8 PT,0,8.03,13.41,Materials,0000 Uncategorized
22PLYQwCYYs8,Job 00228,Entry door Installation - removed,Lexel Clear Paintable Solvent Caulk,0,11.28,18.612000000000002,Materials,6000 Completion
22PLYQwCYYs8,Job 00228,Entry door Installation - removed,Nashua Tape 6 in. x 50 ft. Window and Door Flashing Tape,0,22.08,36.87,Materials,0000 Uncategorized
22PLYQwCYYs8,Job 00228,Miscellaneous,Hourly Rate,1,55,89,Materials,0000 Uncategorized
22PLYQwCYYs8,Job 00228,Miscellaneous,Wood Shims,1,0,,Materials,0000 Uncategorized
22PLYQwCYYs8,Job 00228,Drywall Repair,White Oil-Based Interior/Exterior Primer and Sealer,2,34.98,57.717000000000006,Materials,0000 Uncategorized
22PLYQwCYYs8,Job 00228,Drywall Repair,Return trip for finishing,4,55,89,Materials,0000 Uncategorized
22PLYQwCYYs8,Job 00228,Drywall Repair,Sanding Discs,1,8.97,14.800500000000003,Materials,0000 Uncategorized
22PLYQwCYYs8,Job 00228,Drywall Repair,1/2 in. x 4 ft. x 8 ft. UltraLight Drywall,1,11.25,18.562500000000004,Materials,0000 Uncategorized
22PLYQwCYYs8,Job 00228,Drywall Repair,Drywall Joint Tape,1,16.75,27.637500000000003,Materials,0000 Uncategorized
22PLYQwCYYs8,Job 00228,Drywall Repair,"1 1/4"" Drywall screws",1,0,0,Materials,0000 Uncategorized
22PLYQwCYYs8,Job 00228,Drywall Repair,Drywall Mud (4.5 Gallon),1,17.92,29.56800000000001,Materials,0000 Uncategorized
22PLYQwCYYs8,Job 00228,Drywall Repair,Hourly Rate,10,55,89,Materials,0000 Uncategorized
22PLYQwCYYs8,Job 00228,Bath Exhaust Fan Venting,Broan-NuTone3 in. to 4 in. Roof Vent Kit for Round Duct Steel in Black,1,31.98,53.41,Materials,0000 Uncategorized
22PLYQwCYYs8,Job 00228,Bath Exhaust Fan Venting,Hourly Rate,3,55,89,Materials,0000 Uncategorized
22PLYQwCYYs8,Job 00228,Bath Exhaust Fan Venting,Wall Vent Ducting Kit,1,28.62,47.223000000000006,Materials,530 HVAC
22PLYQwCYYs8,Job 00228,Drywall Attachment to Chimney,Liquid Nail Fuze It Glue,2,8.24,13.76,Materials,0000 Uncategorized
22PLYQwCYYs8,Job 00228,Drywall Attachment to Chimney,2x4x8 PT,1,6.19,10.34,Materials,0000 Uncategorized
22PLYQwCYYs8,Job 00228,Drywall Attachment to Chimney,Tapcon 1/4 in. x 3-1/4 in. Hex-Washer-Head Concrete Anchors (75-Pack),1,36.73,67.95,Materials,0000 Uncategorized
22PLYQwCYYs8,Job 00228,Drywall Attachment to Chimney,Hourly Rate,4,55,89,Materials,0000 Uncategorized
22PLaiwUUmjm,Job 00230,Exploratory Demo,"Typar Butyl Flashing Tape - 4"" W x 75' L",,25.75,43,Materials,0000 Uncategorized
22PLaiwUUmjm,Job 00230,Exploratory Demo,Black Kickout Flashing,,12.01,20.06,Materials,0000 Uncategorized
22PLaiwUUmjm,Job 00230,Exploratory Demo,Hourly Rate,10,55,89,Materials,0000 Uncategorized
22PLaiwUUmjm,Job 00230,Exploratory Demo,"Typar Butyl Flashing Tape - 4"" W x 75' L",,25.75,43,Materials,0000 Uncategorized
22PLaiwUUmjm,Job 00230,Exploratory Demo,Black Kickout Flashing,,12.01,20.06,Materials,0000 Uncategorized
22PLaiwUUmjm,Job 00230,Exploratory Demo,Hourly Rate,10,55,89,Materials,0000 Uncategorized
22PLaiwUUmjm,Job 00230,Exploratory Demo,"Typar Butyl Flashing Tape - 4"" W x 75' L",1,25.75,,Materials,0000 Uncategorized
22PLaiwUUmjm,Job 00230,Exploratory Demo,Black Kickout Flashing,1,12.01,,Materials,0000 Uncategorized
22PLaiwUUmjm,Job 00230,Exploratory Demo,Hourly Rate,10,55,,Materials,0000 Uncategorized
22PLaiwUUmjm,Job 00230,Exterior Repairs,1050 Quick Dry Siliconized Acrylic Latex Caulk,,3.31,5.461500000000001,Materials,0000 Uncategorized
22PLaiwUUmjm,Job 00230,Exterior Repairs,Semi-gloss Ultra White Acrylic Interior/Exterior Door and Trim Paint (1-Gallon),,33.12,54.648,Materials,2300 Painting
22PLaiwUUmjm,Job 00230,Exterior Repairs,"Typar Butyl Flashing Tape - 4"" W x 75' L",,25.75,43,Materials,0000 Uncategorized
22PLaiwUUmjm,Job 00230,Exterior Repairs,Owens Corning R-19 Kraft Faced Fiberglass Insulation Batt 15 in. x 93 in.,0.25,69.88,129.28,Materials,0000 Uncategorized
22PLaiwUUmjm,Job 00230,Exterior Repairs,"5/8"" x 1/2"" White J Channel",3,7.98,13.33,Materials,0000 Uncategorized
22PLaiwUUmjm,Job 00230,Exterior Repairs,Hourly Rate,20,55,89,Materials,0000 Uncategorized
22PLaiwUUmjm,Job 00230,Exterior Repairs,"7/16"" OSB Sheathing Panel",1,17.37,29.01,Materials,0000 Uncategorized
22PLaiwUUmjm,Job 00230,Exterior Repairs,1050 Quick Dry Siliconized Acrylic Latex Caulk,,3.31,5.461500000000001,Materials,0000 Uncategorized
22PLaiwUUmjm,Job 00230,Exterior Repairs,Semi-gloss Ultra White Acrylic Interior/Exterior Door and Trim Paint (1-Gallon),,33.12,54.648,Materials,2300 Painting
22PLaiwUUmjm,Job 00230,Exterior Repairs,"Typar Butyl Flashing Tape - 4"" W x 75' L",,25.75,43,Materials,0000 Uncategorized
22PLaiwUUmjm,Job 00230,Exterior Repairs,Owens Corning R-19 Kraft Faced Fiberglass Insulation Batt 15 in. x 93 in.,0.25,69.88,129.28,Materials,0000 Uncategorized
22PLaiwUUmjm,Job 00230,Exterior Repairs,"5/8"" x 1/2"" White J Channel",3,7.98,13.33,Materials,0000 Uncategorized
22PLaiwUUmjm,Job 00230,Exterior Repairs,Hourly Rate,20,55,89,Materials,0000 Uncategorized
22PLaiwUUmjm,Job 00230,Exterior Repairs,"7/16"" OSB Sheathing Panel",1,17.37,29.01,Materials,0000 Uncategorized
22PLaiwUUmjm,Job 00230,Drywall Repair,Custom Gallon Paint/Stain,0.5,60,99.00000000000001,Materials,2300 Painting
22PLaiwUUmjm,Job 00230,Drywall Repair,White Oil-Based Interior/Exterior Primer and Sealer,0.5,34.98,57.717000000000006,Materials,0000 Uncategorized
22PLaiwUUmjm,Job 00230,Drywall Repair,Drywall Mud (4.5 Gallon),0.5,17.92,29.56800000000001,Materials,0000 Uncategorized
22PLaiwUUmjm,Job 00230,Drywall Repair,Hourly Rate,6,55,89,Materials,0000 Uncategorized
22PLaiwUUmjm,Job 00230,Drywall Repair,Custom Gallon Paint/Stain,0.5,60,99.00000000000001,Materials,2300 Painting
22PLaiwUUmjm,Job 00230,Drywall Repair,White Oil-Based Interior/Exterior Primer and Sealer,0.5,34.98,57.717000000000006,Materials,0000 Uncategorized
22PLaiwUUmjm,Job 00230,Drywall Repair,Drywall Mud (4.5 Gallon),0.5,17.92,29.56800000000001,Materials,0000 Uncategorized
22PLaiwUUmjm,Job 00230,Drywall Repair,Hourly Rate,6,55,89,Materials,0000 Uncategorized
22PLaiwUUmjm,Job 00230,Exterior Repairs,1050 Quick Dry Siliconized Acrylic Latex Caulk,,3.31,,Materials,0000 Uncategorized
22PLaiwUUmjm,Job 00230,Exterior Repairs,Semi-gloss Ultra White Acrylic Interior/Exterior Door and Trim Paint (1-Gallon),,33.12,,Materials,2300 Painting
22PLaiwUUmjm,Job 00230,Exterior Repairs,"Typar Butyl Flashing Tape - 4"" W x 75' L",,25.75,,Materials,0000 Uncategorized
22PLaiwUUmjm,Job 00230,Exterior Repairs,Owens Corning R-19 Kraft Faced Fiberglass Insulation Batt 15 in. x 93 in.,0.25,69.88,,Materials,0000 Uncategorized
22PLaiwUUmjm,Job 00230,Exterior Repairs,Hourly Rate,20,55,,Materials,0000 Uncategorized
22PLaiwUUmjm,Job 00230,Exterior Repairs,"7/16"" OSB Sheathing Panel",1,17.37,,Materials,0000 Uncategorized
22PLaiwUUmjm,Job 00230,Drywall Repair,Custom Gallon Paint/Stain,0.5,60,,Materials,2300 Painting
22PLaiwUUmjm,Job 00230,Drywall Repair,White Oil-Based Interior/Exterior Primer and Sealer,0.5,34.98,,Materials,0000 Uncategorized
22PLaiwUUmjm,Job 00230,Drywall Repair,Drywall Mud (4.5 Gallon),0.5,17.92,,Materials,0000 Uncategorized
22PLaiwUUmjm,Job 00230,Drywall Repair,Hourly Rate,6,55,,Materials,0000 Uncategorized
22PLaiwUUmjm,Job 00230,Interior Paint,Custom Gallon Paint/Stain,1,60,99.00000000000001,Materials,2300 Painting
22PLaiwUUmjm,Job 00230,Interior Paint,Plastic Sheeting,1,53.24,99.33,Materials,0000 Uncategorized
22PLaiwUUmjm,Job 00230,Interior Paint,White Oil-Based Interior/Exterior Primer and Sealer,1,34.98,57.717000000000006,Materials,0000 Uncategorized
22PLaiwUUmjm,Job 00230,Interior Paint,Hourly Rate,4,55,89,Materials,0000 Uncategorized
22PLajK8mUS6,Job 00231,Window Replacements - removed,Composite Shim,,2.23,3.6795000000000004,Materials,0000 Uncategorized
22PLajK8mUS6,Job 00231,Window Replacements - removed,#10 x 2-1/2 in. 305 Stainless Steel Star Drive Deck Screw (1 lb/Pack),,16.29,27.2,Materials,0000 Uncategorized
22PLajK8mUS6,Job 00231,Window Replacements - removed,GREAT STUFF Smart Straw Window and Door Foam Sealant,4,8.18,13.66,Materials,0000 Uncategorized
22PLajK8mUS6,Job 00231,Window Replacements - removed,356 Door & Window Casing Moulding,16,5.85,9.77,Materials,0000 Uncategorized
22PLajK8mUS6,Job 00231,Window Replacements - removed,Haul Away,,228,350,Materials,0000 Uncategorized
22PLajK8mUS6,Job 00231,Window Replacements - removed,1050 Quick Dry Siliconized Acrylic Latex Caulk,6,3.31,5.461500000000001,Materials,0000 Uncategorized
22PLajK8mUS6,Job 00231,Window Replacements - removed,Hourly Rate,72,55,89,Materials,0000 Uncategorized
22PLajK8mUS6,Job 00231,Window Replacements - removed,EC 1195 2 1/2” Window Stool  (Per L/F),32,2.98,4.98,Materials,0000 Uncategorized
22PLajK8mUS6,Job 00231,Window Replacements - removed,1x2x8 Primed SPF,16,7.64,12.76,Materials,0000 Uncategorized
22PLajK8mUS6,Job 00231,Window Replacements - removed,Semi-gloss Ultra White Acrylic Interior/Exterior Door and Trim Paint (1-Gallon),1,33.12,54.648,Materials,2300 Painting
22PLajK8mUS6,Job 00231,Replace Bathroom Vanity - removed,Plumbing Fixture Allowance,,150,247.50000000000003,Materials,0000 Uncategorized
22PLajK8mUS6,Job 00231,Replace Bathroom Vanity - removed,Special Order Materials,,800,1320.0000000000002,Materials,0000 Uncategorized
22PLajK8mUS6,Job 00231,Replace Bathroom Vanity - removed,Hourly Rate,10,55,89,Materials,0000 Uncategorized
22PLajK8mUS6,Job 00231,Exterior Trim Repairs,"3/8"" x 48"" x 8' S4S PVC sheating",1,83.98,138.56700000000004,Materials,0000 Uncategorized
22PLajK8mUS6,Job 00231,Exterior Trim Repairs,1050 Quick Dry Siliconized Acrylic Latex Caulk,2,3.31,5.461500000000001,Materials,0000 Uncategorized
22PLajK8mUS6,Job 00231,Exterior Trim Repairs,Hourly Rate,20,55,89,Materials,0000 Uncategorized
22PLajK8mUS6,Job 00231,Exterior Trim Repairs,House Wrap,0.25,94.41,157.67,Materials,0000 Uncategorized
22PLajK8mUS6,Job 00231,Exterior Trim Repairs,"Typar Butyl Flashing Tape - 4"" W x 75' L",1,25.75,43,Materials,0000 Uncategorized
22PLajK8mUS6,Job 00231,Exterior Trim Repairs,Semi-gloss Ultra White Acrylic Interior/Exterior Door and Trim Paint (1-Gallon),1,33.12,54.648,Materials,2300 Painting
22PLajK8mUS6,Job 00231,Exterior Trim Repairs,1x6x18 Vinyl Trim Plank,2,54.9,90.58500000000001,Materials,0000 Uncategorized
22PLajK8mUS6,Job 00231,Garage Door Seal Replacement,Special Order Materials,1,50.34,71.91428571428573,Materials,0000 Uncategorized
22PLajK8mUS6,Job 00231,Garage Door Seal Replacement,Hourly Rate,1.5,55,89,Materials,0000 Uncategorized
22PLajK8mUS6,Job 00231,Door Sweep Replacement,"36"" Drip Cap Door Sweep",0,12.12,20.24,Materials,0000 Uncategorized
22PLajK8mUS6,Job 00231,Door Sweep Replacement,Frost King 1-1/2 in. x 1-3/4 in. Door Corner Guards for Inswing Entry Doors (4-Pack),0,3.75,6.94,Materials,0000 Uncategorized
22PLajK8mUS6,Job 00231,Door Sweep Replacement,Hourly Rate,0,55,89,Materials,0000 Uncategorized
22PLajK8mUS6,Job 00231,Glass Shower Door Install - removed,Subcontractor,,1650,2392.5,Labor,0000 Uncategorized
22PLajK8mUS6,Job 00231,Shed Trim/Floor Repairs - removed,"23/32"" 4'x8' PT Plywood",2,58.78,98.16,Materials,0000 Uncategorized
22PLajK8mUS6,Job 00231,Shed Trim/Floor Repairs - removed,Hourly Rate,10,55,89,Materials,0000 Uncategorized
22PLajK8mUS6,Job 00231,Shed Trim/Floor Repairs - removed,Semi-gloss Ultra White Acrylic Interior/Exterior Door and Trim Paint (1-Gallon),,33.12,54.648,Materials,2300 Painting
22PLajK8mUS6,Job 00231,Shed Trim/Floor Repairs - removed,2x4x10 PT,4,8.71,14.55,Materials,0000 Uncategorized
22PLajK8mUS6,Job 00231,Shed Trim/Floor Repairs - removed,1x4x18 Vinyl Trim plank,4,34.2,57.12,Materials,0000 Uncategorized
22PLajK8mUS6,Job 00231,Electrical Repairs,Subcontractor,1,405,587.25,Labor,0000 Uncategorized
22PLajK8mUS6,Job 00231,Ceiling Fan Replacement,Ceiling Fan with Light Kit,1,234.53,391.6783944648217,Materials,0000 Uncategorized
22PLajK8mUS6,Job 00231,Ceiling Fan Replacement,Subcontractor,1,220,314.2857142857143,Labor,0000 Uncategorized
22PLajK8mUS6,Job 00231,Front Door Replacement - removed,Hourly Rate,30,55,89,Materials,0000 Uncategorized
22PLajK8mUS6,Job 00231,Front Door Replacement - removed,Special Order Materials,,3500,5775.000000000001,Materials,0000 Uncategorized
22PLayQLCaQs,Melissa Amatangelo - 00233,"E1.1, E4.1-3: Electrical Repairs",Subcontractor,,900,1305,Labor,0000 Uncategorized
22PLayQLCaQs,Melissa Amatangelo - 00233,"F2.1-4, G1.1-5, G2: HVAC Repairs","1/2"" Refrigerant Line/Pipe Insulation",2,8.58,14.33,Materials,0000 Uncategorized
22PLayQLCaQs,Melissa Amatangelo - 00233,"F2.1-4, G1.1-5, G2: HVAC Repairs",Black Strapping,1,19.1,31.9,Materials,0000 Uncategorized
22PLayQLCaQs,Melissa Amatangelo - 00233,"F2.1-4, G1.1-5, G2: HVAC Repairs",Nashua Tape 1.89 in. x 50 yd. 322 Multi-Purpose HVAC Foil Duct Tape,1,12.1,20.21,Materials,0000 Uncategorized
22PLayQLCaQs,Melissa Amatangelo - 00233,"F2.1-4, G1.1-5, G2: HVAC Repairs",Master Flow 8 in. x 25 ft. Insulated Flexible Duct R6 Silver Jacket,2,67.07,110.66550000000001,Materials,0000 Uncategorized
22PLayQLCaQs,Melissa Amatangelo - 00233,"F2.1-4, G1.1-5, G2: HVAC Repairs",Hourly Rate,10,55,89,Materials,0000 Uncategorized
22PLayQLCaQs,Melissa Amatangelo - 00233,"E1.1, E4.1-3: Electrical Repairs",Subcontractor,,900,1305,Labor,0000 Uncategorized
22PLayQLCaQs,Melissa Amatangelo - 00233,"F2.1-4, G1.1-5, G2: HVAC Repairs","1/2"" Refrigerant Line/Pipe Insulation",2,8.58,14.33,Materials,0000 Uncategorized
22PLayQLCaQs,Melissa Amatangelo - 00233,"F2.1-4, G1.1-5, G2: HVAC Repairs",Black Strapping,1,19.1,31.9,Materials,0000 Uncategorized
22PLayQLCaQs,Melissa Amatangelo - 00233,"F2.1-4, G1.1-5, G2: HVAC Repairs",Nashua Tape 1.89 in. x 50 yd. 322 Multi-Purpose HVAC Foil Duct Tape,1,12.1,20.21,Materials,0000 Uncategorized
22PLayQLCaQs,Melissa Amatangelo - 00233,"F2.1-4, G1.1-5, G2: HVAC Repairs",Master Flow 8 in. x 25 ft. Insulated Flexible Duct R6 Silver Jacket,2,67.07,110.66550000000001,Materials,0000 Uncategorized
22PLayQLCaQs,Melissa Amatangelo - 00233,"F2.1-4, G1.1-5, G2: HVAC Repairs",Hourly Rate,10,55,89,Materials,0000 Uncategorized
22PLayQLCaQs,Melissa Amatangelo - 00233,"E1.1, E4.1-3: Electrical Repairs",Materials,,900,,Labor,0000 Uncategorized
22PLayQLCaQs,Melissa Amatangelo - 00233,"F2.1-4, G1.1-5, G2: HVAC Repairs","1/2"" Refrigerant Line/Pipe Insulation",2,8.58,,Materials,0000 Uncategorized
22PLayQLCaQs,Melissa Amatangelo - 00233,"F2.1-4, G1.1-5, G2: HVAC Repairs",Black Strapping,1,19.1,,Materials,0000 Uncategorized
22PLayQLCaQs,Melissa Amatangelo - 00233,"F2.1-4, G1.1-5, G2: HVAC Repairs",Nashua Tape 1.89 in. x 50 yd. 322 Multi-Purpose HVAC Foil Duct Tape,1,12.1,,Materials,0000 Uncategorized
22PLayQLCaQs,Melissa Amatangelo - 00233,"F2.1-4, G1.1-5, G2: HVAC Repairs",Master Flow 8 in. x 25 ft. Insulated Flexible Duct R6 Silver Jacket,2,67.07,,Materials,0000 Uncategorized
22PLayQLCaQs,Melissa Amatangelo - 00233,"F2.1-4, G1.1-5, G2: HVAC Repairs",Hourly Rate,10,55,,Materials,0000 Uncategorized
22PLbPHMRSaP,Job 00234,Loose Toilet Repair,Hourly Rate,3,55,89,Materials,0000 Uncategorized
22PLbPHMRSaP,Job 00234,Loose Toilet Repair,GE Advanced Silicone 2 10.1 oz. Clear Exterior/Interior Window and Door Sealant/Caulk,,11.62,19.41,Materials,0000 Uncategorized
22PLbPHMRSaP,Job 00234,Loose Bathtub,GE Advanced Silicone 2 10.1 oz. Clear Exterior/Interior Window and Door Sealant/Caulk,,11.62,19.41,Materials,0000 Uncategorized
22PLbPHMRSaP,Job 00234,Loose Bathtub,Hourly Rate,4,55,89,Materials,0000 Uncategorized
22PLbPHMRSaP,Job 00234,Bathtub Spout Repair,Hourly Rate,1,55,89,Materials,0000 Uncategorized
22PLbPHMRSaP,Job 00234,Bathtub Spout Repair,GE Advanced Silicone 2 10.1 oz. Clear Exterior/Interior Window and Door Sealant/Caulk,,11.62,19.41,Materials,0000 Uncategorized
22PLbPHMRSaP,Job 00234,Miscellaneous Door Adjustments,Hinge Screw #9 3 in. Oil-Rubbed Bronze Phillips Flat-Head Long Hinge Screw with Oversize Threads to Tighten Interior Doors (18-Pack),,16.22,30.01,Materials,0000 Uncategorized
22PLbPHMRSaP,Job 00234,Miscellaneous Door Adjustments,Hourly Rate,6,55,89,Materials,0000 Uncategorized
22PLbPHMRSaP,Job 00234,Miscellaneous Door Adjustments,Prime-Line Satin Nickel Drive-In Ball Catch with Strike,,7.35,13.6,Materials,0000 Uncategorized
22PLbPHMRSaP,Job 00234,Electrical Repairs,Subcontractor,,750,1071.4285714285716,Labor,0000 Uncategorized
22PLbPHMRSaP,Job 00234,Vent Cover Repair,Hourly Rate,2,55,89,Materials,0000 Uncategorized
22PLbPHMRSaP,Job 00234,Pressure Regulator Install,Subcontractor,,450,642.8571428571429,Labor,0000 Uncategorized
22PLbPHMRSaP,Job 00234,Gas Bonding Installation,"1/2"" Copper Ground Rod",,16.86,28.16,Materials,0000 Uncategorized
22PLbPHMRSaP,Job 00234,Gas Bonding Installation,Grounding/Bonding Clamp,,5.22,8.72,Materials,0000 Uncategorized
22PLbPHMRSaP,Job 00234,Gas Bonding Installation,Southwire 25 ft. 8-Gauge Solid SD Bare Copper Grounding Wire,,21.46,35.84,Materials,0000 Uncategorized
22PLbPHMRSaP,Job 00234,Gas Bonding Installation,Hourly Rate,10,55,89,Materials,0000 Uncategorized
22PLbPHMRSaP,Job 00234,Shingle Nail Repair,Henry 208R Rubberized Wet Patch 10.1 oz Roof Cement Leak Repair,,7.24,12.09,Materials,0000 Uncategorized
22PLbPHMRSaP,Job 00234,Shingle Nail Repair,Hourly Rate,4,55,89,Materials,0000 Uncategorized
22PLbPHMRSaP,Job 00234,Seal Chimney Flange,Hourly Rate,2,55,89,Materials,0000 Uncategorized
22PLbUaJNLvx,Job 00235,Shower Drain Repair,Subcontractor,,450,652.5,Labor,0000 Uncategorized
22PLbUaJNLvx,Job 00235,Shower Drain Repair,Subcontractor,,450,652.5,Labor,0000 Uncategorized
22PLe6b4ueTa,Job 00236,Chimney Cap Install,Chimney Cap,1,300,500.99999999999994,Materials,0000 Uncategorized
22PLe6b4ueTa,Job 00236,Chimney Cap Install,Henry 208R Rubberized Wet Patch 10.1 oz Roof Cement Leak Repair,,7.24,12.09,Materials,0000 Uncategorized
22PLe6b4ueTa,Job 00236,Chimney Cap Install,Hourly Rate,4,55,89,Materials,0000 Uncategorized
22PLe6b4ueTa,Job 00236,Chimney Cap Install,Boom Lift Rental,,1615,2228.7,Materials,0000 Uncategorized
22PLe6b4ueTa,Job 00236,Chimney Cap Install,Chimney Cap,1,400,668,Materials,0000 Uncategorized
22PLe6b4ueTa,Job 00236,Chimney Crown Repair - removed,Hourly Rate,0,55,89,Materials,0000 Uncategorized
22PLe6b4ueTa,Job 00236,Chimney Crown Repair - removed,"CHIMNEYRX Brushable Chimney Crown Repair, 1 Gallon",0,70.65,116.57,Materials,0000 Uncategorized
22PLe6b4ueTa,Job 00236,Chimney Cap Install,Boom Lift Rental,,1615,2228.7,Materials,0000 Uncategorized
22PLe6b4ueTa,Job 00236,Chimney Cap Install,Chimney Cap,,300,500.99999999999994,Materials,0000 Uncategorized
22PLe6b4ueTa,Job 00236,Chimney Cap Install,Henry 208R Rubberized Wet Patch 10.1 oz Roof Cement Leak Repair,,7.24,12.09,Materials,0000 Uncategorized
22PLe6b4ueTa,Job 00236,Chimney Cap Install,Hourly Rate,4,55,89,Materials,0000 Uncategorized
22PLe6b4ueTa,Job 00236,Chimney Cap Install,Chimney Cap,1,400,668,Materials,0000 Uncategorized
22PLe6b4ueTa,Job 00236,Chimney Cap Install,Boom Lift Rental,,1615,,Materials,0000 Uncategorized
22PLe6b4ueTa,Job 00236,Chimney Cap Install,Chimney Cap,1,400,,Materials,0000 Uncategorized
22PLe6b4ueTa,Job 00236,Chimney Cap Install,Chimney Cap,1,0,,Materials,0000 Uncategorized
22PLe6b4ueTa,Job 00236,Chimney Cap Install,Henry 208R Rubberized Wet Patch 10.1 oz Roof Cement Leak Repair,1,7.24,,Materials,0000 Uncategorized
22PLe6b4ueTa,Job 00236,Chimney Cap Install,Hourly Rate,2,55,,Materials,0000 Uncategorized
22PLe6b4ueTa,Job 00236,Chimney Crown Repair,Hourly Rate,6,55,,Materials,0000 Uncategorized
22PLe6b4ueTa,Job 00236,Chimney Crown Repair,"CHIMNEYRX Brushable Chimney Crown Repair, 1 Gallon",1,70.65,,Materials,0000 Uncategorized
22PLf7PeCs36,Sam Hankins - 00237,3.1.1 - Seal Exterior Gaps,Hourly Rate,1,55,89,Materials,0000 Uncategorized
22PLf7PeCs36,Sam Hankins - 00237,3.1.1 - Seal Exterior Gaps,Lexel Clear Paintable Solvent Caulk,1,11.28,18.612000000000002,Materials,6000 Completion
22PLf7PeCs36,Sam Hankins - 00237,4.2.1 - Downspout Extender Installation,Hourly Rate,2,55,89,Materials,0000 Uncategorized
22PLf7PeCs36,Sam Hankins - 00237,4.2.1 - Downspout Extender Installation,Downspout Extender,4,8.97,14.98,Materials,0000 Uncategorized
22PLf7PeCs36,Sam Hankins - 00237,5.4.1 - Drain/Waste Pipe Repair,Subcontractor,0,200,290,Labor,0000 Uncategorized
22PLf7PeCs36,Sam Hankins - 00237,5.4.2 - Vent Repair,Subcontractor,,250,362.5,Labor,0000 Uncategorized
22PLf7PeCs36,Sam Hankins - 00237,5.4.3 - Install Cleanout,Subcontractor,,300,434.99999999999994,Labor,0000 Uncategorized
22PLf7PeCs36,Sam Hankins - 00237,5.5.1 - Exterior Spigot Repair,"1/2"" Exterior Spigot",,12.36,20.64,Materials,0000 Uncategorized
22PLf7PeCs36,Sam Hankins - 00237,5.5.1 - Exterior Spigot Repair,"1/2""x 5' Pex Pipe",,2.7,4.51,Materials,0000 Uncategorized
22PLf7PeCs36,Sam Hankins - 00237,5.5.1 - Exterior Spigot Repair,"1/2"" Push to connect coupling",,8.1,13.53,Materials,0000 Uncategorized
22PLf7PeCs36,Sam Hankins - 00237,5.5.1 - Exterior Spigot Repair,Hourly Rate,1,55,89,Materials,0000 Uncategorized
22PLf7PeCs36,Sam Hankins - 00237,5.6.1 - Seal Laundry Drain Knockouts,Hourly Rate,1,55,89,Materials,0000 Uncategorized
22PLf7PeCs36,Sam Hankins - 00237,7.1.1 - Exhaust Fan Replacement,Hourly Rate,3,55,89,Materials,0000 Uncategorized
22PLf7PeCs36,Sam Hankins - 00237,7.1.1 - Exhaust Fan Replacement,Broan-NuTone 80 CFM Ceiling Bathroom Exhaust Fan with Light,,79.55,131.25750000000002,Materials,0000 Uncategorized
22PLf7PeCs36,Sam Hankins - 00237,7.2.2 - Access Panel Install,"Access Panel 14""x14"" w/ Frame",,18.42,30.76,Materials,0000 Uncategorized
22PLf7PeCs36,Sam Hankins - 00237,7.2.2 - Access Panel Install,Hourly Rate,3,55,89,Materials,0000 Uncategorized
22PLf7PeCs36,Sam Hankins - 00237,7.2.3 - Sink Reverse Hot/Cold,Hourly Rate,2,55,89,Materials,0000 Uncategorized
22PLhSFAHtrN,Job 00238,Roof Repairs,Subcontractor,,1460,2014.8,Labor,0000 Uncategorized
22PLhSFAHtrN,Job 00238,Brick Repair,Subcontractor,,2200,3190,Labor,0000 Uncategorized
22PLhSFAHtrN,Job 00238,Water Damaged Sheathing/Framing  Repairs,"3/8"" x 48"" x 8' S4S PVC sheating",1,83.98,138.56700000000004,Materials,0000 Uncategorized
22PLhSFAHtrN,Job 00238,Water Damaged Sheathing/Framing  Repairs,1x4x18 Vinyl Trim plank,1,34.2,57.12,Materials,0000 Uncategorized
22PLhSFAHtrN,Job 00238,Water Damaged Sheathing/Framing  Repairs,1x8x18 Vinyl Trim Plank,1,72,118.80000000000001,Materials,0000 Uncategorized
22PLhSFAHtrN,Job 00238,Water Damaged Sheathing/Framing  Repairs,"Huber 6"" x 20' ZIP System Stretch Tape",1,52.45,97.03,Materials,0000 Uncategorized
22PLhSFAHtrN,Job 00238,Water Damaged Sheathing/Framing  Repairs,"Huber 3 3/4"" x 90' Zip System Flashing Tape",1,35,58.45,Materials,0000 Uncategorized
22PLhSFAHtrN,Job 00238,Water Damaged Sheathing/Framing  Repairs,"Typar Butyl Flashing Tape - 4"" W x 75' L",1,25.75,43,Materials,0000 Uncategorized
22PLhSFAHtrN,Job 00238,Water Damaged Sheathing/Framing  Repairs,"7/16"" x 4' x 10' Zip System Sheathing",1,37.5,62.63,Materials,0000 Uncategorized
22PLhSFAHtrN,Job 00238,Water Damaged Sheathing/Framing  Repairs,2x4x10 PT,4,8.71,14.55,Materials,0000 Uncategorized
22PLhSFAHtrN,Job 00238,Water Damaged Sheathing/Framing  Repairs,Hourly Rate,30,55,89,Materials,0000 Uncategorized
22PLhSFAHtrN,Job 00238,Brick Repair,Subcontractor,,2200,3190,Labor,0000 Uncategorized
22PLhSFAHtrN,Job 00238,Water Damaged Sheathing/Framing  Repairs,"3/8"" x 48"" x 8' S4S PVC sheating",,83.98,138.56700000000004,Materials,0000 Uncategorized
22PLhSFAHtrN,Job 00238,Water Damaged Sheathing/Framing  Repairs,1x4x18 Vinyl Trim plank,,34.2,57.12,Materials,0000 Uncategorized
22PLhSFAHtrN,Job 00238,Water Damaged Sheathing/Framing  Repairs,1x8x18 Vinyl Trim Plank,,72,118.80000000000001,Materials,0000 Uncategorized
22PLhSFAHtrN,Job 00238,Water Damaged Sheathing/Framing  Repairs,"Huber 6"" x 20' ZIP System Stretch Tape",,52.45,97.03,Materials,0000 Uncategorized
22PLhSFAHtrN,Job 00238,Water Damaged Sheathing/Framing  Repairs,"Huber 3 3/4"" x 90' Zip System Flashing Tape",,35,58.45,Materials,0000 Uncategorized
22PLhSFAHtrN,Job 00238,Water Damaged Sheathing/Framing  Repairs,"Typar Butyl Flashing Tape - 4"" W x 75' L",,25.75,43,Materials,0000 Uncategorized
22PLhSFAHtrN,Job 00238,Water Damaged Sheathing/Framing  Repairs,"7/16"" x 4' x 10' Zip System Sheathing",,37.5,62.63,Materials,0000 Uncategorized
22PLhSFAHtrN,Job 00238,Water Damaged Sheathing/Framing  Repairs,2x4x10 PT,4,8.71,14.55,Materials,0000 Uncategorized
22PLhSFAHtrN,Job 00238,Water Damaged Sheathing/Framing  Repairs,Hourly Rate,30,55,89,Materials,0000 Uncategorized
22PLhSFAHtrN,Job 00238,Roof Repairs,Subcontractor,,1460,2014.8,Labor,0000 Uncategorized
22PLhSFAHtrN,Job 00238,Water Damaged Sheathing/Framing  Repairs,"3/8"" x 48"" x 8' S4S PVC sheating",2,83.98,,Materials,0000 Uncategorized
22PLhSFAHtrN,Job 00238,Water Damaged Sheathing/Framing  Repairs,1x4x18 Vinyl Trim plank,1,34.2,,Materials,0000 Uncategorized
22PLhSFAHtrN,Job 00238,Water Damaged Sheathing/Framing  Repairs,1x8x18 Vinyl Trim Plank,1,72,,Materials,0000 Uncategorized
22PLhSFAHtrN,Job 00238,Water Damaged Sheathing/Framing  Repairs,"Huber 6"" x 20' ZIP System Stretch Tape",1,52.45,,Materials,0000 Uncategorized
22PLhSFAHtrN,Job 00238,Water Damaged Sheathing/Framing  Repairs,"Huber 3 3/4"" x 90' Zip System Flashing Tape",1,35,,Materials,0000 Uncategorized
22PLhSFAHtrN,Job 00238,Water Damaged Sheathing/Framing  Repairs,"Typar Butyl Flashing Tape - 4"" W x 75' L",1,25.75,,Materials,0000 Uncategorized
22PLhSFAHtrN,Job 00238,Water Damaged Sheathing/Framing  Repairs,"7/16"" x 4' x 10' Zip System Sheathing",1,37.5,,Materials,0000 Uncategorized
22PLhSFAHtrN,Job 00238,Water Damaged Sheathing/Framing  Repairs,2x4x10 PT,4,8.71,,Materials,0000 Uncategorized
22PLhSFAHtrN,Job 00238,Water Damaged Sheathing/Framing  Repairs,Hourly Rate,30,55,,Materials,0000 Uncategorized
22PLhX8WWABG,Job 00239,Drywall/Interior Paint,Subcontractor,,7926,11651.22,Labor,0000 Uncategorized
22PLhX8WWABG,Job 00239,Flooring/Baseboard Trim Replacement,Subcontractor,,18770,26465.7,Labor,0000 Uncategorized
22PLhX8WWABG,Job 00239,Kitchen Cabinet Replacement/Countertop Reinstall,Subcontractor,,3000,4409.999999999999,Labor,0000 Uncategorized
22PLhX8WWABG,Job 00239,Kitchen Cabinet Replacement/Countertop Reinstall,Cabinetry Allowance,,15000,21150,Materials,0000 Uncategorized
22PLhX8WWABG,Job 00239,Appliance Replacement,Subcontractor,,1000,1469.9999999999998,Labor,0000 Uncategorized
22PLhX8WWABG,Job 00239,Appliance Replacement,Appliance Allowance,,550,770.0000000000001,Materials,0000 Uncategorized
22PLhX8WWABG,Job 00239,Appliance Replacement,Appliance Allowance,,250,350.00000000000006,Materials,0000 Uncategorized
22PLhX8WWABG,Job 00239,Appliance Replacement,Appliance Allowance,,500,700.0000000000001,Materials,0000 Uncategorized
22PLhX8WWABG,Job 00239,Plumbing Repairs,Subcontractor,,3000,4409.999999999999,Labor,0000 Uncategorized
22PLhX8WWABG,Job 00239,Plumbing Repairs,Plumbing Fixture Allowance,,250,350.00000000000006,Materials,0000 Uncategorized
22PLhX8WWABG,Job 00239,Electrical Repairs,Subcontractor,,2500,3674.9999999999995,Labor,0000 Uncategorized
22PLhX8WWABG,Job 00239,Electrical Repairs,Electrical Fixture Allowance,,350,584.5,Materials,0000 Uncategorized
22PLhX8WWABG,Job 00239,Tile Backsplash Replacement,Subcontractor,,950,1396.4999999999998,Labor,0000 Uncategorized
22PLhX8WWABG,Job 00239,Tile Backsplash Replacement,Ceramic Tile Allowance - Backsplash,,350,584.5454545454545,Materials,0000 Uncategorized
22PLhX8WWABG,Job 00239,Attic Insulation Repair/Refresh,Subcontractor,,1200,1763.9999999999998,Labor,0000 Uncategorized
22PLhX8WWABG,Job 00239,Crawlspace Insulation Repair/Refresh,Subcontractor,,1500,2204.9999999999995,Labor,0000 Uncategorized
22PLhX8WWABG,Job 00239,Crown Trim Replacement,Subcontractor,,750,1102.4999999999998,Labor,0000 Uncategorized
22PLhX8WWABG,Job 00239,Crown Trim Replacement,Miscellaneous,,250,350.00000000000006,Materials,0000 Uncategorized
22PLwYmBE3yS,Job 00240,3.2.1 - Vinyl Soffit Repair,Ply Gem 12.75 in x 0.5 in Rectangular Triple 4 in. Economy Solid Vinyl Soffit - Non-Ventilated,,22.17,41.02,Materials,0000 Uncategorized
22PLwYmBE3yS,Job 00240,3.2.1 - Vinyl Soffit Repair,Hourly Rate,1.5,55,89,Materials,0000 Uncategorized
22PLwYmBE3yS,Job 00240,3.2.1 - Vinyl Soffit Repair,Stainless Steel Trim Nail,,12.98,21.68,Materials,0000 Uncategorized
22PLwYmBE3yS,Job 00240,3.2.1 - Vinyl Soffit Repair,Lexel Clear Paintable Solvent Caulk,,11.28,18.612000000000002,Materials,6000 Completion
22PLwYmBE3yS,Job 00240,3.2.2 - Loose Vinyl Siding Repair,Hourly Rate,3,55,89,Materials,0000 Uncategorized
22PLwYmBE3yS,Job 00240,3.2.2 - Loose Vinyl Siding Repair,Stainless Steel Trim Nail,,12.98,21.68,Materials,0000 Uncategorized
22PLwYmBE3yS,Job 00240,3.2.2 - Loose Vinyl Siding Repair,Grip-Rite#11 x 1-1/4 in. Electro-Galvanized Steel Roofing Nails (1 lb.-Pack),,4.98,8.32,Materials,0000 Uncategorized
22PLwYmBE3yS,Job 00240,3.4.1 - Vent Cover Replacement,Hourly Rate,2,55,89,Materials,0000 Uncategorized
22PLwYmBE3yS,Job 00240,3.4.1 - Vent Cover Replacement,Everbilt4 in. Louvered Vent Cap in White,,6.56,10.12,Materials,0000 Uncategorized
22PLwYmBE3yS,Job 00240,"4.5.1,2,3 - Window Repairs",Double Pane Window,3,250,412.50000000000006,Materials,0000 Uncategorized
22PLwYmBE3yS,Job 00240,"4.5.1,2,3 - Window Repairs",Hourly Rate,6,55,89,Materials,0000 Uncategorized
22PLwYmBE3yS,Job 00240,7.2.4 - Plumbing Evaluation,Hourly Rate,2,55,89,Materials,0000 Uncategorized
22PLwYmBE3yS,Job 00240,7.3.1 - Loose/Leaking Toilet Repair,Everbilt Standard Toilet Wax Ring,,1.82,3.04,Materials,0000 Uncategorized
22PLwYmBE3yS,Job 00240,7.3.1 - Loose/Leaking Toilet Repair,Hourly Rate,4,55,89,Materials,0000 Uncategorized
22PLwYmBE3yS,Job 00240,7.4.1 - Drain Pipe Repair,"3""x3"" Black Fernco Coupling",,7.31,12.21,Materials,0000 Uncategorized
22PLwYmBE3yS,Job 00240,7.4.1 - Drain Pipe Repair,"2"" Fernco Coupling",,5.13,8.57,Materials,0000 Uncategorized
22PLwYmBE3yS,Job 00240,7.4.1 - Drain Pipe Repair,Hourly Rate,4,55,89,Materials,0000 Uncategorized
22PLwYmBE3yS,Job 00240,7.4.2 - Sink Drain Repair,Oatey 1-1/4 in. White Plastic Sink Drain P- Trap,,4.69,0,Materials,0000 Uncategorized
22PLwYmBE3yS,Job 00240,7.4.2 - Sink Drain Repair,Hourly Rate,2,55,89,Materials,0000 Uncategorized
22PLwYmBE3yS,Job 00240,9.4.1 - Double Pole Breaker Replacement,Hourly Rate,3,55,89,Materials,0000 Uncategorized
22PLwYmBE3yS,Job 00240,9.4.1 - Double Pole Breaker Replacement,Square D Homeline 25 Amp 2-Pole Circuit Breaker,4,12.82,21.41,Materials,0000 Uncategorized
22PLwYmBE3yS,Job 00240,9.4.2 - Panel Cover Replacement,Subcontractor,,350,507.49999999999994,Labor,0000 Uncategorized
22PLxSL6KuZv,Job 00242,"2.1.1,2 - Shingle Nail Repair",Henry 208R Rubberized Wet Patch 10.1 oz Roof Cement Leak Repair,,7.24,12.09,Materials,0000 Uncategorized
22PLxSL6KuZv,Job 00242,"2.1.1,2 - Shingle Nail Repair",Hourly Rate,4,55,89,Materials,0000 Uncategorized
22PLxSL6KuZv,Job 00242,2.4.1 - Loose Gutter Repair,Hourly Rate,1,55,89,Materials,0000 Uncategorized
22PLxSL6KuZv,Job 00242,3.5.1 - Loose Fiber Cement Siding Repair,Hourly Rate,3,55,89,Materials,0000 Uncategorized
22PLxSL6KuZv,Job 00242,3.5.1 - Loose Fiber Cement Siding Repair,Stainless Steel Trim Nail,,12.98,21.68,Materials,0000 Uncategorized
22PLxSL6KuZv,Job 00242,3.5.1 - Loose Fiber Cement Siding Repair,Grip-Rite #7 x 1-5/8 in. Stainless Steel Trim Screw (1lb -Pack),,16.29,27.2,Materials,0000 Uncategorized
22PLxSL6KuZv,Job 00242,3.6.1 - Exhaust Vent Cover Repair,Hourly Rate,1,55,89,Materials,0000 Uncategorized
22PLxSL6KuZv,Job 00242,3.7.1 - Exterior Trim Repairs - Window Caulking,1050 Quick Dry Siliconized Acrylic Latex Caulk,4,3.31,5.461500000000001,Materials,0000 Uncategorized
22PLxSL6KuZv,Job 00242,3.7.1 - Exterior Trim Repairs - Window Caulking,Hourly Rate,6,55,89,Materials,0000 Uncategorized
22PLxSL6KuZv,Job 00242,3.7.1 - Exterior Trim Repairs - Window Caulking,Lexel Clear Paintable Solvent Caulk,4,11.28,18.612000000000002,Materials,6000 Completion
22PLxSL6KuZv,Job 00242,6.1.1 - Attic Pull Down Stair Repair,"1/2"" x 6"" Zinc Hex Head Bolt",,2.11,3.52,Materials,0000 Uncategorized
22PLxSL6KuZv,Job 00242,6.1.1 - Attic Pull Down Stair Repair,Hourly Rate,1,55,89,Materials,0000 Uncategorized
22PLxSL6KuZv,Job 00242,10.3.1 - Extend Condensate Line,Charlotte Pipe 3/4 in. x 10 ft. PVC Schedule 40 Pressure Plain-End Pipe,,6.56,10.96,Materials,0000 Uncategorized
22PLxSL6KuZv,Job 00242,10.3.1 - Extend Condensate Line,Charlotte Pipe 3/4 in. PVC Schedule 40 S x S Coupling,,0.52,0.83,Materials,0000 Uncategorized
22PLxSL6KuZv,Job 00242,10.3.1 - Extend Condensate Line,Charlotte Pipe 3/4 in. PVC Schedule. 40 90° S x S Elbow Fitting,,0.73,1.22,Materials,0000 Uncategorized
22PLxSL6KuZv,Job 00242,10.3.1 - Extend Condensate Line,Hourly Rate,3,55,89,Materials,0000 Uncategorized
22PLxSL6KuZv,Job 00242,12.8.1 - Install Range Anti-tilt Bracket,Range Anti Tip Bracket (Universal),,12.79,21.36,Materials,0000 Uncategorized
22PLxSL6KuZv,Job 00242,12.8.1 - Install Range Anti-tilt Bracket,Hourly Rate,3,55,89,Materials,0000 Uncategorized
22PLxSL6KuZv,Job 00242,13.3.1 - Loose Toilet Repair,Hourly Rate,1,55,89,Materials,0000 Uncategorized
22PLxSL6KuZv,Job 00242,13.3.1 - Loose Toilet Repair,1050 Quick Dry Siliconized Acrylic Latex Caulk,1,3.31,5.461500000000001,Materials,0000 Uncategorized
22PLxSL6KuZv,Job 00242,13.4.1 - Loose Faucet Repair,Hourly Rate,1.5,55,89,Materials,0000 Uncategorized
22PLxVwUAkd9,Job 00243,"2.1.1,2 - Wood Siding Repairs",1 x 8 x 8 Cedar Board,10,24.36,40.194,Materials,450 Siding & Trim
22PLxVwUAkd9,Job 00243,"2.1.1,2 - Wood Siding Repairs",Hourly Rate,20,55,89,Materials,0000 Uncategorized
22PLxVwUAkd9,Job 00243,"2.1.1,2 - Wood Siding Repairs",Boom Lift Rental,,1500,2175,Materials,0000 Uncategorized
22PLxVwUAkd9,Job 00243,2.4.1 - Exterior Door Adjustments,Hinge Screw #9 3 in. Oil-Rubbed Bronze Phillips Flat-Head Long Hinge Screw with Oversize Threads to Tighten Interior Doors (18-Pack),,16.22,30.01,Materials,0000 Uncategorized
22PLxVwUAkd9,Job 00243,2.4.1 - Exterior Door Adjustments,Hourly Rate,2,55,89,Materials,0000 Uncategorized
22PLxVwUAkd9,Job 00243,2.5.1 - Exterior Door Trim Repairs,Royal Mouldings 10 ft. x 1-63/64 in. x 1-15/64 in. Vinyl Brick Molding,2,21.14,34.88100000000001,Materials,1500 Doors & Windows
22PLxVwUAkd9,Job 00243,2.5.1 - Exterior Door Trim Repairs,Hourly Rate,4,55,89,Materials,0000 Uncategorized
22PLxVwUAkd9,Job 00243,2.11.1 - Wood Fascia Repair,Hourly Rate,10,55,89,Materials,0000 Uncategorized
22PLxVwUAkd9,Job 00243,2.11.1 - Wood Fascia Repair,1x6x12 Cedar Board,2,31.33,51.694500000000005,Materials,450 Siding & Trim
22PLxVwUAkd9,Job 00243,"4.3.1, 4.4.2 - Pipe Insulation Replacement",Hourly Rate,16,55,89,Materials,0000 Uncategorized
22PLxVwUAkd9,Job 00243,"4.3.1, 4.4.2 - Pipe Insulation Replacement",Everbilt1/2 in. x 6 ft. Foam Self-Seal Pipe Insulation,2,2.95,4.93,Materials,0000 Uncategorized
22PLxVwUAkd9,Job 00243,"4.3.1, 4.4.2 - Pipe Insulation Replacement",Special Order Materials,,500,825.0000000000001,Materials,0000 Uncategorized
22PLxVwUAkd9,Job 00243,4.4.1 - Drain Pipe Repair,Hourly Rate,4,55,89,Materials,0000 Uncategorized
22PLxVwUAkd9,Job 00243,4.4.3 - Plumbing Evaluation/Repair,Hourly Rate,2,55,89,Materials,0000 Uncategorized
22PLxVwUAkd9,Job 00243,4.4.3 - Plumbing Evaluation/Repair,Hourly Rate,2,55,89,Materials,0000 Uncategorized
22PLxVwUAkd9,Job 00243,4.4.3 - Plumbing Evaluation/Repair,"Misc 4"" PVC Pipe & Fittings",1,75,125.24906600249064,Materials,0000 Uncategorized
22PLxVwUAkd9,Job 00243,4.4.3 - Plumbing Evaluation/Repair,Perma-BootPipe Boot Repair Flashing adjustable 1.5 in. I.D. to 3 in. I.D. Vent Pipe in Black,1,19.37,32.35,Materials,0000 Uncategorized
22PLxVwUAkd9,Job 00243,4.4.3 - Minor Toilet Repairs - removed,Toilet Fill Valve,0,10.12,16.9,Materials,0000 Uncategorized
22PLxVwUAkd9,Job 00243,4.4.3 - Minor Toilet Repairs - removed,Hourly Rate,0,55,89,Materials,0000 Uncategorized
22PLxVwUAkd9,Job 00243,7.4.1 - Double Tapped Breaker Repair,GE Q-Line 20 Amp 1 in. Single-Pole Circuit Breaker,,7.64,14.13,Materials,0000 Uncategorized
22PLxVwUAkd9,Job 00243,7.4.1 - Double Tapped Breaker Repair,Square D Homeline 20 Amp Single-Pole Circuit Breaker,,5.44,9.08,Materials,0000 Uncategorized
22PLxVwUAkd9,Job 00243,7.4.1 - Double Tapped Breaker Repair,Eaton BR 20 Amp Single Pole Circuit Breaker,,7.45,12.44,Materials,0000 Uncategorized
22PLxVwUAkd9,Job 00243,7.4.1 - Double Tapped Breaker Repair,Hourly Rate,3,55,89,Materials,0000 Uncategorized
22PLxVwUAkd9,Job 00243,"7.6.1,2 - Junction Box Repair",Garvin Wire Splice Box,,22.4,37.4,Materials,0000 Uncategorized
22PLxVwUAkd9,Job 00243,"7.6.1,2 - Junction Box Repair",Hourly Rate,6,55,89,Materials,0000 Uncategorized
22PLxX4L6kAZ,Job 00244,Front Door Replacement,Custom Order Exterior Door,,3175,5238.75,Materials,0000 Uncategorized
22PLxX4L6kAZ,Job 00244,Front Door Replacement,Hourly Rate,16,55,89,Materials,0000 Uncategorized
22PLxX4L6kAZ,Job 00244,Front Door Replacement,Front door handle set,,400,660.0000000000001,Labor,0000 Uncategorized
22PLxX4L6kAZ,Job 00244,Front Door Replacement,Front door handle set,-1,400,660.0000000000001,Labor,0000 Uncategorized
22PLxX4L6kAZ,Job 00244,Exterior French Door Replacement,Custom Order Exterior Door,,2300,3795,Materials,0000 Uncategorized
22PLxX4L6kAZ,Job 00244,Exterior French Door Replacement,Hourly Rate,16,55,89,Materials,0000 Uncategorized
22PLxX4L6kAZ,Job 00244,Door Adjustment,Hinge Screw #9 3 in. Oil-Rubbed Bronze Phillips Flat-Head Long Hinge Screw with Oversize Threads to Tighten Interior Doors (18-Pack),,16.22,30.01,Materials,0000 Uncategorized
22PLxX4L6kAZ,Job 00244,Door Adjustment,Hourly Rate,2,55,89,Materials,0000 Uncategorized
22PLxX4L6kAZ,Job 00244,Door Finishing,Renew Painting,,2785,4038.2499999999995,Labor,0000 Uncategorized
22PLxX4L6kAZ,Job 00244,Front Door Replacement,Front door handle set,,400,660.0000000000001,Labor,0000 Uncategorized
22PLxX4L6kAZ,Job 00244,Front Door Replacement,Custom Order Exterior Door,,3175,5238.75,Materials,0000 Uncategorized
22PLxX4L6kAZ,Job 00244,Front Door Replacement,Hourly Rate,16,55,89,Materials,0000 Uncategorized
22PLxX4L6kAZ,Job 00244,Exterior French Door Replacement,Custom Order Exterior Door,,2300,3795,Materials,0000 Uncategorized
22PLxX4L6kAZ,Job 00244,Exterior French Door Replacement,Hourly Rate,16,55,89,Materials,0000 Uncategorized
22PLxX4L6kAZ,Job 00244,Door Adjustment,Hinge Screw #9 3 in. Oil-Rubbed Bronze Phillips Flat-Head Long Hinge Screw with Oversize Threads to Tighten Interior Doors (18-Pack),,16.22,30.01,Materials,0000 Uncategorized
22PLxX4L6kAZ,Job 00244,Door Adjustment,Hourly Rate,2,55,89,Materials,0000 Uncategorized
22PLxX4L6kAZ,Job 00244,Door Finishing,Renew Painting,,2785,4038.2499999999995,Labor,0000 Uncategorized
22PLxX4L6kAZ,Job 00244,Front Door Replacement,Custom Order Exterior Door - on site,1,3175,,Materials,0000 Uncategorized
22PLxX4L6kAZ,Job 00244,Front Door Replacement,Hourly Rate,34,55,,Materials,0000 Uncategorized
22PLxX4L6kAZ,Job 00244,Front Door Replacement,Custom Order Exterior Door - on site,1,2300,,Materials,0000 Uncategorized
22PLxX4L6kAZ,Job 00244,Front Door Replacement,Hinge Screw #9 3 in. Oil-Rubbed Bronze Phillips Flat-Head Long Hinge Screw with Oversize Threads(18-Pack),1,16.22,,Materials,0000 Uncategorized
22PLxX4L6kAZ,Job 00244,Front Door Replacement,2x6x10 Dimensional Lumber,4,0,,Materials,0000 Uncategorized
22PLxX4L6kAZ,Job 00244,Front Door Replacement,Nashua Tape 6 in. x 50 ft. Window and Door Flashing Tape,1,0,,Materials,0000 Uncategorized
22PLxX4L6kAZ,Job 00244,Front Door Replacement,Plastic Shims,1,0,,Materials,0000 Uncategorized
22PLxX4L6kAZ,Job 00244,Front Door Replacement,GREAT STUFF Smart Straw Window and Door Foam Sealant,1,0,,Materials,0000 Uncategorized
22PLxX4L6kAZ,Job 00244,Front Door Replacement,"Brick Moulding 1-63/64"" x 1-15/64"" x 10' PVC",6,0,,Materials,1500 Doors & Windows
22PLzyLZSQvS,Job 00246,Fireplace (ballpark),Subcontractor,,600,828,Labor,0000 Uncategorized
22PLzyLZSQvS,Job 00246,Fireplace (ballpark),Special Order Materials,,500,825.0000000000001,Materials,0000 Uncategorized
22PLzyLZSQvS,Job 00246,Fireplace (ballpark),Special Order Materials,,500,825.0000000000001,Materials,0000 Uncategorized
22PLzyLZSQvS,Job 00246,Fireplace (ballpark),Hourly Rate,70,55,89,Materials,0000 Uncategorized
22PLzyLZSQvS,Job 00246,Fireplace (ballpark),Subcontractor,,4000,5520,Labor,0000 Uncategorized
22PLzyLZSQvS,Job 00246,Fireplace (ballpark),Subcontractor,,3000,4140,Labor,0000 Uncategorized
22PLzyLZSQvS,Job 00246,Bathroom Remodel (ballpark),Special Order Materials,,500,725,Materials,0000 Uncategorized
22PLzyLZSQvS,Job 00246,Bathroom Remodel (ballpark),Hourly Rate,80,55,89,Materials,0000 Uncategorized
22PLzyLZSQvS,Job 00246,Bathroom Remodel (ballpark),Subcontractor,,4500,6525,Labor,0000 Uncategorized
22PLzyLZSQvS,Job 00246,Bathroom Remodel (ballpark),Subcontractor,,9500,13774.999999999998,Labor,0000 Uncategorized
22PLzyLZSQvS,Job 00246,Bathroom Remodel (ballpark),Subcontractor,,3250,4712.5,Labor,0000 Uncategorized
22PLzyLZSQvS,Job 00246,Bathroom Remodel (ballpark),Subcontractor,,2000,2900,Labor,0000 Uncategorized
22PLzyLZSQvS,Job 00246,Bathroom Remodel (ballpark),Subcontractor,,2500,3624.9999999999995,Labor,0000 Uncategorized
22PLzyLZSQvS,Job 00246,Bathroom Remodel (ballpark),Subcontractor,,3000,4350,Labor,0000 Uncategorized
22PLzyLZSQvS,Job 00246,Bathroom Remodel (ballpark),Subcontractor,,1500,2175,Labor,0000 Uncategorized
22PLzyLZSQvS,Job 00246,Bathroom Remodel (ballpark),Subcontractor,,1200,1739.9999999999998,Labor,0000 Uncategorized
22PLzyLZSQvS,Job 00246,Fireplace (ballpark),Subcontractor,,600,828,Labor,0000 Uncategorized
22PLzyLZSQvS,Job 00246,Fireplace (ballpark),Special Order Materials,,500,825.0000000000001,Materials,0000 Uncategorized
22PLzyLZSQvS,Job 00246,Fireplace (ballpark),Special Order Materials,,500,825.0000000000001,Materials,0000 Uncategorized
22PLzyLZSQvS,Job 00246,Fireplace (ballpark),Hourly Rate,70,55,89,Materials,0000 Uncategorized
22PLzyLZSQvS,Job 00246,Fireplace (ballpark),Subcontractor,,4000,5520,Labor,0000 Uncategorized
22PLzyLZSQvS,Job 00246,Fireplace (ballpark),Subcontractor,,3000,4140,Labor,0000 Uncategorized
22PLzyLZSQvS,Job 00246,Bathroom Remodel (ballpark),Special Order Materials,,500,725,Materials,0000 Uncategorized
22PLzyLZSQvS,Job 00246,Bathroom Remodel (ballpark),Hourly Rate,80,55,89,Materials,0000 Uncategorized
22PLzyLZSQvS,Job 00246,Bathroom Remodel (ballpark),Subcontractor,,4500,6525,Labor,0000 Uncategorized
22PLzyLZSQvS,Job 00246,Bathroom Remodel (ballpark),Subcontractor,,1200,1739.9999999999998,Labor,0000 Uncategorized
22PLzyLZSQvS,Job 00246,Bathroom Remodel (ballpark),Subcontractor,,1500,2175,Labor,0000 Uncategorized
22PLzyLZSQvS,Job 00246,Bathroom Remodel (ballpark),Subcontractor,,9500,13774.999999999998,Labor,0000 Uncategorized
22PLzyLZSQvS,Job 00246,Bathroom Remodel (ballpark),Subcontractor,,3000,4350,Labor,0000 Uncategorized
22PLzyLZSQvS,Job 00246,Bathroom Remodel (ballpark),Subcontractor,,3250,4712.5,Labor,0000 Uncategorized
22PLzyLZSQvS,Job 00246,Bathroom Remodel (ballpark),Subcontractor,,2000,2900,Labor,0000 Uncategorized
22PLzyLZSQvS,Job 00246,Bathroom Remodel (ballpark),Subcontractor,,2500,3624.9999999999995,Labor,0000 Uncategorized
22PLzysM7Ur2,Job 00247,Demo/Framing,Materials and Labor,,8700,12180.000000000002,Labor,0000 Uncategorized
22PLzysM7Ur2,Job 00247,Drywall/Plaster Repairs & Paint,White Oil-Based Interior/Exterior Primer and Sealer,0,34.98,57.717000000000006,Materials,0000 Uncategorized
22PLzysM7Ur2,Job 00247,Drywall/Plaster Repairs & Paint,Hourly Rate,0,55,85,Materials,0000 Uncategorized
22PLzysM7Ur2,Job 00247,Drywall/Plaster Repairs & Paint,Plastic Sheeting,0,53.24,87.84600000000002,Materials,0000 Uncategorized
22PLzysM7Ur2,Job 00247,Drywall/Plaster Repairs & Paint,Ceiling White Paint,0,42.49,70.10850000000002,Materials,0000 Uncategorized
22PLzysM7Ur2,Job 00247,Drywall/Plaster Repairs & Paint,Drywall Joint Tape,0,16.75,27.637500000000003,Materials,0000 Uncategorized
22PLzysM7Ur2,Job 00247,Drywall/Plaster Repairs & Paint,"1 5/8"" Drywall Screws (25 Lb.)",0,49.98,82.46700000000001,Materials,0000 Uncategorized
22PLzysM7Ur2,Job 00247,Drywall/Plaster Repairs & Paint,Sanding Discs,0,8.97,14.800500000000003,Materials,0000 Uncategorized
22PLzysM7Ur2,Job 00247,Drywall/Plaster Repairs & Paint,Drywall Mud (4.5 Gallon),0,17.92,29.56800000000001,Materials,0000 Uncategorized
22PLzysM7Ur2,Job 00247,Drywall/Plaster Repairs & Paint,11/32 in. x 4 ft. x 8 ft. Rtd Southern Yellow Pine Plywood Sheathing,0,27.76,45.80400000000001,Materials,0000 Uncategorized
22PLzysM7Ur2,Job 00247,Drywall/Plaster Repairs & Paint,1/2 in. x 4 ft. x 8 ft. UltraLight Drywall,0,11.25,18.562500000000004,Materials,0000 Uncategorized
22PLzysM7Ur2,Job 00247,Electrical Repairs,Materials,1,136.21,197.5045,Labor,0000 Uncategorized
22PLzysM7Ur2,Job 00247,Electrical Repairs,Hourly Rate,10,55,89,Materials,0000 Uncategorized
22PLzysM7Ur2,Job 00247,Flooring Options,Foyer/Dining Room/Hallway Carpet Replacement (Guardian 3),1,1851,2591.4000000000005,Labor,0000 Uncategorized
22PLzysM7Ur2,Job 00247,Flooring Options,Sunken Den Carpet Replacement (Guardian 3),1,1871,2619.4000000000005,Labor,0000 Uncategorized
22PLzysM7Ur2,Job 00247,Attic Insulation Repair/Refresh,Owens Corning R-30 Faced Fiberglass Insulation Batt 16 in. x 48 in. (1 Bag),3,78.97,131.88,Materials,0000 Uncategorized
22PLzysM7Ur2,Job 00247,Attic Insulation Repair/Refresh,Labor,6,55,89.00099999999999,Materials,0000 Uncategorized
22PLzysM7Ur2,Job 00247,Post Project Cleaning - removed,Labor,0,350,490.00000000000006,Materials,0000 Uncategorized
22PLzysM7Ur2,Job 00247,Demo/Framing,Materials and Labor,,8700,12615,Labor,0000 Uncategorized
22PLzysM7Ur2,Job 00247,Drywall/Plaster Repairs & Paint,Miscellaneous,,300,495.00000000000006,Materials,0000 Uncategorized
22PLzysM7Ur2,Job 00247,Drywall/Plaster Repairs & Paint,White Oil-Based Interior/Exterior Primer and Sealer,5,34.98,57.717000000000006,Materials,0000 Uncategorized
22PLzysM7Ur2,Job 00247,Drywall/Plaster Repairs & Paint,Hourly Rate,96,55,89,Materials,0000 Uncategorized
22PLzysM7Ur2,Job 00247,Drywall/Plaster Repairs & Paint,Plastic Sheeting,2,53.24,87.84600000000002,Materials,0000 Uncategorized
22PLzysM7Ur2,Job 00247,Drywall/Plaster Repairs & Paint,Ceiling White Paint,5,42.49,70.10850000000002,Materials,0000 Uncategorized
22PLzysM7Ur2,Job 00247,Drywall/Plaster Repairs & Paint,Drywall Joint Tape,1,16.75,27.637500000000003,Materials,0000 Uncategorized
22PLzysM7Ur2,Job 00247,Drywall/Plaster Repairs & Paint,"1 5/8"" Drywall Screws (25 Lb.)",1,49.98,82.46700000000001,Materials,0000 Uncategorized
22PLzysM7Ur2,Job 00247,Drywall/Plaster Repairs & Paint,Sanding Discs,1,8.97,14.800500000000003,Materials,0000 Uncategorized
22PLzysM7Ur2,Job 00247,Drywall/Plaster Repairs & Paint,Drywall Mud (4.5 Gallon),2,17.92,29.56800000000001,Materials,0000 Uncategorized
22PLzysM7Ur2,Job 00247,Drywall/Plaster Repairs & Paint,11/32 in. x 4 ft. x 8 ft. Rtd Southern Yellow Pine Plywood Sheathing,2,27.76,45.80400000000001,Materials,0000 Uncategorized
22PLzysM7Ur2,Job 00247,Electrical Repairs,Materials and Labor,,1500,2175,Labor,0000 Uncategorized
22PLzysM7Ur2,Job 00247,Flooring Options,Foyer/Dining Room Carpet Replacement,,2000,2840,Labor,0000 Uncategorized
22PLzysM7Ur2,Job 00247,Flooring Options,Sunken Den Carpet Replacement,,2100,3045,Labor,0000 Uncategorized
22PLzysM7Ur2,Job 00247,Flooring Options,Hardwood Floor Install/Refinishing,,5700,8094.000000000001,Labor,0000 Uncategorized
22PLzzYALMec,Job 00248,Door Adjustments/Repair,Hinge Screw #9 3 in. Oil-Rubbed Bronze Phillips Flat-Head Long Hinge Screw with Oversize Threads to Tighten Interior Doors (18-Pack),,16.22,30.01,Materials,0000 Uncategorized
22PLzzYALMec,Job 00248,Door Adjustments/Repair,Hourly Rate,6,55,89,Materials,0000 Uncategorized
22PLzzYALMec,Job 00248,Door Adjustments/Repair,Hinge Screw #9 3 in. Oil-Rubbed Bronze Phillips Flat-Head Long Hinge Screw with Oversize Threads to Tighten Interior Doors (18-Pack),,16.22,30.01,Materials,0000 Uncategorized
22PLzzYALMec,Job 00248,Door Adjustments/Repair,Hourly Rate,6,55,89,Materials,0000 Uncategorized
22PLzzYALMec,Job 00248,Storm Door Closer Replacement,Hourly Rate,0,55,89,Materials,0000 Uncategorized
22PLzzYALMec,Job 00248,Storm Door Closer Replacement,Storm Door Closer,2,37.07,61.913826157595444,Materials,0000 Uncategorized
22PLzzYALMec,Job 00248,Storm Door Closer Replacement,Hourly Rate,0,55,89,Materials,0000 Uncategorized
22PLzzYALMec,Job 00248,Storm Door Closer Replacement,Storm Door Closer,2,37.07,61.913826157595444,Materials,0000 Uncategorized
22PLzzYALMec,Job 00248,Storm Door Closer Replacement,Hourly Rate,2,0,,Materials,0000 Uncategorized
22PLzzYALMec,Job 00248,Storm Door Closer Replacement,Storm Door Closer,2,37.07,,Materials,0000 Uncategorized
22PM5GTNuNqc,Job 00249,3.3.2 - Brick Repair,Subcontractor,,300,428.5714285714286,Labor,0000 Uncategorized
22PM5GTNuNqc,Job 00249,3.5.1 - Loose Railing Repair,Deckmate 3 inch wood screw,,12.98,21.417000000000005,Materials,410 Framing
22PM5GTNuNqc,Job 00249,3.5.1 - Loose Railing Repair,Hourly Rate,3,55,89,Materials,0000 Uncategorized
22PM5GTNuNqc,Job 00249,3.6.1 - Deck Replacement,Special Order Materials,,1000,1428.5714285714287,Materials,0000 Uncategorized
22PM5GTNuNqc,Job 00249,3.6.1 - Deck Replacement,Subcontractor,,3500,5000,Labor,0000 Uncategorized
22PM5GTNuNqc,Job 00249,"3.8.3,4 - Tree/Stump Removal",Subcontractor,,400,571.4285714285714,Labor,0000 Uncategorized
22PM5GTNuNqc,Job 00249,7.5.1 - Copper Pipe Repair,Subcontractor,,425,607.1428571428572,Labor,0000 Uncategorized
22PM5GTNuNqc,Job 00249,7.7.2 - Exterior Spigot Repair,"1/2"" Exterior Spigot",,12.36,20.64,Materials,0000 Uncategorized
22PM5GTNuNqc,Job 00249,7.7.2 - Exterior Spigot Repair,"1/2""x 5' Pex Pipe",,2.7,4.51,Materials,0000 Uncategorized
22PM5GTNuNqc,Job 00249,7.7.2 - Exterior Spigot Repair,"1/2"" Push to connect coupling",,8.1,13.53,Materials,0000 Uncategorized
22PM5GTNuNqc,Job 00249,7.7.2 - Exterior Spigot Repair,Hourly Rate,3,55,89,Materials,0000 Uncategorized
22PM5GTNuNqc,Job 00249,9.4.1 - Bushing Installation,Halex 3/4 in. Flexible Metal Conduit (FMC) Anti-Short Bushing (16-Pack),,1.9,3.17,Materials,0000 Uncategorized
22PM5GTNuNqc,Job 00249,9.4.1 - Bushing Installation,Hourly Rate,2,55,89,Materials,0000 Uncategorized
22PM5GTNuNqc,Job 00249,"9.5.6, 9.7.2,3 - Cover Plate Replacement",1-Gang Weatherproof Cover,,8.62,14.4,Materials,0000 Uncategorized
22PM5GTNuNqc,Job 00249,"9.5.6, 9.7.2,3 - Cover Plate Replacement",1050 Quick Dry Siliconized Acrylic Latex Caulk,,3.31,5.461500000000001,Materials,0000 Uncategorized
22PM5GTNuNqc,Job 00249,"9.5.6, 9.7.2,3 - Cover Plate Replacement",Metal Box Cover Plate,,0.93,1.56,Materials,0000 Uncategorized
22PM5GTNuNqc,Job 00249,"9.5.6, 9.7.2,3 - Cover Plate Replacement",1-Gang GFCI/Rocker Switch Cover Plate,,0.78,1.42,Materials,0000 Uncategorized
22PM5GTNuNqc,Job 00249,"9.5.6, 9.7.2,3 - Cover Plate Replacement",1-Gang Outlet Cover Plate,,0.46,0.77,Materials,0000 Uncategorized
22PM5GTNuNqc,Job 00249,"9.5.6, 9.7.2,3 - Cover Plate Replacement",1-Gang Blank Cover Plate,,0.68,1.14,Materials,0000 Uncategorized
22PM5GTNuNqc,Job 00249,"9.5.6, 9.7.2,3 - Cover Plate Replacement",Hourly Rate,3,55,89,Materials,0000 Uncategorized
22PM5GTNuNqc,Job 00249,"9.6.1,2 - Conduit Installation",HYDROMAXX 1 in. Dia x 25 ft. Non Metallic UL Liquid Tight Electrical Conduit Kit with 2 Straight and 2 Angle Fittings Included,,60.35,111.65,Materials,0000 Uncategorized
22PM5GTNuNqc,Job 00249,"9.6.1,2 - Conduit Installation",Garvin Wire Splice Box,,22.4,37.4,Materials,0000 Uncategorized
22PM5GTNuNqc,Job 00249,"9.6.1,2 - Conduit Installation",Hourly Rate,6,55,89,Materials,0000 Uncategorized
22PM5GTNuNqc,Job 00249,9.8.2 - GFCI Outlet Installation,1-Gang GFCI/Rocker Switch Cover Plate,3,0.78,1.42,Materials,0000 Uncategorized
22PM5GTNuNqc,Job 00249,9.8.2 - GFCI Outlet Installation,15 Amp GFCI Outlet,3,22.36,37.34,Materials,0000 Uncategorized
22PM5GTNuNqc,Job 00249,9.8.2 - GFCI Outlet Installation,Hourly Rate,8,55,89,Materials,0000 Uncategorized
22PM8SwyBGaN,Grace Herlong Loveless - 00250,Exterior Cladding Repair,Amerimax Home Products10 in. x 10 ft. Aluminum Roll Valley Flashing,,11.62,19.41,Materials,0000 Uncategorized
22PM8SwyBGaN,Grace Herlong Loveless - 00250,Exterior Cladding Repair,Hourly Rate,4,55,89,Materials,0000 Uncategorized
22PM8SwyBGaN,Grace Herlong Loveless - 00250,Exterior Cladding Repair,Lexel Clear Paintable Solvent Caulk,,11.28,18.612000000000002,Materials,6000 Completion
22PM8SwyBGaN,Grace Herlong Loveless - 00250,Window Operations Repair,Hourly Rate,1.5,55,89,Materials,0000 Uncategorized
22PM8SwyBGaN,Grace Herlong Loveless - 00250,GFCI Outlet Installation,1-Gang GFCI/Rocker Switch Cover Plate,2,0.78,1.42,Materials,0000 Uncategorized
22PM8SwyBGaN,Grace Herlong Loveless - 00250,GFCI Outlet Installation,15 Amp GFCI Outlet,2,22.36,37.34,Materials,0000 Uncategorized
22PM8SwyBGaN,Grace Herlong Loveless - 00250,GFCI Outlet Installation,Hourly Rate,2,55,89,Materials,0000 Uncategorized
22PM8SwyBGaN,Grace Herlong Loveless - 00250,Exterior Cladding Repair,Lexel Clear Paintable Solvent Caulk,,11.28,18.612000000000002,Materials,6000 Completion
22PM8SwyBGaN,Grace Herlong Loveless - 00250,Exterior Cladding Repair,Amerimax Home Products10 in. x 10 ft. Aluminum Roll Valley Flashing,,11.62,19.41,Materials,0000 Uncategorized
22PM8SwyBGaN,Grace Herlong Loveless - 00250,Exterior Cladding Repair,Hourly Rate,4,55,89,Materials,0000 Uncategorized
22PM8SwyBGaN,Grace Herlong Loveless - 00250,Window Operations Repair,Hourly Rate,1.5,55,89,Materials,0000 Uncategorized
22PM8SwyBGaN,Grace Herlong Loveless - 00250,GFCI Outlet Installation,1-Gang GFCI/Rocker Switch Cover Plate,2,0.78,1.42,Materials,0000 Uncategorized
22PM8SwyBGaN,Grace Herlong Loveless - 00250,GFCI Outlet Installation,15 Amp GFCI Outlet,2,22.36,37.34,Materials,0000 Uncategorized
22PM8SwyBGaN,Grace Herlong Loveless - 00250,GFCI Outlet Installation,Hourly Rate,2,55,89,Materials,0000 Uncategorized
22PM8SwyBGaN,Grace Herlong Loveless - 00250,Exterior Cladding Repair,Lexel Clear Paintable Solvent Caulk,,11.28,,Materials,6000 Completion
22PM8SwyBGaN,Grace Herlong Loveless - 00250,Exterior Cladding Repair,Amerimax Home Products10 in. x 10 ft. Aluminum Roll Valley Flashing,,11.62,,Materials,0000 Uncategorized
22PM8SwyBGaN,Grace Herlong Loveless - 00250,Exterior Cladding Repair,Hourly Rate,4,55,,Materials,0000 Uncategorized
22PM8SwyBGaN,Grace Herlong Loveless - 00250,Window Operations Repair,Hourly Rate,1.5,55,,Materials,0000 Uncategorized
22PM8SwyBGaN,Grace Herlong Loveless - 00250,GFCI Outlet Installation,1-Gang GFCI/Rocker Switch Cover Plate,2,0.78,,Materials,0000 Uncategorized
22PM8SwyBGaN,Grace Herlong Loveless - 00250,GFCI Outlet Installation,15 Amp GFCI Outlet,2,22.36,,Materials,0000 Uncategorized
22PM8SwyBGaN,Grace Herlong Loveless - 00250,GFCI Outlet Installation,Hourly Rate,2,55,,Materials,0000 Uncategorized
22PM8SwyBGaN,Grace Herlong Loveless - 00250,Electrical Disconnect Installation,Sub,1,250,362.5,Materials,0000 Uncategorized
22PM8SwyBGaN,Grace Herlong Loveless - 00250,Electrical Disconnect Installation,Hourly Rate,2,55,89,Materials,0000 Uncategorized
22PM8SwyBGaN,Grace Herlong Loveless - 00250,Electrical Disconnect Installation,Custom Gallon Paint/Stain,1,60,99.00000000000001,Materials,2300 Painting
22PM8TPK7758,Job 00251,"13.1.1, 9.4.2 - Water Heater Replacement (Gas)",Subcontractor,,3000,4350,Labor,0000 Uncategorized
22PM8TPK7758,Job 00251,10.5.1 - Tile Repair,Sanded Ceramic Tile Grout Caulk,1,8.03,13.249500000000001,Materials,0000 Uncategorized
22PM8TPK7758,Job 00251,10.5.1 - Tile Repair,Lexel Clear Paintable Solvent Caulk,1,11.28,18.612000000000002,Materials,6000 Completion
22PM8TPK7758,Job 00251,10.5.1 - Tile Repair,Hourly Rate,1,55,89,Materials,0000 Uncategorized
22PM8TPK7758,Job 00251,"7.1.1, 7.1.2 - HVAC Evaluation",HVAC Evaluation,1,225,337.49999999999994,Labor,0000 Uncategorized
22PM8TPK7758,Job 00251,9.4.3 - Shower Grout Repair,Hourly Rate,1,55,89,Materials,0000 Uncategorized
22PM8TPK7758,Job 00251,9.4.3 - Shower Grout Repair,Sanded Ceramic Tile Grout Caulk,,8.03,13.249500000000001,Materials,0000 Uncategorized
22PM8TPK7758,Job 00251,10.3.1 - GFCI Outlet Installation,1-Gang GFCI/Rocker Switch Cover Plate,,0.78,1.42,Materials,0000 Uncategorized
22PM8TPK7758,Job 00251,10.3.1 - GFCI Outlet Installation,15 Amp GFCI Outlet,,22.36,37.34,Materials,0000 Uncategorized
22PM8TPK7758,Job 00251,10.3.1 - GFCI Outlet Installation,Hourly Rate,2,55,89,Materials,0000 Uncategorized
22PM8TPK7758,Job 00251,"10.6.1, 10.6.2 - Sink / Drain Repair",Hourly Rate,2,55,89,Materials,0000 Uncategorized
22PM8TPK7758,Job 00251,11.2.1 - Light Switch (3-way) Repair,Hourly Rate,1,55,89,Materials,0000 Uncategorized
22PM8TPK7758,Job 00251,"11.4.1, 11.5.1 - Bathtub Spout Repair and Sealing",Bathtub Diverter Spout,,33.98,47.56,Materials,0000 Uncategorized
22PM8TPK7758,Job 00251,"11.4.1, 11.5.1 - Bathtub Spout Repair and Sealing",GESilicone 1 10.1 oz. White Bath Tub and Tile Caulk,,8.98,16,Materials,0000 Uncategorized
22PM8TPK7758,Job 00251,"11.4.1, 11.5.1 - Bathtub Spout Repair and Sealing",Hourly Rate,2,55,89,Materials,0000 Uncategorized
22PM8TPK7758,Job 00251,12.2.1 - Label Electrical Panel,EatonLoad Center Circuit Directory (2-Pack),,11.5,19.21,Materials,0000 Uncategorized
22PM8TPK7758,Job 00251,12.2.1 - Label Electrical Panel,Hourly Rate,3,55,89,Materials,0000 Uncategorized
22PM8TPK7758,Job 00251,12.4.1 - Loose Outlet Repair,Hourly Rate,1,55,89,Materials,0000 Uncategorized
22PM8TPK7758,Job 00251,12.4.1 - Loose Outlet Repair,Box Extender (2-Pack),,5.54,9.25,Materials,0000 Uncategorized
22PM8ZUYA863,Job 00252,Shower Head Replacement,Hourly Rate,2,55,89,Materials,0000 Uncategorized
22PM8ZUYA863,Job 00252,Shower Head Replacement,Hourly Rate,2,55,89,Materials,0000 Uncategorized
22PM8ZUYA863,Job 00252,Light Fixture Replacement,Hourly Rate,1,55,89,Materials,0000 Uncategorized
22PM8ZUYA863,Job 00252,Light Fixture Replacement,Hourly Rate,1,55,89,Materials,0000 Uncategorized
22PM8ZUYA863,Job 00252,Shower Head Replacement,Hourly Rate,2,55,,Materials,0000 Uncategorized
22PM8ZUYA863,Job 00252,Light Fixture Replacement,Hourly Rate,2,55,,Materials,0000 Uncategorized
22PM8uyt7aqn,Job 00254,Window Sealing,Special Order Materials,,15,24.750000000000004,Materials,0000 Uncategorized
22PM8uyt7aqn,Job 00254,Window Sealing,Hourly Rate,0.5,55,89,Materials,0000 Uncategorized
22PM8uyt7aqn,Job 00254,Window Sealing,Special Order Materials,,15,24.750000000000004,Materials,0000 Uncategorized
22PM8uyt7aqn,Job 00254,Window Sealing,Hourly Rate,0.5,55,89,Materials,0000 Uncategorized
22PMA3FfqbFc,Job 00256,4.1.1 - Remove and Re-Install Insulation,Hourly Rate,4,55,89,Materials,0000 Uncategorized
22PMA3FfqbFc,Job 00256,16.3.2 Support Column Replacement,2 7/8 in HeadLoks,12,0.47,0.79,Materials,0000 Uncategorized
22PMA3FfqbFc,Job 00256,16.3.2 Support Column Replacement,2x10x10 Yellow Pine,2,14.68,24.52,Materials,0000 Uncategorized
22PMA3FfqbFc,Job 00256,16.3.2 Support Column Replacement,STL-22 Ellis Jack,2,276,455.4000000000001,Materials,0000 Uncategorized
22PMA3FfqbFc,Job 00256,16.3.2 Support Column Replacement,Hourly Rate,8,55,89,Materials,0000 Uncategorized
22PMA3FfqbFc,Job 00256,16.3.2 Support Column Replacement,STL-JHD (Double) U-Head,2,76.5,126.22500000000002,Materials,0000 Uncategorized
22PMA3FfqbFc,Job 00256,16.3.2 Support Column Replacement,Base Plate - 12,2,56.22,108.72,Materials,0000 Uncategorized
22PMA3FfqbFc,Job 00256,4.1.1 - Remove and Re-Install Insulation,Hourly Rate,4,55,89,Materials,0000 Uncategorized
22PMA3FfqbFc,Job 00256,16.3.2 Support Column Replacement,2 7/8 in HeadLoks,12,0.47,0.79,Materials,0000 Uncategorized
22PMA3FfqbFc,Job 00256,16.3.2 Support Column Replacement,2x10x10 Yellow Pine,2,14.68,24.52,Materials,0000 Uncategorized
22PMA3FfqbFc,Job 00256,16.3.2 Support Column Replacement,STL-22 Ellis Jack,2,276,455.4000000000001,Materials,0000 Uncategorized
22PMA3FfqbFc,Job 00256,16.3.2 Support Column Replacement,Hourly Rate,8,55,89,Materials,0000 Uncategorized
22PMA3FfqbFc,Job 00256,16.3.2 Support Column Replacement,STL-JHD (Double) U-Head,2,76.5,126.22500000000002,Materials,0000 Uncategorized
22PMA3FfqbFc,Job 00256,16.3.2 Support Column Replacement,Base Plate - 12,2,56.22,108.72,Materials,0000 Uncategorized
22PMA3FfqbFc,Job 00256,4.1.1 - Remove and Re-Install Insulation,Hourly Rate,4,55,,Materials,0000 Uncategorized
22PMA3FfqbFc,Job 00256,16.3.2 Support Column Replacement,Base Plate - 12,2,0,,Materials,0000 Uncategorized
22PMA3FfqbFc,Job 00256,16.3.2 Support Column Replacement,2 7/8 in HeadLoks,12,0.47,,Materials,0000 Uncategorized
22PMA3FfqbFc,Job 00256,16.3.2 Support Column Replacement,2x10x10 Yellow Pine,2,14.68,,Materials,0000 Uncategorized
22PMA3FfqbFc,Job 00256,16.3.2 Support Column Replacement,STL-22 Ellis Jack,2,276,,Materials,0000 Uncategorized
22PMA3FfqbFc,Job 00256,16.3.2 Support Column Replacement,Hourly Rate,8,55,,Materials,0000 Uncategorized
22PMA3FfqbFc,Job 00256,16.3.2 Support Column Replacement,STL-JHD (Double) U-Head,2,76.5,,Materials,0000 Uncategorized
22PMK3uWKVuQ,Bedroom Retrofit,Dust Control and Space Prep,Dumpster Fees,,175,288.75,Materials,0000 Uncategorized
22PMK3uWKVuQ,Bedroom Retrofit,Dust Control and Space Prep,Flexboard,,58.19,96.02,Materials,0000 Uncategorized
22PMK3uWKVuQ,Bedroom Retrofit,Dust Control and Space Prep,Floor Covering - Econo Runner,2,121.79,200.96,Materials,0000 Uncategorized
22PMK3uWKVuQ,Bedroom Retrofit,Dust Control and Space Prep,Poly Film,,56.08,92.52,Materials,0000 Uncategorized
22PMK3uWKVuQ,Bedroom Retrofit,Dust Control and Space Prep,Ram Board 38 in. W x 50 ft. L Heavy Duty Temporary Floor Protection Board,,36.96,68.38,Materials,0000 Uncategorized
22PMK3uWKVuQ,Bedroom Retrofit,Dust Control and Space Prep,Ram Board 6.1 mm x 3 in. x 164 ft. Floor Protection Seam Tape,,11.26,20.83,Materials,0000 Uncategorized
22PMK3uWKVuQ,Bedroom Retrofit,Dust Control and Space Prep,Trash Bags,,29.98,50.07,Materials,0000 Uncategorized
22PMK3uWKVuQ,Bedroom Retrofit,Dust Control and Space Prep,ZipWall HDAZ2 3 in. x 84 in. Heavy-Duty Adhesive Zippers Includes Knife (2-Pack),,24.98,41.22,Materials,0000 Uncategorized
22PMK3uWKVuQ,Bedroom Retrofit,Dust Control and Space Prep,Hourly Rate,16,55,89,Materials,0000 Uncategorized
22PMK3uWKVuQ,Bedroom Retrofit,Interior Doors,Everbilt Satin Nickel Spring Door Stops Value Pack (5-Pack),2,9.55,15.95,Materials,0000 Uncategorized
22PMK3uWKVuQ,Bedroom Retrofit,Interior Doors,Privacy Egg Door Knob With Regular Rose in Unlacquered Brass,2,174.9,323.5340989399293,Materials,0000 Uncategorized
22PMK3uWKVuQ,Bedroom Retrofit,Interior Doors,Masonite 36 in. x 80 in. 6-Panel Raised Panel Solid Core Primed Composite Single Prehung Interior Door,2,420.93,778.72,Materials,0000 Uncategorized
22PMK3uWKVuQ,Bedroom Retrofit,Interior Doors,"Mortise Lockset, Right Hand",2,104.3,192.96,Materials,0000 Uncategorized
22PMK3uWKVuQ,Bedroom Retrofit,Interior Doors,Hourly Rate,6,55,89,Materials,0000 Uncategorized
22PMK3uWKVuQ,Bedroom Retrofit,Interior Trim,Hourly Rate,16,55,89,Materials,0000 Uncategorized
22PMK3uWKVuQ,Bedroom Retrofit,Interior Trim,1x8x8 Radiata Finger Jointed Pine (primed),4,21.21,35.42,Materials,0000 Uncategorized
22PMK3uWKVuQ,Bedroom Retrofit,Interior Trim,EC281 11/16” x 1-1/16” Backband (Per L/F),6,1.61,2.69,Materials,0000 Uncategorized
22PMK3uWKVuQ,Bedroom Retrofit,Interior Trim,1x6x8 Primed Radiatta Pine,6,15.98,26.69,Materials,0000 Uncategorized
22PMK3uWKVuQ,Bedroom Retrofit,Interior Trim,WM 126 1/2 in. x 3/4 in. x 96 in. Primed Finger-Jointed Pine Base Shoe Moulding,4,6.16,10.29,Materials,0000 Uncategorized
22PMK3uWKVuQ,Bedroom Retrofit,Interior Trim,"EC 163  1 3/8"" Basecap (Per Lin. Ft.)",25,1.54,2.57,Materials,0000 Uncategorized
22PMK3uWKVuQ,Bedroom Retrofit,General Framing,Hourly Rate,4,55,89,Materials,0000 Uncategorized
22PMK3uWKVuQ,Bedroom Retrofit,General Framing,2x4x8 Prime Whitewood Stud,8,5.43,9.07,Materials,0000 Uncategorized
22PMK3uWKVuQ,Bedroom Retrofit,General Framing,2x12x8 Yellow Pine,1,38.49,63.51,Materials,0000 Uncategorized
22PMK3uWKVuQ,Bedroom Retrofit,Interior Paint,Custom Gallon Paint/Stain,4,60,99.00000000000001,Materials,2300 Painting
22PMK3uWKVuQ,Bedroom Retrofit,Interior Paint,Paint Brush,,,,Materials,0000 Uncategorized
22PMK3uWKVuQ,Bedroom Retrofit,Interior Paint,Plastic Sheeting,,53.24,99.33,Materials,0000 Uncategorized
22PMK3uWKVuQ,Bedroom Retrofit,Interior Paint,Semi-gloss Ultra White Acrylic Interior/Exterior Door and Trim Paint (1-Gallon),,33.12,54.648,Materials,2300 Painting
22PMK3uWKVuQ,Bedroom Retrofit,Interior Paint,Interior Paint Match Fee,,95,156.75,Materials,0000 Uncategorized
22PMK3uWKVuQ,Bedroom Retrofit,Interior Paint,Floor Covering - Econo Runner,,121.79,200.96,Materials,0000 Uncategorized
22PMK3uWKVuQ,Bedroom Retrofit,Interior Paint,White Oil-Based Interior/Exterior Primer and Sealer,,34.98,57.717000000000006,Materials,0000 Uncategorized
22PMK3uWKVuQ,Bedroom Retrofit,Interior Paint,Hourly Rate,40,55,89,Materials,0000 Uncategorized
22PMK3uWKVuQ,Bedroom Retrofit,Post Project Cleaning,Hourly Rate,12,55,89,Materials,0000 Uncategorized
22PMK3uWKVuQ,Bedroom Retrofit,Hardwood Floor Replacement,Hourly Rate,6,55,89,Materials,0000 Uncategorized
22PMK3uWKVuQ,Bedroom Retrofit,Hardwood Floor Replacement,Select Red Oak 3/4 in. Thick x 2-1/4 in. Wide x Random Length Solid Hardwood Flooring (19.5 sqft / case),1,118.07,218.43,Materials,0000 Uncategorized
22PMK3uWKVuQ,Bedroom Retrofit,Hardwood Floor Replacement,"POWERNAIL PowerStaples 2 in. Leg x 1/2 in. Crown x 15-1/2-Gauge Steel Hardwood Flooring Staples (1,000-Pack)",1,13.98,25.86,Materials,0000 Uncategorized
22PMK3uWKVuQ,Bedroom Retrofit,Hardwood Floor Replacement,Hardwood Finishing,270,3.25,4.16,Subcontractor,5000 Interior Finishing
22PMK3uWKVuQ,Bedroom Retrofit,Light Switch Installation,1-Gang Toggle Switch Plate,1,0.46,0.77,Materials,0000 Uncategorized
22PMK3uWKVuQ,Bedroom Retrofit,Light Switch Installation,Hourly Rate,5,55,89,Materials,0000 Uncategorized
22PMK3uWKVuQ,Bedroom Retrofit,Light Switch Installation,3 Way Switches,1,35,44.8,Subcontractor,3700 Rough Electrical
22PMK3uWKVuQ,Bedroom Retrofit,Dust Control and Space Prep,Dumpster Fees,,175,288.75,Materials,0000 Uncategorized
22PMK3uWKVuQ,Bedroom Retrofit,Dust Control and Space Prep,Flexboard,,58.19,96.02,Materials,0000 Uncategorized
22PMK3uWKVuQ,Bedroom Retrofit,Dust Control and Space Prep,Floor Covering - Econo Runner,2,121.79,200.96,Materials,0000 Uncategorized
22PMK3uWKVuQ,Bedroom Retrofit,Dust Control and Space Prep,Poly Film,,56.08,92.52,Materials,0000 Uncategorized
22PMK3uWKVuQ,Bedroom Retrofit,Dust Control and Space Prep,Ram Board 38 in. W x 50 ft. L Heavy Duty Temporary Floor Protection Board,,36.96,68.38,Materials,0000 Uncategorized
22PMK3uWKVuQ,Bedroom Retrofit,Dust Control and Space Prep,Ram Board 6.1 mm x 3 in. x 164 ft. Floor Protection Seam Tape,,11.26,20.83,Materials,0000 Uncategorized
22PMK3uWKVuQ,Bedroom Retrofit,Dust Control and Space Prep,Trash Bags,,29.98,50.07,Materials,0000 Uncategorized
22PMK3uWKVuQ,Bedroom Retrofit,Dust Control and Space Prep,ZipWall HDAZ2 3 in. x 84 in. Heavy-Duty Adhesive Zippers Includes Knife (2-Pack),,24.98,41.22,Materials,0000 Uncategorized
22PMK3uWKVuQ,Bedroom Retrofit,Dust Control and Space Prep,Hourly Rate,16,55,89,Materials,0000 Uncategorized
22PMK3uWKVuQ,Bedroom Retrofit,General Framing,Hourly Rate,4,55,89,Materials,0000 Uncategorized
22PMK3uWKVuQ,Bedroom Retrofit,General Framing,2x4x8 Prime Whitewood Stud,8,5.43,9.07,Materials,0000 Uncategorized
22PMK3uWKVuQ,Bedroom Retrofit,General Framing,2x12x8 Yellow Pine,1,38.49,63.51,Materials,0000 Uncategorized
22PMK9KLa5A4,Job 00260,Deck Post Repair,Temporary Bracing in Crawlspace,,0,224.26,Materials,0000 Uncategorized
22PMK9KLa5A4,Job 00260,Deck Post Repair,Simpson Strong-Tie ABA ZMAX Galvanized Adjustable Standoff Post Base for 6x6 Nominal Lumber,,21.54,35.97,Materials,0000 Uncategorized
22PMK9KLa5A4,Job 00260,Deck Post Repair,6x6x8 PT Post,,27.11,45.27,Materials,0000 Uncategorized
22PMK9KLa5A4,Job 00260,Deck Post Repair,RapidSet,4,16.18,27.02,Materials,0000 Uncategorized
22PMK9KLa5A4,Job 00260,Deck Post Repair,Hourly Rate,20,55,89,Materials,0000 Uncategorized
22PMK9KLa5A4,Job 00260,Deck Post Repair,Temporary Bracing in Crawlspace,,0,224.26,Materials,0000 Uncategorized
22PMK9KLa5A4,Job 00260,Deck Post Repair,Simpson Strong-Tie ABA ZMAX Galvanized Adjustable Standoff Post Base for 6x6 Nominal Lumber,,21.54,35.97,Materials,0000 Uncategorized
22PMK9KLa5A4,Job 00260,Deck Post Repair,6x6x8 PT Post,,27.11,45.27,Materials,0000 Uncategorized
22PMK9KLa5A4,Job 00260,Deck Post Repair,RapidSet,4,16.18,27.02,Materials,0000 Uncategorized
22PMK9KLa5A4,Job 00260,Deck Post Repair,Hourly Rate,20,55,89,Materials,0000 Uncategorized
22PMNB6iafZw,Job 00262,3.2.3 - Downspout Drainage Repair,Hourly Rate,3,55,89,Materials,0000 Uncategorized
22PMNB6iafZw,Job 00262,3.2.3 - Downspout Drainage Repair,"4""x4"" PVC Coupling",,8.82,14.73,Materials,0000 Uncategorized
22PMNB6iafZw,Job 00262,3.3.1 - Shingle Nail Repair,Henry 208R Rubberized Wet Patch 10.1 oz Roof Cement Leak Repair,,7.24,12.09,Materials,0000 Uncategorized
22PMNB6iafZw,Job 00262,3.3.1 - Shingle Nail Repair,Hourly Rate,2,55,89,Materials,0000 Uncategorized
22PMNB6iafZw,Job 00262,3.3.2 - Kick out Flashing Install,Grip-Rite#11 x 1-1/4 in. Electro-Galvanized Steel Roofing Nails (1 lb.-Pack),,4.98,8.32,Materials,0000 Uncategorized
22PMNB6iafZw,Job 00262,3.3.2 - Kick out Flashing Install,Henry 208R Rubberized Wet Patch 10.1 oz Roof Cement Leak Repair,,7.24,12.09,Materials,0000 Uncategorized
22PMNB6iafZw,Job 00262,3.3.2 - Kick out Flashing Install,Black Kickout Flashing,2,12.01,20.06,Materials,0000 Uncategorized
22PMNB6iafZw,Job 00262,3.3.2 - Kick out Flashing Install,Hourly Rate,2,55,89,Materials,0000 Uncategorized
22PMNB6iafZw,Job 00262,6.1.1 - Locate/Identify Main Water Shutoff and Pressure Regulator,Hourly Rate,2,55,89,Materials,0000 Uncategorized
22PMNB6iafZw,Job 00262,6.4.1 - Drain Pipe Repair (crawlspace),Subcontractor,,500,714.2857142857143,Labor,0000 Uncategorized
22PMNB6iafZw,Job 00262,6.5.1 - Exterior Spigot Repair,Subcontractor,,150,214.2857142857143,Labor,0000 Uncategorized
22PMNB6iafZw,Job 00262,6.6.1 - Dryer Vent Pipe Repair,Nashua Tape1.89 in. x 30 yd. Dryer Vent Installation Duct Tape,,6.38,10.66,Materials,0000 Uncategorized
22PMNB6iafZw,Job 00262,6.6.1 - Dryer Vent Pipe Repair,Hourly Rate,2,55,89,Materials,0000 Uncategorized
22PMNB6iafZw,Job 00262,7.1.2 - Expansion Tank Installation,Subcontractor,,550,785.7142857142858,Labor,0000 Uncategorized
22PMNB6iafZw,Job 00262,7.1.3 - TPR Valve Replacement,Subcontractor,,200,285.7142857142857,Labor,0000 Uncategorized
22PMNB6iafZw,Job 00262,8.2.1 - Bathtub Faucet Repair/Replacement,Plumbing fixtures,,200,285.7142857142857,Materials,0000 Uncategorized
22PMNB6iafZw,Job 00262,8.2.1 - Bathtub Faucet Repair/Replacement,Subcontractor,,250,357.14285714285717,Labor,0000 Uncategorized
22PMh32HJnvM,Nicole Greene-Tripp - 00265,3.3.1 - Secure Loose Trim,Hourly Rate,1,55,89,Materials,0000 Uncategorized
22PMh32HJnvM,Nicole Greene-Tripp - 00265,"3.4.1,2 - Garage Entry Door Repairs",1050 Quick Dry Siliconized Acrylic Latex Caulk,,3.31,5.461500000000001,Materials,0000 Uncategorized
22PMh32HJnvM,Nicole Greene-Tripp - 00265,"3.4.1,2 - Garage Entry Door Repairs",Kerf Weather Stripping - White,3,6.47,10.675500000000001,Materials,1500 Doors & Windows
22PMh32HJnvM,Nicole Greene-Tripp - 00265,"3.4.1,2 - Garage Entry Door Repairs",Hourly Rate,1,55,89,Materials,0000 Uncategorized
22PMh32HJnvM,Nicole Greene-Tripp - 00265,4.1.3 - Seal Penetration,Hourly Rate,1,55,89,Materials,0000 Uncategorized
22PMh32HJnvM,Nicole Greene-Tripp - 00265,4.1.3 - Seal Penetration,Fire block spray foam,,7.61,14.08,Materials,0000 Uncategorized
22PMh32HJnvM,Nicole Greene-Tripp - 00265,4.2.1 - Garage Door Weatherstripping Replacement- Bottom seal,Universal Garage Door Threshold Seal Strip,,41.33,68.1945,Materials,1600 Garage
22PMh32HJnvM,Nicole Greene-Tripp - 00265,4.2.1 - Garage Door Weatherstripping Replacement- Bottom seal,Hourly Rate,2,55,89,Materials,0000 Uncategorized
22PMh32HJnvM,Nicole Greene-Tripp - 00265,5.2.1 - Downspout Drainage Repair,"3""x4"" White Aluminum Downspout",,19.72,32.93,Materials,0000 Uncategorized
22PMh32HJnvM,Nicole Greene-Tripp - 00265,5.2.1 - Downspout Drainage Repair,Hourly Rate,2,55,89,Materials,0000 Uncategorized
22PMh32HJnvM,Nicole Greene-Tripp - 00265,"7.1.1,2 - Water Heater Supply Line Replacement",Cerro 3/4 in. x 10 ft. Copper Type M Hard Temper Straight Pipe,,29.55,49.35,Materials,0000 Uncategorized
22PMh32HJnvM,Nicole Greene-Tripp - 00265,"7.1.1,2 - Water Heater Supply Line Replacement",Viega ProPress 3/4 in. Press Copper 90-Degree Elbow Fitting,,3.66,6.11,Materials,0000 Uncategorized
22PMh32HJnvM,Nicole Greene-Tripp - 00265,"7.1.1,2 - Water Heater Supply Line Replacement","Di-electric Union: Bronze, Press-Fit x FNPT,, 3/4 in Copper Tube Size",,19.99,33.38,Materials,0000 Uncategorized
22PMh32HJnvM,Nicole Greene-Tripp - 00265,"7.1.1,2 - Water Heater Supply Line Replacement",Viega ProPress 3/4 in. Press Copper Coupling Fitting with Stop (10-Pack),,3.07,5.13,Materials,0000 Uncategorized
22PMh32HJnvM,Nicole Greene-Tripp - 00265,"7.1.1,2 - Water Heater Supply Line Replacement",Hourly Rate,5,55,89,Materials,0000 Uncategorized
22PMh32HJnvM,Nicole Greene-Tripp - 00265,7.1.4 - Flue Vent Pipe Repair,Lexel Clear Paintable Solvent Caulk,,11.28,18.612000000000002,Materials,6000 Completion
22PMh32HJnvM,Nicole Greene-Tripp - 00265,7.1.4 - Flue Vent Pipe Repair,Hourly Rate,1,55,89,Materials,0000 Uncategorized
22PMh32HJnvM,Nicole Greene-Tripp - 00265,7.1.5 - Flue Vent Pipe Repair,Miscellaneous,,50,82.50000000000001,Materials,0000 Uncategorized
22PMh32HJnvM,Nicole Greene-Tripp - 00265,7.1.5 - Flue Vent Pipe Repair,Hourly Rate,4,55,89,Materials,0000 Uncategorized
22PMh32HJnvM,Nicole Greene-Tripp - 00265,"8.1.3, 8.2.3 - Loose Toilet Repair",Subcontractor,2,225,326.25,Labor,0000 Uncategorized
22PMh32HJnvM,Nicole Greene-Tripp - 00265,9.3.1 - Bushing Installation,Halex 3/4 in. Flexible Metal Conduit (FMC) Anti-Short Bushing (16-Pack),,1.9,3.17,Materials,0000 Uncategorized
22PMh32HJnvM,Nicole Greene-Tripp - 00265,9.3.1 - Bushing Installation,Hourly Rate,3,55,89,Materials,0000 Uncategorized
22PMhLGGwna4,Job 00266,Front Door Replacement,"Jamsill 4 9/16 Up To 78"" Door Window Pan Flashing",1,73.62,121.47300000000003,Materials,0000 Uncategorized
22PMhLGGwna4,Job 00266,Front Door Replacement,Lexel Clear Paintable Solvent Caulk,2,11.28,18.612000000000002,Materials,6000 Completion
22PMhLGGwna4,Job 00266,Front Door Replacement,GREAT STUFF Gaps and Cracks Foam Sealant,1,8.18,13.66,Materials,0000 Uncategorized
22PMhLGGwna4,Job 00266,Front Door Replacement,444 Casing per LF,32,2.17,3.58,Materials,0000 Uncategorized
22PMhLGGwna4,Job 00266,Front Door Replacement,Custom Order Exterior Door,,2050,2972.5,Materials,0000 Uncategorized
22PMhLGGwna4,Job 00266,Front Door Replacement,Hourly Rate,40,55,89,Materials,0000 Uncategorized
22PMhLGGwna4,Job 00266,Front Door Replacement,1050 Quick Dry Siliconized Acrylic Latex Caulk,,3.31,5.461500000000001,Materials,0000 Uncategorized
22PMhLGGwna4,Job 00266,Front Door Replacement,Custom Gallon Paint/Stain,2,60,99.00000000000001,Materials,2300 Painting
22PMhLGGwna4,Job 00266,Front Door Replacement,Door hardware,,350,577.5000000000001,Materials,0000 Uncategorized
22PMhLGGwna4,Job 00266,Front Door Replacement,1050 Quick Dry Siliconized Acrylic Latex Caulk,,3.31,5.461500000000001,Materials,0000 Uncategorized
22PMhLGGwna4,Job 00266,Front Door Replacement,Custom Gallon Paint/Stain,2,60,99.00000000000001,Materials,2300 Painting
22PMhLGGwna4,Job 00266,Front Door Replacement,"Jamsill 4 9/16 Up To 78"" Door Window Pan Flashing",1,73.62,121.47300000000003,Materials,0000 Uncategorized
22PMhLGGwna4,Job 00266,Front Door Replacement,Lexel Clear Paintable Solvent Caulk,2,11.28,18.612000000000002,Materials,6000 Completion
22PMhLGGwna4,Job 00266,Front Door Replacement,GREAT STUFF Gaps and Cracks Foam Sealant,1,8.18,13.66,Materials,0000 Uncategorized
22PMhLGGwna4,Job 00266,Front Door Replacement,444 Casing per LF,32,2.17,3.58,Materials,0000 Uncategorized
22PMhLGGwna4,Job 00266,Front Door Replacement,Custom Order Exterior Door,,3000,4350,Materials,0000 Uncategorized
22PMhLGGwna4,Job 00266,Front Door Replacement,Hourly Rate,48,55,89,Materials,0000 Uncategorized
22PMhLGGwna4,Job 00266,Front Door Replacement,Door hardware,,350,577.5000000000001,Materials,0000 Uncategorized
22PMhLGGwna4,Job 00266,Front Door Replacement,Door hardware,,350,577.5000000000001,Materials,0000 Uncategorized
22PMhLGGwna4,Job 00266,Front Door Replacement,1050 Quick Dry Siliconized Acrylic Latex Caulk,,3.31,5.461500000000001,Materials,0000 Uncategorized
22PMhLGGwna4,Job 00266,Front Door Replacement,Custom Gallon Paint/Stain,2,60,99.00000000000001,Materials,2300 Painting
22PMhLGGwna4,Job 00266,Front Door Replacement,"Jamsill 4 9/16 Up To 78"" Door Window Pan Flashing",1,73.62,121.47300000000003,Materials,0000 Uncategorized
22PMhLGGwna4,Job 00266,Front Door Replacement,Lexel Clear Paintable Solvent Caulk,2,11.28,18.612000000000002,Materials,6000 Completion
22PMhLGGwna4,Job 00266,Front Door Replacement,GREAT STUFF Gaps and Cracks Foam Sealant,1,8.18,13.66,Materials,0000 Uncategorized
22PMhLGGwna4,Job 00266,Front Door Replacement,444 Casing per LF,32,2.17,3.58,Materials,0000 Uncategorized
22PMhLGGwna4,Job 00266,Front Door Replacement,Custom Order Exterior Door,,2050,2972.5,Materials,0000 Uncategorized
22PMhLGGwna4,Job 00266,Front Door Replacement,Hourly Rate,40,55,89,Materials,0000 Uncategorized
22PMhLGGwna4,Job 00266,Front Door Replacement,Door hardware,,350,577.5000000000001,Materials,0000 Uncategorized
22PMhLGGwna4,Job 00266,Front Door Replacement,1050 Quick Dry Siliconized Acrylic Latex Caulk,,3.31,5.461500000000001,Materials,0000 Uncategorized
22PMhLGGwna4,Job 00266,Front Door Replacement,Custom Gallon Paint/Stain,2,60,99.00000000000001,Materials,2300 Painting
22PMhLGGwna4,Job 00266,Front Door Replacement,"Jamsill 4 9/16 Up To 78"" Door Window Pan Flashing",1,73.62,121.47300000000003,Materials,0000 Uncategorized
22PMhLGGwna4,Job 00266,Front Door Replacement,Lexel Clear Paintable Solvent Caulk,2,11.28,18.612000000000002,Materials,6000 Completion
22PMhLGGwna4,Job 00266,Front Door Replacement,GREAT STUFF Gaps and Cracks Foam Sealant,1,8.18,13.66,Materials,0000 Uncategorized
22PMhLGGwna4,Job 00266,Front Door Replacement,444 Casing per LF,32,2.17,3.58,Materials,0000 Uncategorized
22PMhLGGwna4,Job 00266,Front Door Replacement,Custom Order Exterior Door,,3000,4350,Materials,0000 Uncategorized
22PMhLGGwna4,Job 00266,Front Door Replacement,Hourly Rate,48,55,89,Materials,0000 Uncategorized
22PMi3CYmRib,Job 00267,Roof Framing Repairs,Subcontractor,,7200,9936,Labor,0000 Uncategorized
22PMi3CYmRib,Job 00267,Roof Shingle Replacement,Subcontractor,,6220,8583.6,Labor,0000 Uncategorized
22PMi3CYmRib,Job 00267,Roof Framing Repairs,Subcontractor,,7200,9936,Labor,0000 Uncategorized
22PMi3CYmRib,Job 00267,Roof Shingle Replacement,Subcontractor,,6220,8583.6,Labor,0000 Uncategorized
22PMi5Trxvqf,Job 00268,Band Sill (w/ Header) Replacement,2x10 Joist Hanger,20,2.63,4.3395,Materials,0000 Uncategorized
22PMi5Trxvqf,Job 00268,Band Sill (w/ Header) Replacement,2x10x16 PT,6,27.91,46.051500000000004,Materials,0000 Uncategorized
22PMi5Trxvqf,Job 00268,Band Sill (w/ Header) Replacement,356 Door & Window Casing Moulding,4,5.85,9.652500000000002,Materials,0000 Uncategorized
22PMi5Trxvqf,Job 00268,Band Sill (w/ Header) Replacement,"2""x10"" Joist Hanger (Double)",2,6.78,11.187000000000003,Materials,0000 Uncategorized
22PMi5Trxvqf,Job 00268,Band Sill (w/ Header) Replacement,Base Plate - 12,3,56.22,92.76300000000002,Materials,0000 Uncategorized
22PMi5Trxvqf,Job 00268,Band Sill (w/ Header) Replacement,STL-JHD (Double) U-Head,1,76.5,126.22500000000002,Materials,0000 Uncategorized
22PMi5Trxvqf,Job 00268,Band Sill (w/ Header) Replacement,STL-22,3,276,455.4000000000001,Materials,0000 Uncategorized
22PMi5Trxvqf,Job 00268,Band Sill (w/ Header) Replacement,2 7/8 in HeadLoks,50,0.47,0.7755000000000001,Materials,0000 Uncategorized
22PMi5Trxvqf,Job 00268,Band Sill (w/ Header) Replacement,Hourly Rate,86,55,89,Materials,0000 Uncategorized
22PMi5Trxvqf,Job 00268,Band Sill (w/ Header) Replacement,23/32 in. T&G OSB Subfloor,2,48,80.16,Materials,0000 Uncategorized
22PMi5Trxvqf,Job 00268,Band Sill (w/ Header) Replacement,Dust Control Materials,0,100,128,Materials,1000 1000 Preparation and Management Fees
22PMi5Trxvqf,Job 00268,Band Sill (w/ Header) Replacement,Miscellaneous,,200,330.00000000000006,Materials,0000 Uncategorized
22PMi5Trxvqf,Job 00268,Band Sill (w/ Header) Replacement,23/32 in. T&G OSB Subfloor,2,48,80.16,Materials,0000 Uncategorized
22PMi5Trxvqf,Job 00268,Band Sill (w/ Header) Replacement,Semi-gloss Ultra White Acrylic Interior/Exterior Door and Trim Paint (1-Gallon),,33.12,54.648,Materials,2300 Painting
22PMi5Trxvqf,Job 00268,Band Sill (w/ Header) Replacement,1050 Quick Dry Siliconized Acrylic Latex Caulk,,3.31,5.461500000000001,Materials,0000 Uncategorized
22PMi5Trxvqf,Job 00268,Band Sill (w/ Header) Replacement,2x10 Joist Hanger,20,2.63,4.3395,Materials,0000 Uncategorized
22PMi5Trxvqf,Job 00268,Band Sill (w/ Header) Replacement,2x10x16 PT,6,27.91,46.051500000000004,Materials,0000 Uncategorized
22PMi5Trxvqf,Job 00268,Band Sill (w/ Header) Replacement,356 Door & Window Casing Moulding,4,5.85,9.652500000000002,Materials,0000 Uncategorized
22PMi5Trxvqf,Job 00268,Band Sill (w/ Header) Replacement,"2""x10"" Joist Hanger (Double)",2,6.78,11.187000000000003,Materials,0000 Uncategorized
22PMi5Trxvqf,Job 00268,Band Sill (w/ Header) Replacement,Base Plate - 12,3,56.22,92.76300000000002,Materials,0000 Uncategorized
22PMi5Trxvqf,Job 00268,Band Sill (w/ Header) Replacement,Dust Control Materials,0,0,,Materials,1000 1000 Preparation and Management Fees
22PMi5Trxvqf,Job 00268,Band Sill (w/ Header) Replacement,Miscellaneous,1,200,,Materials,0000 Uncategorized
22PMi5Trxvqf,Job 00268,Band Sill (w/ Header) Replacement,23/32 in. T&G OSB Subfloor,2,48,,Materials,0000 Uncategorized
22PMi5Trxvqf,Job 00268,Band Sill (w/ Header) Replacement,Semi-gloss Ultra White Acrylic Interior/Exterior Door and Trim Paint (1-Gallon),1,33.12,,Materials,2300 Painting
22PMi5Trxvqf,Job 00268,Band Sill (w/ Header) Replacement,1050 Quick Dry Siliconized Acrylic Latex Caulk,1,3.31,,Materials,0000 Uncategorized
22PMi5Trxvqf,Job 00268,Band Sill (w/ Header) Replacement,2x10 Joist Hanger,20,2.63,,Materials,0000 Uncategorized
22PMi5Trxvqf,Job 00268,Band Sill (w/ Header) Replacement,2x10x16 PT,6,27.91,,Materials,0000 Uncategorized
22PMi5Trxvqf,Job 00268,Band Sill (w/ Header) Replacement,356 Door & Window Casing Moulding,4,5.85,,Materials,0000 Uncategorized
22PMi5Trxvqf,Job 00268,Band Sill (w/ Header) Replacement,"2""x10"" Joist Hanger (Double)",2,6.78,,Materials,0000 Uncategorized
22PMi5Trxvqf,Job 00268,Band Sill (w/ Header) Replacement,Base Plate - 12,3,56.22,,Materials,0000 Uncategorized
22PMi5Trxvqf,Job 00268,Deck Flashing Repair,Miscellaneous,1,74.31,122.61150000000002,Materials,0000 Uncategorized
22PMi5Trxvqf,Job 00268,Deck Flashing Repair,Lexel Clear Paintable Solvent Caulk,1,11.28,18.612000000000002,Materials,6000 Completion
22PMi5Trxvqf,Job 00268,Deck Flashing Repair,"10""x10' Aluminum Flashing",1,11.62,19.41,Materials,0000 Uncategorized
22PMi5Trxvqf,Job 00268,Deck Flashing Repair,1050 Quick Dry Siliconized Acrylic Latex Caulk,1,3.31,5.462,Materials,0000 Uncategorized
22PMi5Trxvqf,Job 00268,Deck Flashing Repair,Protecto Wrap Window & Door Flashing Tape,1,41.99,70.13,Materials,0000 Uncategorized
22PMi5Trxvqf,Job 00268,Deck Flashing Repair,Hourly Rate,3,55,89,Labor,0000 Uncategorized
22PMi5Trxvqf,Job 00268,Deck Flashing Repair,Miscellaneous,1,74.31,122.61150000000002,Materials,0000 Uncategorized
22PMi5Trxvqf,Job 00268,Deck Flashing Repair,Lexel Clear Paintable Solvent Caulk,1,11.28,18.612000000000002,Materials,6000 Completion
22PMi5Trxvqf,Job 00268,Deck Flashing Repair,"10""x10' Aluminum Flashing",1,11.62,19.41,Materials,0000 Uncategorized
22PMi5Trxvqf,Job 00268,Deck Flashing Repair,1050 Quick Dry Siliconized Acrylic Latex Caulk,1,3.31,5.462,Materials,0000 Uncategorized
22PMi5Trxvqf,Job 00268,Deck Flashing Repair,Protecto Wrap Window & Door Flashing Tape,1,41.99,70.13,Materials,0000 Uncategorized
22PMi5Trxvqf,Job 00268,Deck Flashing Repair,Hourly Rate,3,55,89,Labor,0000 Uncategorized
22PMi5Trxvqf,Job 00268,Band Sill (w/ Header) Replacement,Miscellaneous,,200,330,Materials,0000 Uncategorized
22PMi5Trxvqf,Job 00268,Band Sill (w/ Header) Replacement,23/32 in. T&G OSB Subfloor,2,48,80.16,Materials,0000 Uncategorized
22PMi5Trxvqf,Job 00268,Band Sill (w/ Header) Replacement,Semi-gloss Ultra White Acrylic Interior/Exterior Door and Trim Paint (1-Gallon),,33.12,54.65,Materials,2300 Painting
22PMi5Trxvqf,Job 00268,Band Sill (w/ Header) Replacement,1050 Quick Dry Siliconized Acrylic Latex Caulk,,3.3100000000000005,5.46,Materials,0000 Uncategorized
22PMi5Trxvqf,Job 00268,Band Sill (w/ Header) Replacement,2x10 Joist Hanger,20,2.63,4.3395,Materials,0000 Uncategorized
22PMi5Trxvqf,Job 00268,Band Sill (w/ Header) Replacement,2x10x16 PT,6,27.91,46.05166666666667,Materials,0000 Uncategorized
22PMi5Trxvqf,Job 00268,Band Sill (w/ Header) Replacement,356 Door & Window Casing Moulding,4,5.849999999999999,9.6525,Materials,0000 Uncategorized
22PMi5Trxvqf,Job 00268,Band Sill (w/ Header) Replacement,"2""x10"" Joist Hanger (Double)",2,6.78,11.185,Materials,0000 Uncategorized
22PMi5Trxvqf,Job 00268,Band Sill (w/ Header) Replacement,Base Plate - 12,3,56.22,92.76333333333334,Materials,0000 Uncategorized
22PMi5Trxvqf,Job 00268,Band Sill (w/ Header) Replacement,STL-JHD (Double) U-Head,1,76.5,126.23,Materials,0000 Uncategorized
22PMi5Trxvqf,Job 00268,Deck Flashing Repair,Miscellaneous,1,74.31000000000002,122.61,Materials,0000 Uncategorized
22PMi5Trxvqf,Job 00268,Deck Flashing Repair,Lexel Clear Paintable Solvent Caulk,1,11.28,18.61,Materials,6000 Completion
22PMi5Trxvqf,Job 00268,Deck Flashing Repair,"10""x10' Aluminum Flashing",1,11.62,19.41,Materials,0000 Uncategorized
22PMi5Trxvqf,Job 00268,Deck Flashing Repair,1050 Quick Dry Siliconized Acrylic Latex Caulk,1,3.3100000000000005,5.46,Materials,0000 Uncategorized
22PMi5Trxvqf,Job 00268,Deck Flashing Repair,Protecto Wrap Window & Door Flashing Tape,1,41.989999999999995,70.13,Materials,0000 Uncategorized
22PMi5Trxvqf,Job 00268,Deck Flashing Repair,Hourly Rate,3,54.99999999999999,89,Labor,0000 Uncategorized
22PMi6esSfjg,Job 00269,Exterior Painting,3M Bondo Interior/ Exterior Waterproof 41 oz.,,31.68,52.272000000000006,Materials,0000 Uncategorized
22PMi6esSfjg,Job 00269,Exterior Painting,1050 Quick Dry Siliconized Acrylic Latex Caulk,2,3.31,5.461500000000001,Materials,0000 Uncategorized
22PMi6esSfjg,Job 00269,Exterior Painting,Sanding Discs,,8.97,14.800500000000003,Materials,0000 Uncategorized
22PMi6esSfjg,Job 00269,Exterior Painting,Semi-gloss Ultra White Acrylic Interior/Exterior Door and Trim Paint (1-Gallon),,33.12,54.648,Materials,2300 Painting
22PMi6esSfjg,Job 00269,Exterior Painting,Paint Brush,,,,Materials,0000 Uncategorized
22PMi6esSfjg,Job 00269,Exterior Painting,Hourly Rate,18,55,89,Materials,0000 Uncategorized
22PMi6esSfjg,Job 00269,Vinyl Siding Repair,Dutch Lap Vinyl Siding,1,14.29,23.578500000000002,Materials,0000 Uncategorized
22PMi6esSfjg,Job 00269,Vinyl Siding Repair,Hourly Rate,3,55,89,Materials,0000 Uncategorized
22PMi6esSfjg,Job 00269,Exterior Painting,3M Bondo Interior/ Exterior Waterproof 41 oz.,,31.68,52.272000000000006,Materials,0000 Uncategorized
22PMi6esSfjg,Job 00269,Exterior Painting,1050 Quick Dry Siliconized Acrylic Latex Caulk,2,3.31,5.461500000000001,Materials,0000 Uncategorized
22PMi6esSfjg,Job 00269,Exterior Painting,Sanding Discs,,8.97,14.800500000000003,Materials,0000 Uncategorized
22PMi6esSfjg,Job 00269,Exterior Painting,Semi-gloss Ultra White Acrylic Interior/Exterior Door and Trim Paint (1-Gallon),,33.12,54.648,Materials,2300 Painting
22PMi6esSfjg,Job 00269,Exterior Painting,Paint Brush,,0,0,Materials,0000 Uncategorized
22PMi6esSfjg,Job 00269,Exterior Painting,Hourly Rate,18,55,89,Materials,0000 Uncategorized
22PMi6esSfjg,Job 00269,Vinyl Siding Repair,Dutch Lap Vinyl Siding,1,14.29,23.578500000000002,Materials,0000 Uncategorized
22PMi6esSfjg,Job 00269,Vinyl Siding Repair,Hourly Rate,3,55,89,Materials,0000 Uncategorized
22PMi6esSfjg,Job 00269,Exterior Painting,3M Bondo Interior/ Exterior Waterproof 41 oz.,1,31.68,,Materials,0000 Uncategorized
22PMi6esSfjg,Job 00269,Exterior Painting,1050 Quick Dry Siliconized Acrylic Latex Caulk,2,3.31,,Materials,0000 Uncategorized
22PMi6esSfjg,Job 00269,Exterior Painting,Sanding Discs,1,8.97,,Materials,0000 Uncategorized
22PMi6esSfjg,Job 00269,Exterior Painting,Semi-gloss Ultra White Acrylic Interior/Exterior Door and Trim Paint (1-Gallon),1,33.12,,Materials,2300 Painting
22PMi6esSfjg,Job 00269,Exterior Painting,Hourly Rate,18,55,,Materials,0000 Uncategorized
22PMi6esSfjg,Job 00269,Vinyl Siding Repair,Dutch Lap Vinyl Siding,1,14.29,,Materials,0000 Uncategorized
22PMi6esSfjg,Job 00269,Vinyl Siding Repair,Hourly Rate,3,55,,Materials,0000 Uncategorized
22PMpgym2idG,Job 00270,Window Replacement,Trim Coil,,156,257.40000000000003,Materials,0000 Uncategorized
22PMpgym2idG,Job 00270,Window Replacement,Semi-gloss Ultra White Acrylic Interior/Exterior Door and Trim Paint (1-Gallon),,33.12,54.648,Materials,2300 Painting
22PMpgym2idG,Job 00270,Window Replacement,Custom Order Windows,3,265,437.25000000000006,Materials,0000 Uncategorized
22PMpgym2idG,Job 00270,Window Replacement,Composite Shim,,2.23,3.6795000000000004,Materials,0000 Uncategorized
22PMpgym2idG,Job 00270,Window Replacement,#10 x 2-1/2 in. 305 Stainless Steel Star Drive Deck Screw (1 lb/Pack),,16.29,27.2,Materials,0000 Uncategorized
22PMpgym2idG,Job 00270,Window Replacement,GREAT STUFF Smart Straw Window and Door Foam Sealant,2,8.18,13.66,Materials,0000 Uncategorized
22PMpgym2idG,Job 00270,Window Replacement,1050 Quick Dry Siliconized Acrylic Latex Caulk,2,3.31,5.461500000000001,Materials,0000 Uncategorized
22PMpgym2idG,Job 00270,Window Replacement,"Typar Butyl Flashing Tape - 4"" W x 75' L",,25.75,43,Materials,0000 Uncategorized
22PMpgym2idG,Job 00270,Window Replacement,Hourly Rate,26,55,89,Materials,0000 Uncategorized
22PMpgym2idG,Job 00270,Window Replacement,Trim Coil,,156,257.40000000000003,Materials,0000 Uncategorized
22PMpgym2idG,Job 00270,Window Replacement,Semi-gloss Ultra White Acrylic Interior/Exterior Door and Trim Paint (1-Gallon),,33.12,54.648,Materials,2300 Painting
22PMpgym2idG,Job 00270,Window Replacement,Custom Order Windows,3,265,437.25000000000006,Materials,0000 Uncategorized
22PMpgym2idG,Job 00270,Window Replacement,Composite Shim,,2.23,3.6795000000000004,Materials,0000 Uncategorized
22PMpgym2idG,Job 00270,Window Replacement,#10 x 2-1/2 in. 305 Stainless Steel Star Drive Deck Screw (1 lb/Pack),,16.29,27.2,Materials,0000 Uncategorized
22PMpgym2idG,Job 00270,Window Replacement,GREAT STUFF Smart Straw Window and Door Foam Sealant,2,8.18,13.66,Materials,0000 Uncategorized
22PMpgym2idG,Job 00270,Window Replacement,1050 Quick Dry Siliconized Acrylic Latex Caulk,2,3.31,5.461500000000001,Materials,0000 Uncategorized
22PMpgym2idG,Job 00270,Window Replacement,"Typar Butyl Flashing Tape - 4"" W x 75' L",,25.75,43,Materials,0000 Uncategorized
22PMpgym2idG,Job 00270,Window Replacement,Hourly Rate,26,55,89,Materials,0000 Uncategorized
22PMppbii2jW,Julia Ross - 00271,Crawlspace Insulation Repair - removed,Subcontractor,,350,507.49999999999994,Labor,0000 Uncategorized
22PMppbii2jW,Julia Ross - 00271,Attic Insulation Refresh - removed,Hourly Rate,,55,89,Materials,0000 Uncategorized
22PMppbii2jW,Julia Ross - 00271,Attic Access Panel Replacement,Hourly Rate,1,55,89,Materials,0000 Uncategorized
22PMppbii2jW,Julia Ross - 00271,Attic Access Panel Replacement,1/2 in. x 4 ft. x 8 ft. UltraLight Drywall,,11.25,18.562500000000004,Materials,0000 Uncategorized
22PMppbii2jW,Julia Ross - 00271,Window and Sliding Door Repair,2x4x10 PT,1,8.71,14.55,Materials,0000 Uncategorized
22PMppbii2jW,Julia Ross - 00271,Window and Sliding Door Repair,1050 Quick Dry Siliconized Acrylic Latex Caulk,1,3.31,5.461500000000001,Materials,0000 Uncategorized
22PMppbii2jW,Julia Ross - 00271,Window and Sliding Door Repair,Semi-gloss Ultra White Acrylic Interior/Exterior Door and Trim Paint (1-Gallon),1,33.12,54.648,Materials,2300 Painting
22PMppbii2jW,Julia Ross - 00271,Window and Sliding Door Repair,"Huber 6"" x 20' ZIP System Stretch Tape",1,52.45,97.03,Materials,0000 Uncategorized
22PMppbii2jW,Julia Ross - 00271,Window and Sliding Door Repair,"Jamsill 4 9/16 Up To 78"" Door Window Pan Flashing",1,73.62,136.2,Materials,0000 Uncategorized
22PMppbii2jW,Julia Ross - 00271,Window and Sliding Door Repair,Window Z-Flashing,2,5.8,9.69,Materials,0000 Uncategorized
22PMppbii2jW,Julia Ross - 00271,Window and Sliding Door Repair,Lexel Clear Paintable Solvent Caulk,1,11.28,18.612000000000002,Materials,6000 Completion
22PMppbii2jW,Julia Ross - 00271,Window and Sliding Door Repair,"Typar Butyl Flashing Tape - 4"" W x 75' L",1,25.75,43,Materials,0000 Uncategorized
22PMppbii2jW,Julia Ross - 00271,Window and Sliding Door Repair,"5/8"" x 1/2"" White J Channel",7,7.98,13.33,Materials,0000 Uncategorized
22PMppbii2jW,Julia Ross - 00271,Window and Sliding Door Repair,Hourly rate,26,55,89,Labor,0000 Uncategorized
22PMppbii2jW,Julia Ross - 00271,Cracked Joist/Subfloor Blocking Repair,2x6x10 PT,2,10.66,17.8,Materials,0000 Uncategorized
22PMppbii2jW,Julia Ross - 00271,Cracked Joist/Subfloor Blocking Repair,2 7/8 in HeadLoks,20,0.47,0.79,Materials,0000 Uncategorized
22PMppbii2jW,Julia Ross - 00271,Cracked Joist/Subfloor Blocking Repair,2x6x12 PT,1,10.76,17.97,Materials,0000 Uncategorized
22PMppbii2jW,Julia Ross - 00271,Cracked Joist/Subfloor Blocking Repair,hourly rate,8,55,89,Labor,0000 Uncategorized
22PMppbii2jW,Julia Ross - 00271,Dishwasher High Loop,Dishwasher Drain Hose Extension (1-Pack),1,15.7,29.05,Materials,0000 Uncategorized
22PMppbii2jW,Julia Ross - 00271,Dishwasher High Loop,Hourly Rate,1,55,89,Materials,0000 Uncategorized
22PMppbii2jW,Julia Ross - 00271,Attic Access Panel Replacement,1/2 in. x 4 ft. x 8 ft. UltraLight Drywall,,11.25,18.562500000000004,Materials,0000 Uncategorized
22PMppbii2jW,Julia Ross - 00271,Attic Access Panel Replacement,Hourly Rate,1,55,89,Materials,0000 Uncategorized
22PMppbii2jW,Julia Ross - 00271,Window and Sliding Door Repair,2x4x10 PT,,8.71,14.55,Materials,0000 Uncategorized
22PMppbii2jW,Julia Ross - 00271,Window and Sliding Door Repair,1050 Quick Dry Siliconized Acrylic Latex Caulk,,3.31,5.461500000000001,Materials,0000 Uncategorized
22PMppbii2jW,Julia Ross - 00271,Window and Sliding Door Repair,Semi-gloss Ultra White Acrylic Interior/Exterior Door and Trim Paint (1-Gallon),,33.12,54.648,Materials,2300 Painting
22PMppbii2jW,Julia Ross - 00271,Window and Sliding Door Repair,"Huber 6"" x 20' ZIP System Stretch Tape",,52.45,97.03,Materials,0000 Uncategorized
22PMppbii2jW,Julia Ross - 00271,Window and Sliding Door Repair,"Jamsill 4 9/16 Up To 78"" Door Window Pan Flashing",,73.62,136.2,Materials,0000 Uncategorized
22PMppbii2jW,Julia Ross - 00271,Window and Sliding Door Repair,1-1/4 in. x 1-1/2 in. x 10 ft. Window Head Flashing,2,5.8,9.69,Materials,0000 Uncategorized
22PMppbii2jW,Julia Ross - 00271,Window and Sliding Door Repair,Lexel Clear Paintable Solvent Caulk,,11.28,18.612000000000002,Materials,6000 Completion
22PMppbii2jW,Julia Ross - 00271,Window and Sliding Door Repair,"Typar Butyl Flashing Tape - 4"" W x 75' L",,25.75,43,Materials,0000 Uncategorized
22PMppbii2jW,Julia Ross - 00271,Window and Sliding Door Repair,"5/8"" x 1/2"" White J Channel",7,7.98,13.33,Materials,0000 Uncategorized
22PMppbii2jW,Julia Ross - 00271,Window and Sliding Door Repair,hourly rate,26,55,89,Labor,0000 Uncategorized
22PMppbii2jW,Julia Ross - 00271,Cracked Joist/Subfloor Blocking Repair,2x6x10 PT,2,10.66,17.8,Materials,0000 Uncategorized
22PMppbii2jW,Julia Ross - 00271,Cracked Joist/Subfloor Blocking Repair,2 7/8 in HeadLoks,20,0.47,0.79,Materials,0000 Uncategorized
22PMppbii2jW,Julia Ross - 00271,Cracked Joist/Subfloor Blocking Repair,2x6x12 SPF,,10.76,17.97,Materials,0000 Uncategorized
22PMppbii2jW,Julia Ross - 00271,Cracked Joist/Subfloor Blocking Repair,hourly rate,8,55,89,Labor,0000 Uncategorized
22PMppbii2jW,Julia Ross - 00271,Dishwasher High Loop,Dishwasher Drain Hose Extension (1-Pack),,15.7,29.05,Materials,0000 Uncategorized
22PMppbii2jW,Julia Ross - 00271,Dishwasher High Loop,Hourly Rate,,55,89,Materials,0000 Uncategorized
22PMqULJNWLc,Job 00272,Drywall Repair,Custom Gallon Paint/Stain,0.5,60,99.00000000000001,Materials,2300 Painting
22PMqULJNWLc,Job 00272,Drywall Repair,White Oil-Based Interior/Exterior Primer and Sealer,0.25,34.98,57.717000000000006,Materials,0000 Uncategorized
22PMqULJNWLc,Job 00272,Drywall Repair,Sanding Discs,,8.97,14.800500000000003,Materials,0000 Uncategorized
22PMqULJNWLc,Job 00272,Drywall Repair,Drywall Mud (4.5 Gallon),0.25,17.92,29.56800000000001,Materials,0000 Uncategorized
22PMqULJNWLc,Job 00272,Drywall Repair,Hourly Rate,4.5,55,89,Materials,0000 Uncategorized
22PMqULJNWLc,Job 00272,Drywall Repair,Semi-gloss Ultra White Acrylic Interior/Exterior Door and Trim Paint (1-Gallon),0.25,33.12,54.648,Materials,2300 Painting
22PMqULJNWLc,Job 00272,Drywall Repair,1050 Quick Dry Siliconized Acrylic Latex Caulk,1,3.31,5.461500000000001,Materials,0000 Uncategorized
22PMqULJNWLc,Job 00272,Gutter Repair,3 in. x 4 in. White Aluminum Downspout A-Elbow,6,5.98,2.3216666666666668,Materials,0000 Uncategorized
22PMqULJNWLc,Job 00272,Gutter Repair,Dap Butyl-Flex 10.1 oz. White Gutter and Flashing Sealant,2,9.98,9.23,Materials,0000 Uncategorized
22PMqULJNWLc,Job 00272,Gutter Repair,Hourly Rate,2.5,55,89,Materials,0000 Uncategorized
22PMqULJNWLc,Job 00272,Gutter Repair,3 in. x 4 in. x 15 in. White Aluminum Downspout Extension,3,6.48,0,Labor,0000 Uncategorized
22PMqULJNWLc,Job 00272,Drywall Repair,Semi-gloss Ultra White Acrylic Interior/Exterior Door and Trim Paint (1-Gallon),0.25,33.12,54.648,Materials,2300 Painting
22PMqULJNWLc,Job 00272,Drywall Repair,1050 Quick Dry Siliconized Acrylic Latex Caulk,1,3.31,5.461500000000001,Materials,0000 Uncategorized
22PMqULJNWLc,Job 00272,Drywall Repair,Custom Gallon Paint/Stain,0.5,60,99.00000000000001,Materials,2300 Painting
22PMqULJNWLc,Job 00272,Drywall Repair,White Oil-Based Interior/Exterior Primer and Sealer,0.25,34.98,57.717000000000006,Materials,0000 Uncategorized
22PMqULJNWLc,Job 00272,Drywall Repair,Sanding Discs,,8.97,14.800500000000003,Materials,0000 Uncategorized
22PMqULJNWLc,Job 00272,Drywall Repair,Drywall Mud (4.5 Gallon),0.25,17.92,29.56800000000001,Materials,0000 Uncategorized
22PMqULJNWLc,Job 00272,Drywall Repair,Hourly Rate,4.5,55,89,Materials,0000 Uncategorized
22PMqULJNWLc,Job 00272,Gutter Repair,"5"" Gutter Seam Connector",,8.34,13.93,Materials,0000 Uncategorized
22PMqULJNWLc,Job 00272,Gutter Repair,Dap Butyl-Flex 10.1 oz. White Gutter and Flashing Sealant,,9.98,18.46,Materials,0000 Uncategorized
22PMqULJNWLc,Job 00272,Gutter Repair,Hourly Rate,2.5,55,89,Materials,0000 Uncategorized
22PMqULJNWLc,Job 00272,Drywall Repair,Semi-gloss Ultra White Acrylic Interior/Exterior Door and Trim Paint (1-Gallon),0.25,33.12,,Materials,2300 Painting
22PMqULJNWLc,Job 00272,Drywall Repair,1050 Quick Dry Siliconized Acrylic Latex Caulk,1,3.31,,Materials,0000 Uncategorized
22PMqULJNWLc,Job 00272,Drywall Repair,Paint,0.5,60,,Materials,2300 Painting
22PMqULJNWLc,Job 00272,Drywall Repair,White Oil-Based Interior/Exterior Primer and Sealer,0.25,35,,Materials,0000 Uncategorized
22PMqULJNWLc,Job 00272,Drywall Repair,Sanding Discs,1,8.97,,Materials,0000 Uncategorized
22PMqULJNWLc,Job 00272,Drywall Repair,Drywall Mud (4.5 Gallon),0.25,17.92,,Materials,0000 Uncategorized
22PMqULJNWLc,Job 00272,Drywall Repair,Hourly Rate,4.5,55,,Materials,0000 Uncategorized
22PMqULJNWLc,Job 00272,Gutter Repair,3 in. x 4 in. x 15 in. White Aluminum Downspout Extension,3,0,,Labor,0000 Uncategorized
22PMqULJNWLc,Job 00272,Gutter Repair,3 in. x 4 in. White Aluminum Downspout A-Elbow,6,8.34,,Materials,0000 Uncategorized
22PMqULJNWLc,Job 00272,Gutter Repair,Dap Butyl-Flex 10.1 oz. White Gutter and Flashing Sealant,2,9.98,,Materials,0000 Uncategorized
22PMqULJNWLc,Job 00272,Gutter Repair,Hourly Rate,2.5,55,,Materials,0000 Uncategorized
22PMqULJNWLc,Job 00272,Drywall Repair,Custom Gallon Paint/Stain,0.5,60,99.00000000000001,Materials,2300 Painting
22PMqULJNWLc,Job 00272,Drywall Repair,Sanding Discs,,8.97,14.800500000000003,Materials,0000 Uncategorized
22PMqULJNWLc,Job 00272,Drywall Repair,Drywall Joint Tape,,16.75,27.637500000000003,Materials,0000 Uncategorized
22PMqULJNWLc,Job 00272,Drywall Repair,Hourly Rate,2,55,89,Materials,0000 Uncategorized
22PMqULJNWLc,Job 00272,Drywall Repair,Custom Gallon Paint/Stain,0.5,60,99.00000000000001,Materials,2300 Painting
22PMqULJNWLc,Job 00272,Drywall Repair,Sanding Discs,,8.97,14.800500000000003,Materials,0000 Uncategorized
22PMqULJNWLc,Job 00272,Drywall Repair,Drywall Joint Tape,,16.75,27.637500000000003,Materials,0000 Uncategorized
22PMqULJNWLc,Job 00272,Drywall Repair,Hourly Rate,2,55,89,Materials,0000 Uncategorized
22PMqfuuveL4,Job 00273,Exterior Trim Repair,Hourly Rate,7,55,89,Materials,0000 Uncategorized
22PMqfuuveL4,Job 00273,Exterior Trim Repair,"1 5/8"" PVC Crown Mould (Shingle Mould)",3,13.98,23.35,Materials,0000 Uncategorized
22PMqfuuveL4,Job 00273,Exterior Trim Repair,1050 Quick Dry Siliconized Acrylic Latex Caulk,2,3.31,5.461500000000001,Materials,0000 Uncategorized
22PMqfuuveL4,Job 00273,Exterior Trim Repair,Interior Paint Match Fee,1,95,156.75,Materials,0000 Uncategorized
22PMqfuuveL4,Job 00273,Exterior Trim Repair,Benjamin Moore - Exterior Paint,1,73.99,105.7,Materials,0000 Uncategorized
22PMqfuuveL4,Job 00273,Vinyl Siding Patch Repair,Ply Gem 3 in. x 3/4 in. White Inside Corner Post,1,27.08,50.1,Materials,0000 Uncategorized
22PMqfuuveL4,Job 00273,Vinyl Siding Patch Repair,Hourly Rate,2,55,89,Materials,0000 Uncategorized
22PMqfuuveL4,Job 00273,Vinyl Siding Patch Repair,Grip-Rite#11 x 1-1/4 in. Electro-Galvanized Steel Roofing Nails (1 lb.-Pack),1,4.98,8.32,Materials,0000 Uncategorized
22PMqfuuveL4,Job 00273,Interior Trim Stain,Foam Brush,1,1.25,1.7857142857142858,Materials,0000 Uncategorized
22PMqfuuveL4,Job 00273,Interior Trim Stain,Hourly Rate,1,55,89,Materials,0000 Uncategorized
22PMqfuuveL4,Job 00273,Exterior Trim Repair,Hourly Rate,7,55,89,Materials,0000 Uncategorized
22PMqfuuveL4,Job 00273,Exterior Trim Repair,"1 5/8"" PVC Crown Mould (Shingle Mould)",3,13.98,23.35,Materials,0000 Uncategorized
22PMqfuuveL4,Job 00273,Exterior Trim Repair,1050 Quick Dry Siliconized Acrylic Latex Caulk,2,3.31,5.461500000000001,Materials,0000 Uncategorized
22PMqfuuveL4,Job 00273,Exterior Trim Repair,Interior Paint Match Fee,1,95,156.75,Materials,0000 Uncategorized
22PMqfuuveL4,Job 00273,Exterior Trim Repair,Benjamin Moore - Exterior Paint,1,73.99,105.7,Materials,0000 Uncategorized
22PMqfuuveL4,Job 00273,Vinyl Siding Patch Repair,Ply Gem 3 in. x 3/4 in. White Inside Corner Post,1,27.08,50.1,Materials,0000 Uncategorized
22PMqfuuveL4,Job 00273,Vinyl Siding Patch Repair,Hourly Rate,2,55,89,Materials,0000 Uncategorized
22PMqfuuveL4,Job 00273,Vinyl Siding Patch Repair,Grip-Rite#11 x 1-1/4 in. Electro-Galvanized Steel Roofing Nails (1 lb.-Pack),1,4.98,8.32,Materials,0000 Uncategorized
22PMqfuuveL4,Job 00273,Interior Trim Stain,Foam Brush,1,1.25,1.7857142857142858,Materials,0000 Uncategorized
22PMqfuuveL4,Job 00273,Interior Trim Stain,Hourly Rate,1,55,89,Materials,0000 Uncategorized
22PMsuc8hG7U,Job 00274,Exterior Painting,Subcontractor,,11425,15423.75,Labor,0000 Uncategorized
22PMsuc8hG7U,Job 00274,Vinyl Siding Removal/Disposal,Subcontractor,,4000,5400,Labor,0000 Uncategorized
22PMsuc8hG7U,Job 00274,Hardie Siding Install (Labor),Subcontractor,,14500,19575,Labor,0000 Uncategorized
22PMsuc8hG7U,Job 00274,Hardie Siding Install (Material),Subcontractor,,9000,12150,Labor,0000 Uncategorized
22PMsuc8hG7U,Job 00274,Vinyl Siding Removal/Disposal,Subcontractor,,4000,5400,Labor,0000 Uncategorized
22PMsuc8hG7U,Job 00274,Hardie Siding Install (Labor),Subcontractor,,14500,19575,Labor,0000 Uncategorized
22PMsuc8hG7U,Job 00274,Hardie Siding Install (Material),Subcontractor,,9000,12150,Labor,0000 Uncategorized
22PMsuc8hG7U,Job 00274,Exterior Painting,Subcontractor,,11425,15423.75,Labor,0000 Uncategorized
22PNEfiYTN62,Job 00275,Interior Window/Trim Repairs,Custom Gallon Paint/Stain,0.5,60,99.00000000000001,Materials,2300 Painting
22PNEfiYTN62,Job 00275,Interior Window/Trim Repairs,Wallpaper,1,65,107.25000000000001,Labor,0000 Uncategorized
22PNEfiYTN62,Job 00275,Interior Window/Trim Repairs,Drywall primer,1,20,33.00000000000001,Labor,0000 Uncategorized
22PNEfiYTN62,Job 00275,Interior Window/Trim Repairs,1/2 in. x 4 ft. x 8 ft. UltraLight Drywall,1,11.25,18.562500000000004,Materials,0000 Uncategorized
22PNEfiYTN62,Job 00275,Interior Window/Trim Repairs,Lexel Clear Paintable Solvent Caulk,1,11.28,18.612000000000002,Materials,6000 Completion
22PNEfiYTN62,Job 00275,Interior Window/Trim Repairs,1050 Quick Dry Siliconized Acrylic Latex Caulk,1,3.31,5.461500000000001,Materials,0000 Uncategorized
22PNEfiYTN62,Job 00275,Interior Window/Trim Repairs,Semi-gloss Ultra White Acrylic Interior/Exterior Door and Trim Paint (1-Gallon),0.5,33.12,54.648,Materials,2300 Painting
22PNEfiYTN62,Job 00275,Interior Window/Trim Repairs,Custom Trim Order,32,1.15,1.8975000000000002,Materials,0000 Uncategorized
22PNEfiYTN62,Job 00275,Interior Window/Trim Repairs,Custom Trim Order,16,1.28,2.1120000000000005,Materials,0000 Uncategorized
22PNEfiYTN62,Job 00275,Interior Window/Trim Repairs,Custom Trim Order,16,0.75,1.2375000000000003,Materials,0000 Uncategorized
22PNEfiYTN62,Job 00275,Door Adjustments,3/8 in. X 3/16 in. X 10 ft. Black High-Density Rubber Foam Weatherstrip Tape,3,2.93,4.834500000000001,Materials,1500 Doors & Windows
22PNEfiYTN62,Job 00275,Door Adjustments,Everbilt 3-1/2 in. Satin Nickel 5/8 in. Radius Smooth Action Door Hinges Value Pack (3-Pack),,8.87,14.81,Materials,0000 Uncategorized
22PNEfiYTN62,Job 00275,Door Adjustments,Hourly Rate,4,55,89,Materials,0000 Uncategorized
22PNEfiYTN62,Job 00275,Interior Window/Trim Repairs,Custom Gallon Paint/Stain,0.5,60,99.00000000000001,Materials,2300 Painting
22PNEfiYTN62,Job 00275,Interior Window/Trim Repairs,wallpaper,1,65,107.25000000000001,Labor,0000 Uncategorized
22PNEfiYTN62,Job 00275,Interior Window/Trim Repairs,Drywall primer,1,20,33.00000000000001,Labor,0000 Uncategorized
22PNEfiYTN62,Job 00275,Interior Window/Trim Repairs,1/2 in. x 4 ft. x 8 ft. UltraLight Drywall,1,11.25,18.562500000000004,Materials,0000 Uncategorized
22PNEfiYTN62,Job 00275,Interior Window/Trim Repairs,Lexel Clear Paintable Solvent Caulk,1,11.28,18.612000000000002,Materials,6000 Completion
22PNEfiYTN62,Job 00275,Interior Window/Trim Repairs,1050 Quick Dry Siliconized Acrylic Latex Caulk,1,3.31,5.461500000000001,Materials,0000 Uncategorized
22PNEfiYTN62,Job 00275,Interior Window/Trim Repairs,Semi-gloss Ultra White Acrylic Interior/Exterior Door and Trim Paint (1-Gallon),0.5,33.12,54.648,Materials,2300 Painting
22PNEfiYTN62,Job 00275,Interior Window/Trim Repairs,Custom Trim Order,32,1.15,1.8975000000000002,Materials,0000 Uncategorized
22PNEfiYTN62,Job 00275,Interior Window/Trim Repairs,Custom Trim Order,16,1.28,2.1120000000000005,Materials,0000 Uncategorized
22PNEfiYTN62,Job 00275,Interior Window/Trim Repairs,Custom Trim Order,16,0.75,1.2375000000000003,Materials,0000 Uncategorized
22PNEfiYTN62,Job 00275,Door Adjustments,3/8 in. X 3/16 in. X 10 ft. Black High-Density Rubber Foam Weatherstrip Tape,3,2.93,4.834500000000001,Materials,1500 Doors & Windows
22PNEfiYTN62,Job 00275,Door Adjustments,Everbilt 3-1/2 in. Satin Nickel 5/8 in. Radius Smooth Action Door Hinges Value Pack (3-Pack),,8.87,14.81,Materials,0000 Uncategorized
22PNEfiYTN62,Job 00275,Door Adjustments,Hourly Rate,4,55,89,Materials,0000 Uncategorized
22PNEfiYTN62,Job 00275,Interior Window/Trim Repairs,Custom Trim Order,32,1.15,,Materials,0000 Uncategorized
22PNEfiYTN62,Job 00275,Interior Window/Trim Repairs,Custom Trim Order,16,1.28,,Materials,0000 Uncategorized
22PNEfiYTN62,Job 00275,Interior Window/Trim Repairs,Custom Trim Order,16,0.75,,Materials,0000 Uncategorized
22PNEfiYTN62,Job 00275,Interior Window/Trim Repairs,Custom Trim Order,48,0.9500000000000001,,Materials,0000 Uncategorized
22PNEfiYTN62,Job 00275,Interior Window/Trim Repairs,Custom Gallon Paint/Stain,0.5,60,,Materials,2300 Painting
22PNEfiYTN62,Job 00275,Interior Window/Trim Repairs,Wallpaper,1,65,,Labor,0000 Uncategorized
22PNEfiYTN62,Job 00275,Interior Window/Trim Repairs,Drywall primer,1,20,,Labor,0000 Uncategorized
22PNEfiYTN62,Job 00275,Interior Window/Trim Repairs,1/2 in. x 4 ft. x 8 ft. UltraLight Drywall,1,11.25,,Materials,0000 Uncategorized
22PNEfiYTN62,Job 00275,Interior Window/Trim Repairs,Lexel Clear Paintable Solvent Caulk,1,11.28,,Materials,6000 Completion
22PNEfiYTN62,Job 00275,Interior Window/Trim Repairs,1050 Quick Dry Siliconized Acrylic Latex Caulk,1,3.31,,Materials,0000 Uncategorized
22PNEfiYTN62,Job 00275,Interior Window/Trim Repairs,Semi-gloss Ultra White Acrylic Interior/Exterior Door and Trim Paint (1-Gallon),0.5,33.12,,Materials,2300 Painting
22PNEfiYTN62,Job 00275,Interior Window/Trim Repairs,Custom Trim Order,32,1.15,,Materials,0000 Uncategorized
22PNEfiYTN62,Job 00275,Interior Window/Trim Repairs,Custom Trim Order,16,1.28,,Materials,0000 Uncategorized
22PNEfiYTN62,Job 00275,Interior Window/Trim Repairs,Custom Trim Order,16,0.75,,Materials,0000 Uncategorized
22PNEfiYTN62,Job 00275,Door Adjustments,3/8 in. X 3/16 in. X 10 ft. Black High-Density Rubber Foam Weatherstrip Tape,3,2.9299999999999997,,Materials,1500 Doors & Windows
22PNEfiYTN62,Job 00275,Door Adjustments,Everbilt 3-1/2 in. Satin Nickel 5/8 in. Radius Smooth Action Door Hinges Value Pack (3-Pack),,8.87,,Materials,0000 Uncategorized
22PNEfiYTN62,Job 00275,Door Adjustments,Hourly Rate,4,55,,Materials,0000 Uncategorized
22PNEfiYTN62,Job 00275,Window & Framing Repairs,Hourly Rate,24,55,89,Materials,0000 Uncategorized
22PNEfiYTN62,Job 00275,Window & Framing Repairs,"10""x10' Aluminum Flashing",1,11.62,19.41,Materials,0000 Uncategorized
22PNEfiYTN62,Job 00275,Window & Framing Repairs,R-13 Kraft Faced Fiberglass Insulation Batt 15 in. x 93 in.,1,75.98,126.89,Materials,0000 Uncategorized
22PNEfiYTN62,Job 00275,Window & Framing Repairs,M-D Building Products3/8 in. x 240 in. Backer Rod,1,3.45,5.76,Materials,0000 Uncategorized
22PNEfiYTN62,Job 00275,Window & Framing Repairs,GREAT STUFF Smart Straw Window and Door Foam Sealant,1,8.18,13.66,Materials,0000 Uncategorized
22PNEfiYTN62,Job 00275,Window & Framing Repairs,"Typar Butyl Flashing Tape - 4"" W x 75' L",1,25.75,43,Materials,0000 Uncategorized
22PNEfiYTN62,Job 00275,Window & Framing Repairs,1x4x18 Vinyl Trim plank,2,34.2,57.12,Materials,0000 Uncategorized
22PNEfiYTN62,Job 00275,Window & Framing Repairs,"3/8"" x 48"" x 8' S4S PVC sheeting",1,83.98,138.567,Materials,0000 Uncategorized
22PNEfiYTN62,Job 00275,Window & Framing Repairs,2x4x8 Prime Whitewood Stud,4,5.43,9.07,Materials,0000 Uncategorized
22PNEfiYTN62,Job 00275,Window & Framing Repairs,1x4x8 Radiatta Pine Finger Joint (Primed),12,10.37,17.32,Materials,0000 Uncategorized
22PNEfiYTN62,Job 00275,Gutter Repair,Subcontractor,1,450,652.5,Labor,220 Subcontractor Labor
22PNEfiYTN62,Job 00275,Roof Leak Service Call,Subcontractor,1,300,434.99999999999994,Materials,0000 Uncategorized
22PNEfiYTN62,Job 00275,Roof Leak Service Call,Subcontractor,1,450,652.5,Materials,0000 Uncategorized
22PNJHxQNTim,Job 00278,A2-1: Entry Door Threshold Replacement,"36"" In-swing Adjustable Threshold",,75,125.23954703832752,Materials,0000 Uncategorized
22PNJHxQNTim,Job 00278,A2-1: Entry Door Threshold Replacement,3M Bondo Interior/ Exterior Waterproof 41 oz.,,31.68,52.272000000000006,Materials,0000 Uncategorized
22PNJHxQNTim,Job 00278,A2-1: Entry Door Threshold Replacement,Lexel Clear Paintable Solvent Caulk,2,11.28,18.612000000000002,Materials,6000 Completion
22PNJHxQNTim,Job 00278,A2-1: Entry Door Threshold Replacement,Hourly Rate,6,55,89,Materials,0000 Uncategorized
22PNJHxQNTim,Job 00278,A2-2.3: Seal Gaps at Exterior Window Trim,Lexel Clear Paintable Solvent Caulk,4,11.28,18.612000000000002,Materials,6000 Completion
22PNJHxQNTim,Job 00278,A2-2.3: Seal Gaps at Exterior Window Trim,Hourly Rate,3,55,89,Materials,0000 Uncategorized
22PNJHxQNTim,Job 00278,B3: Structural Evaluation,Hourly Rate,2,55,89,Materials,0000 Uncategorized
22PNJHxQNTim,Job 00278,B6: Structural Evaluation,Hourly Rate,2,55,89,Materials,0000 Uncategorized
22PNJHxQNTim,Job 00278,C2-1.3: Downspout Repair,Hourly Rate,1,55,89,Materials,0000 Uncategorized
22PNJHxQNTim,Job 00278,D4-1.3: Electrical Disconnect Installation,Subcontractor,,250,362.5,Labor,0000 Uncategorized
22PNJHxQNTim,Job 00278,D4-1.4: TPR Valve Pipe Replacement,Everbilt 3/4 in. CPVC-CTS Slip x Slip Coupling Fitting,,0.54,0.9,Materials,0000 Uncategorized
22PNJHxQNTim,Job 00278,D4-1.4: TPR Valve Pipe Replacement,Oatey 8 oz. Purple CPVC and PVC Primer and Regular Clear PVC Cement Combo Pack,,13.28,22.18,Materials,0000 Uncategorized
22PNJHxQNTim,Job 00278,D4-1.4: TPR Valve Pipe Replacement,Everbilt 3/4 in. CPVC-CTS Slip x MIPT Adapter Fitting,,1.22,2.04,Materials,0000 Uncategorized
22PNJHxQNTim,Job 00278,D4-1.4: TPR Valve Pipe Replacement,Everbilt 3/4 in. CPVC-CTS 90-Degree Slip x Slip Elbow Fitting,,0.93,1.55,Materials,0000 Uncategorized
22PNJHxQNTim,Job 00278,D4-1.4: TPR Valve Pipe Replacement,Charlotte Pipe 3/4 in. x 10 ft. CPVC SDR11 Flowguard Gold Pipe,,10.94,18.27,Materials,0000 Uncategorized
22PNJHxQNTim,Job 00278,D4-1.4: TPR Valve Pipe Replacement,Hourly Rate,3,55,89,Materials,0000 Uncategorized
22PNJHxQNTim,Job 00278,E3-1.3: Label Electrical Panels,EatonLoad Center Circuit Directory (2-Pack),,11.5,19.21,Materials,0000 Uncategorized
22PNJHxQNTim,Job 00278,E3-1.3: Label Electrical Panels,Hourly Rate,2,55,89,Materials,0000 Uncategorized
22PNJHxQNTim,Job 00278,E4-1: Electrical Conduit Repair/Replace,Halex 1 in. Electrical Metallic Tube 1-Hole Straps (50-Pack),,17.52,32.41,Materials,0000 Uncategorized
22PNJHxQNTim,Job 00278,E4-1: Electrical Conduit Repair/Replace,HYDROMAXX 1 in. Dia x 25 ft. Non Metallic UL Liquid Tight Electrical Conduit Kit with 2 Straight and 2 Angle Fittings Included,,60.35,111.65,Materials,0000 Uncategorized
22PNJHxQNTim,Job 00278,E4-1: Electrical Conduit Repair/Replace,Hourly Rate,2,55,89,Materials,0000 Uncategorized
22PNJHxQNTim,Job 00278,E4-1.2: Electrical Evaluation,Hourly Rate,2,55,89,Materials,0000 Uncategorized
22PNJUsm8BH2,Michelle Warden - Job 00279,14. Electrical Conduit Installation,Halex 1 in. Electrical Metallic Tube 1-Hole Straps (50-Pack),1,17.52,28.908000000000005,Materials,0000 Uncategorized
22PNJUsm8BH2,Michelle Warden - Job 00279,14. Electrical Conduit Installation,HYDROMAXX 1 in. Dia x 25 ft. Non Metallic UL Liquid Tight Electrical Conduit Kit with 2 Straight and 2 Angle Fittings Included,1,60.35,99.57750000000001,Materials,0000 Uncategorized
22PNJUsm8BH2,Michelle Warden - Job 00279,14. Electrical Conduit Installation,Hourly Rate,2,55,89,Materials,0000 Uncategorized
22PNJUsm8BH2,Michelle Warden - Job 00279,17. Cast Iron Drain Pipe Repair,Subcontractor,1,500,725,Labor,0000 Uncategorized
22PNJUsm8BH2,Michelle Warden - Job 00279,18. Pressure Regulator Replacement,Push-to-Connect Pressure Regulator Valve,1,59.4,98.01000000000002,Materials,0000 Uncategorized
22PNJUsm8BH2,Michelle Warden - Job 00279,18. Pressure Regulator Replacement,Hourly Rate,2,55,89,Materials,0000 Uncategorized
22PNJUsm8BH2,Michelle Warden - Job 00279,19. Expansion Tank Installation,Subcontractor,1,300,428.5714285714286,Labor,0000 Uncategorized
22PNJUsm8BH2,Michelle Warden - Job 00279,20. Shower Diverter Replacement,Bathtub Diverter Spout,1,33.98,47.56,Materials,0000 Uncategorized
22PNJUsm8BH2,Michelle Warden - Job 00279,20. Shower Diverter Replacement,Teflon Pipe Tape,1,3.86,6.45,Materials,0000 Uncategorized
22PNJUsm8BH2,Michelle Warden - Job 00279,20. Shower Diverter Replacement,Hourly Rate,1,55,89,Materials,0000 Uncategorized
22PNJUsm8BH2,Michelle Warden - Job 00279,24. Kitchen Hood Vent to Exterior,Nashua Tape 2.83 in. x 10 yd. ASJ (All-Service Jacketing) Insulation Duct Tape,1,8.24,13.596000000000002,Materials,0000 Uncategorized
22PNJUsm8BH2,Michelle Warden - Job 00279,24. Kitchen Hood Vent to Exterior,Broan-NuTone3 in. to 4 in. Roof Vent Kit for Round Duct Steel in Black,1,31.98,53.41,Materials,0000 Uncategorized
22PNJUsm8BH2,Michelle Warden - Job 00279,24. Kitchen Hood Vent to Exterior,Master Flow 4 in. x 5 ft. Round Metal Duct Pipe,2,16.43,27.109500000000004,Materials,0000 Uncategorized
22PNJUsm8BH2,Michelle Warden - Job 00279,24. Kitchen Hood Vent to Exterior,Master Flow 4 in. 90 Deg. Round Adjustable Elbow,2,5.56,9.29,Materials,0000 Uncategorized
22PNJUsm8BH2,Michelle Warden - Job 00279,24. Kitchen Hood Vent to Exterior,Hourly Rate,4,55,89,Materials,0000 Uncategorized
22PNJUsm8BH2,Michelle Warden - Job 00279,26. Dryer Vent Repair,Nashua Tape 1.89 in. x 30 yd. Dryer Vent Installation Duct Tape,1,6.38,10.66,Materials,0000 Uncategorized
22PNJUsm8BH2,Michelle Warden - Job 00279,26. Dryer Vent Repair,Hourly Rate,1,55,89,Materials,0000 Uncategorized
22PNJUsm8BH2,Michelle Warden - Job 00279,14. Electrical Conduit Installation,Halex 1 in. Electrical Metallic Tube 1-Hole Straps (50-Pack),1,17.52,28.908000000000005,Materials,0000 Uncategorized
22PNJUsm8BH2,Michelle Warden - Job 00279,14. Electrical Conduit Installation,HYDROMAXX 1 in. Dia x 25 ft. Non Metallic UL Liquid Tight Electrical Conduit Kit with 2 Straight and 2 Angle Fittings Included,1,60.35,99.57750000000001,Materials,0000 Uncategorized
22PNJUsm8BH2,Michelle Warden - Job 00279,14. Electrical Conduit Installation,Hourly Rate,2,55,89,Materials,0000 Uncategorized
22PNJUsm8BH2,Michelle Warden - Job 00279,17. Cast Iron Drain Pipe Repair,Subcontractor,1,500,725,Labor,0000 Uncategorized
22PNJUsm8BH2,Michelle Warden - Job 00279,18. Pressure Regulator Replacement,Push-to-Connect Pressure Regulator Valve,1,59.4,98.01000000000002,Materials,0000 Uncategorized
22PNJUsm8BH2,Michelle Warden - Job 00279,18. Pressure Regulator Replacement,Hourly Rate,2,55,89,Materials,0000 Uncategorized
22PNMJyJpHah,Job 00282,2.4.1 - Deck Lattice Repairs,"3 1/2"" Black Tee Hinge",,6.94,11.59,Materials,0000 Uncategorized
22PNMJyJpHah,Job 00282,2.4.1 - Deck Lattice Repairs,4 ft. x 8 ft. Pressure Treated Garden Wood Lattice,,44.98,75.12,Materials,0000 Uncategorized
22PNMJyJpHah,Job 00282,2.4.1 - Deck Lattice Repairs,Hourly Rate,3,55,89,Materials,0000 Uncategorized
22PNMJyJpHah,Job 00282,2.4.2 - Deck Stairs Handrail Repair,Hourly Rate,2,55,89,Materials,0000 Uncategorized
22PNMJyJpHah,Job 00282,2.4.2 - Deck Stairs Handrail Repair,Deckmate 3 inch wood screw,,12.98,21.417000000000005,Materials,410 Framing
22PNMJyJpHah,Job 00282,2.4.2 - Deck Stairs Handrail Repair,6 in. HeadLoks,20,1,1.67,Materials,0000 Uncategorized
22PNMJyJpHah,Job 00282,2.4.3 - Deck Stairs Repair,Hourly Rate,3,55,89,Materials,0000 Uncategorized
22PNMJyJpHah,Job 00282,2.4.3 - Deck Stairs Repair,Deckmate 3 inch wood screw,,12.98,21.417000000000005,Materials,410 Framing
22PNMJyJpHah,Job 00282,2.4.3 - Deck Stairs Repair,2x6x10 PT,6,10.66,17.8,Materials,0000 Uncategorized
22PNMJyJpHah,Job 00282,2.4.4 - Deck Railing Repair,2x4x8 PT,6,6.19,10.34,Materials,0000 Uncategorized
22PNMJyJpHah,Job 00282,2.4.4 - Deck Railing Repair,6 in. HeadLoks,,1,1.67,Materials,0000 Uncategorized
22PNMJyJpHah,Job 00282,2.4.4 - Deck Railing Repair,Hourly Rate,2,55,89,Materials,0000 Uncategorized
22PNMJyJpHah,Job 00282,2.4.4 - Deck Railing Repair,Deckmate 3 inch wood screw,,12.98,21.417000000000005,Materials,410 Framing
22PNMJyJpHah,Job 00282,6.1.1 - Refrigerant Line Insulation Repair,"1/2"" Refrigerant Line/Pipe Insulation",,8.58,14.33,Materials,0000 Uncategorized
22PNMJyJpHah,Job 00282,6.1.1 - Refrigerant Line Insulation Repair,Hourly Rate,,55,89,Materials,0000 Uncategorized
22PNMJyJpHah,Job 00282,7.1.1 - Pressure Regulator Install,Push-to-Connect Pressure Regulator Valve,1,59.4,98.01000000000002,Materials,0000 Uncategorized
22PNMJyJpHah,Job 00282,7.1.1 - Pressure Regulator Install,Hourly Rate,4,55,89,Materials,0000 Uncategorized
22PNMJyJpHah,Job 00282,7.3.1 - Shower Head Replacement,Hourly Rate,0.5,55,89,Materials,0000 Uncategorized
22PNMJyJpHah,Job 00282,7.3.1 - Shower Head Replacement,Plumbing Fixture Allowance,,30,49.50000000000001,Materials,0000 Uncategorized
22PNMJyJpHah,Job 00282,7.4.4 - Junction Box Installation,Garvin Wire Splice Box,,22.4,37.4,Materials,0000 Uncategorized
22PNMJyJpHah,Job 00282,7.4.4 - Junction Box Installation,Hourly Rate,,55,89,Materials,0000 Uncategorized
22PNMJyJpHah,Job 00282,7.6.1 - Loose Toilet Repair,Hourly Rate,4,55,89,Materials,0000 Uncategorized
22PNMJyJpHah,Job 00282,8.3.1 - Loose Outlet Repair,Hourly Rate,,55,89,Materials,0000 Uncategorized
22PNMJyJpHah,Job 00282,8.3.1 - Loose Outlet Repair,Box Extender (2-Pack),,5.54,9.25,Materials,0000 Uncategorized
22PNMreBjbU3,Job 00283,Electrical Panel Upgrade,Subcontractor,,5500,7857.142857142858,Labor,0000 Uncategorized
22PNMreBjbU3,Job 00283,Attic Framing Repairs,Subcontractor,,1500,2142.857142857143,Labor,0000 Uncategorized
22PNMreBjbU3,Job 00283,Bath Exhaust Fan Venting,Grip-Rite#11 x 1-1/4 in. Electro-Galvanized Steel Roofing Nails (1 lb.-Pack),,4.98,8.32,Materials,0000 Uncategorized
22PNMreBjbU3,Job 00283,Bath Exhaust Fan Venting,Henry 208R Rubberized Wet Patch 10.1 oz Roof Cement Leak Repair,,7.24,12.09,Materials,0000 Uncategorized
22PNMreBjbU3,Job 00283,Bath Exhaust Fan Venting,Broan-NuTone3 in. to 4 in. Roof Vent Kit for Round Duct Steel in Black,,31.98,53.41,Materials,0000 Uncategorized
22PNMreBjbU3,Job 00283,Bath Exhaust Fan Venting,Hourly Rate,4,55,89,Materials,0000 Uncategorized
22PNMreBjbU3,Job 00283,Attic Power Vent Fan Install,Master Flow 1500 CFM Shingle Match Weathered Wood Power Roof Mount Attic Fan,,155.66,287.97,Materials,0000 Uncategorized
22PNMreBjbU3,Job 00283,Attic Power Vent Fan Install,Master Flow Manually Adjustable Thermostat for Power Vent,,34.56,57.52,Materials,0000 Uncategorized
22PNMreBjbU3,Job 00283,Attic Power Vent Fan Install,Henry 208R Rubberized Wet Patch 10.1 oz Roof Cement Leak Repair,,7.24,12.09,Materials,0000 Uncategorized
22PNMreBjbU3,Job 00283,Attic Power Vent Fan Install,15 Amp 2-Wire Outlet,,2.83,4.73,Materials,0000 Uncategorized
22PNMreBjbU3,Job 00283,Attic Power Vent Fan Install,14/2  Wire per 50 ft,,59.9,110.82,Materials,0000 Uncategorized
22PNMreBjbU3,Job 00283,Attic Power Vent Fan Install,1-Gang Blue New Work Box,,2.1,1.26,Materials,0000 Uncategorized
22PNMreBjbU3,Job 00283,Attic Power Vent Fan Install,1-Gang Outlet Cover Plate,,0.46,0.77,Materials,0000 Uncategorized
22PNMreBjbU3,Job 00283,Attic Power Vent Fan Install,Hourly Rate,,55,89,Materials,0000 Uncategorized
22PNMreBjbU3,Job 00283,Attic Power Vent Fan Install,Subcontractor,,2500,3571.4285714285716,Labor,0000 Uncategorized
22PNMreBjbU3,Job 00283,Crawlspace Structural Repairs,STL-22,6,276,455.4000000000001,Materials,0000 Uncategorized
22PNMreBjbU3,Job 00283,Crawlspace Structural Repairs,STL-JHD (Double) U-Head,6,76.5,126.22500000000002,Materials,0000 Uncategorized
22PNMreBjbU3,Job 00283,Crawlspace Structural Repairs,Base Plate - 12,6,56.22,108.72,Materials,0000 Uncategorized
22PNMreBjbU3,Job 00283,Crawlspace Structural Repairs,2x10x10 PT,8,21.32,35.61,Materials,0000 Uncategorized
22PNMreBjbU3,Job 00283,Crawlspace Structural Repairs,Hourly Rate,20,55,89,Materials,0000 Uncategorized
22PNMreBjbU3,Job 00283,Crawlspace Structural Repairs,2 7/8 in HeadLoks,50,0.47,0.79,Materials,0000 Uncategorized
22PNMreBjbU3,Job 00283,Crawlspace Structural Repairs,2x4x10 PT,6,8.71,14.55,Materials,0000 Uncategorized
22PNMreBjbU3,Job 00283,Crawlspace Structural Repairs,Deckmate 3 inch wood screw,3,12.98,21.417000000000005,Materials,410 Framing
22PNMreBjbU3,Job 00283,Crawlspace Structural Repairs,Hourly Rate,20,55,89,Materials,0000 Uncategorized
22PNMreBjbU3,Job 00283,Crawlspace Structural Repairs,Base Plate - 12,8,56.22,108.72,Materials,0000 Uncategorized
22PNMreBjbU3,Job 00283,Floor Shoring STL-22,STL-22,6,276,455.4000000000001,Materials,0000 Uncategorized
22PNMreBjbU3,Job 00283,Floor Shoring STL-22,STL-JHD (Double) U-Head,6,76.5,126.22500000000002,Materials,0000 Uncategorized
22PNMreBjbU3,Job 00283,Floor Shoring STL-22,Base Plate - 12,6,56.22,108.72,Materials,0000 Uncategorized
22PNMreBjbU3,Job 00283,Floor Shoring STL-22,2x10x10 PT,8,21.32,35.61,Materials,0000 Uncategorized
22PNMreBjbU3,Job 00283,Floor Shoring STL-22,Hourly Rate,20,55,89,Materials,0000 Uncategorized
22PNMreBjbU3,Job 00283,Floor Shoring STL-22,2 7/8 in HeadLoks,50,0.47,0.79,Materials,0000 Uncategorized
22PNMreBjbU3,Job 00283,Ledger Strip Replacement,2x4x10 PT,6,8.71,14.55,Materials,0000 Uncategorized
22PNMreBjbU3,Job 00283,Ledger Strip Replacement,Deckmate 3 inch wood screw,3,12.98,21.417000000000005,Materials,410 Framing
22PNMreBjbU3,Job 00283,Ledger Strip Replacement,Hourly Rate,20,55,89,Materials,0000 Uncategorized
22PNMreBjbU3,Job 00283,Point Shoring,Base Plate - 12,8,56.22,108.72,Materials,0000 Uncategorized
22PNMreBjbU3,Job 00283,Point Shoring,STL-4x4 U-Head,4,90.95,150.06750000000002,Materials,0000 Uncategorized
22PNMreBjbU3,Job 00283,Point Shoring,STL-22,8,276,455.4000000000001,Materials,0000 Uncategorized
22PNMreBjbU3,Job 00283,Point Shoring,Hourly Rate,12,55,89,Materials,0000 Uncategorized
22PNMreBjbU3,Job 00283,Headered Joist Repair,2x10x10 PT,2,21.32,35.61,Materials,0000 Uncategorized
22PNMreBjbU3,Job 00283,Headered Joist Repair,"2""x10"" Joist Hanger (Double)",8,6.78,11.32,Materials,0000 Uncategorized
22PNMreBjbU3,Job 00283,Headered Joist Repair,2x10 Joist Hanger,16,2.63,4.39,Materials,0000 Uncategorized
22PNMreBjbU3,Job 00283,Headered Joist Repair,2 7/8 in HeadLoks,20,0.47,0.79,Materials,0000 Uncategorized
22PNMreBjbU3,Job 00283,Headered Joist Repair,Hourly Rate,20,55,89,Materials,0000 Uncategorized
22PNMreBjbU3,Job 00283,Electrical Panel Upgrade,Subcontractor,,5500,7857.142857142858,Labor,0000 Uncategorized
22PNMvGysUf2,Job 00284,Window Replacement,Semi-gloss Ultra White Acrylic Interior/Exterior Door and Trim Paint (1-Gallon),0.5,33.12,54.648,Materials,2300 Painting
22PNMvGysUf2,Job 00284,Window Replacement,Custom Order Windows,,250,357.14285714285717,Materials,0000 Uncategorized
22PNMvGysUf2,Job 00284,Window Replacement,Royal Mouldings 10 ft. x 1-63/64 in. x 1-15/64 in. Vinyl Brick Molding,2,21.14,34.88100000000001,Materials,1500 Doors & Windows
22PNMvGysUf2,Job 00284,Window Replacement,Composite Shim,,2.23,3.6795000000000004,Materials,0000 Uncategorized
22PNMvGysUf2,Job 00284,Window Replacement,GREAT STUFF Smart Straw Window and Door Foam Sealant,,8.18,13.66,Materials,0000 Uncategorized
22PNMvGysUf2,Job 00284,Window Replacement,1050 Quick Dry Siliconized Acrylic Latex Caulk,,3.31,5.461500000000001,Materials,0000 Uncategorized
22PNMvGysUf2,Job 00284,Window Replacement,"Typar Butyl Flashing Tape - 4"" W x 75' L",,25.75,43,Materials,0000 Uncategorized
22PNMvGysUf2,Job 00284,Window Replacement,Hourly Rate,12,55,89,Materials,0000 Uncategorized
22PNMvGysUf2,Job 00284,Window Replacement,1-3/8 in. x 1-5/16 in. x 84 in. Vinyl Composite Sill Moulding Nosing,,18.96,31.66,Materials,0000 Uncategorized
22PNMvGysUf2,Job 00284,Window Replacement,1-1/4 in. x 5-1/4 in. x 84 in. Vinyl Sill Moulding,,40.96,68.4,Materials,0000 Uncategorized
22PNMvGysUf2,Job 00284,Gutter Replacement,"5"" Gutter Hanger",,0,4.26,Materials,0000 Uncategorized
22PNMvGysUf2,Job 00284,Gutter Replacement,Dap Butyl-Flex 10.1 oz. White Gutter and Flashing Sealant,,9.98,18.46,Materials,0000 Uncategorized
22PNMvGysUf2,Job 00284,Gutter Replacement,"5"" Gutters",8,5.83,8.45,Materials,0000 Uncategorized
22PNMvGysUf2,Job 00284,Gutter Replacement,Hourly Rate,2,55,89,Materials,0000 Uncategorized
22PNMvGysUf2,Job 00284,Window Replacement,1-3/8 in. x 1-5/16 in. x 84 in. Vinyl Composite Sill Moulding Nosing,,18.96,31.66,Materials,0000 Uncategorized
22PNMvGysUf2,Job 00284,Window Replacement,1-1/4 in. x 5-1/4 in. x 84 in. Vinyl Sill Moulding,,40.96,68.4,Materials,0000 Uncategorized
22PNMvGysUf2,Job 00284,Window Replacement,Semi-gloss Ultra White Acrylic Interior/Exterior Door and Trim Paint (1-Gallon),0.5,33.12,54.648,Materials,2300 Painting
22PNMvGysUf2,Job 00284,Window Replacement,Custom Order Windows,,250,357.14285714285717,Materials,0000 Uncategorized
22PNMvGysUf2,Job 00284,Window Replacement,Royal Mouldings 10 ft. x 1-63/64 in. x 1-15/64 in. Vinyl Brick Molding,2,21.14,34.88100000000001,Materials,1500 Doors & Windows
22PNMvGysUf2,Job 00284,Window Replacement,Composite Shim,,2.23,3.6795000000000004,Materials,0000 Uncategorized
22PNMvGysUf2,Job 00284,Window Replacement,GREAT STUFF Smart Straw Window and Door Foam Sealant,,8.18,13.66,Materials,0000 Uncategorized
22PNMvGysUf2,Job 00284,Window Replacement,1050 Quick Dry Siliconized Acrylic Latex Caulk,,3.31,5.461500000000001,Materials,0000 Uncategorized
22PNMvGysUf2,Job 00284,Window Replacement,"Typar Butyl Flashing Tape - 4"" W x 75' L",,25.75,43,Materials,0000 Uncategorized
22PNMvGysUf2,Job 00284,Window Replacement,Hourly Rate,12,55,89,Materials,0000 Uncategorized
22PNMvGysUf2,Job 00284,Gutter Replacement,"5"" Gutter Hanger",,0,4.26,Materials,0000 Uncategorized
22PNMvGysUf2,Job 00284,Gutter Replacement,Dap Butyl-Flex 10.1 oz. White Gutter and Flashing Sealant,,9.98,18.46,Materials,0000 Uncategorized
22PNMvGysUf2,Job 00284,Gutter Replacement,"5"" Gutters",8,5.83,8.45,Materials,0000 Uncategorized
22PNMvGysUf2,Job 00284,Gutter Replacement,Hourly Rate,2,55,89,Materials,0000 Uncategorized
22PNa9Pig7N3,Job 00287,Exhaust Fan With Light Replacement,Broan PowerHeat 2.0-Sone 110-CFM Bright White Lighted Bathroom Fan and Heater,1,295.74,295.74,Materials,0000 Uncategorized
22PNa9Pig7N3,Job 00287,Exhaust Fan With Light Replacement,Hourly Rate,8,55,55,Materials,0000 Uncategorized
22PNa9Pig7N3,Job 00287,Exhaust Fan With Light Replacement,Subcontractor,1,100,100,Labor,220 Subcontractor Labor
22PNa9Pig7N3,Job 00287,Discount,Client Discount,0,0,,Labor,0000 Uncategorized
22PNa9Pig7N3,Job 00287,Exhaust Fan With Light Replacement,Broan PowerHeat 2.0-Sone 110-CFM Bright White Lighted Bathroom Fan and Heater,1,295.74,295.74,Materials,0000 Uncategorized
22PNa9Pig7N3,Job 00287,Exhaust Fan With Light Replacement,Hourly Rate,2,55,55,Materials,0000 Uncategorized
22PNa9Pig7N3,Job 00287,Plumbing,Subcontractor,1,750,750,Labor,220 Subcontractor Labor
22PNa9Pig7N3,Job 00287,Plumbing,Subcontractor,1,400,400,Labor,220 Subcontractor Labor
22PNa9Pig7N3,Job 00287,Drywall Repair,White Oil-Based Interior/Exterior Primer and Sealer,1,34.98,34.98,Materials,0000 Uncategorized
22PNa9Pig7N3,Job 00287,Drywall Repair,Sanding Discs,1,8.97,8.97,Materials,0000 Uncategorized
22PNa9Pig7N3,Job 00287,Drywall Repair,Drywall Joint Tape,1,16.75,16.75,Materials,0000 Uncategorized
22PNa9Pig7N3,Job 00287,Drywall Repair,Drywall Mud (4.5 Gallon),1,17.92,17.92,Materials,0000 Uncategorized
22PNa9Pig7N3,Job 00287,Drywall Repair,Hourly Rate,29,55,55,Materials,0000 Uncategorized
22PNa9Pig7N3,Job 00287,Drywall Repair,Ceiling White Paint,1,42.49,42.49,Materials,0000 Uncategorized
22PNa9Pig7N3,Job 00287,Drywall Repair,1/2 in. x 4 ft. x 8 ft. UltraLight Drywall,1,11.25,11.25,Materials,0000 Uncategorized
22PNa9Pig7N3,Job 00287,Drywall Repair,Plastic Sheeting,1,53.24,53.24,Materials,0000 Uncategorized
22PNa9Pig7N3,Job 00287,Drywall Repair,Floor Covering,1,123.49,123.49,Materials,0000 Uncategorized
22PNa9Pig7N3,Job 00287,Exhaust Fan With Light Replacement,Broan PowerHeat 2.0-Sone 110-CFM Bright White Lighted Bathroom Fan and Heater,,280,,Materials,0000 Uncategorized
22PNa9Pig7N3,Job 00287,Exhaust Fan With Light Replacement,Hourly Rate,2,55,,Materials,0000 Uncategorized
22PNa9Pig7N3,Job 00287,Drywall Repair,White Oil-Based Interior/Exterior Primer and Sealer,,0,,Materials,0000 Uncategorized
22PNa9Pig7N3,Job 00287,Drywall Repair,Sanding Discs,,0,,Materials,0000 Uncategorized
22PNa9Pig7N3,Job 00287,Drywall Repair,Drywall Joint Tape,,0,,Materials,0000 Uncategorized
22PNa9Pig7N3,Job 00287,Drywall Repair,Drywall Mud (4.5 Gallon),,0,,Materials,0000 Uncategorized
22PNa9Pig7N3,Job 00287,Drywall Repair,Ceiling White Paint,,0,,Materials,0000 Uncategorized
22PNa9Pig7N3,Job 00287,Drywall Repair,Hourly Rate,,0,,Materials,0000 Uncategorized
22PNa9Pig7N3,Job 00287,Bath Exhaust Fan Venting,Everbilt 4 in. x 8 ft. Flexible Vent Duct,1,33.89,33.89,Materials,0000 Uncategorized
22PNa9Pig7N3,Job 00287,Bath Exhaust Fan Venting,Nashua Tape1.89 in. x 30 yd. Dryer Vent Installation Duct Tape,1,6.87,6.87,Materials,0000 Uncategorized
22PNa9Pig7N3,Job 00287,Bath Exhaust Fan Venting,Black Strapping,1,27.54,27.54,Materials,0000 Uncategorized
22PNa9Pig7N3,Job 00287,Bath Exhaust Fan Venting,Hourly Rate,6.25,55,55,Materials,0000 Uncategorized
22PNa9Pig7N3,Job 00287,Exhaust Fan With Light Replacement,Broan PowerHeat 2.0-Sone 110-CFM Bright White Lighted Bathroom Fan and Heater,1,295.74,295.74,Materials,0000 Uncategorized
22PNa9Pig7N3,Job 00287,Exhaust Fan With Light Replacement,Hourly Rate,8,55,55,Materials,0000 Uncategorized
22PNa9Pig7N3,Job 00287,Exhaust Fan With Light Replacement,Subcontractor,1,100,100,Labor,220 Subcontractor Labor
22PNa9Pig7N3,Job 00287,Drywall Repair,White Oil-Based Interior/Exterior Primer and Sealer,1,34.98,34.98,Materials,0000 Uncategorized
22PNa9Pig7N3,Job 00287,Drywall Repair,Sanding Discs,1,8.97,8.97,Materials,0000 Uncategorized
22PNa9Pig7N3,Job 00287,Drywall Repair,1/2 in. x 4 ft. x 8 ft. UltraLight Drywall,1,11.25,11.25,Materials,0000 Uncategorized
22PNa9Pig7N3,Job 00287,Drywall Repair,Drywall Joint Tape,1,16.75,16.75,Materials,0000 Uncategorized
22PNa9Pig7N3,Job 00287,Drywall Repair,Drywall Mud (4.5 Gallon),1,17.92,17.92,Materials,0000 Uncategorized
22PNa9Pig7N3,Job 00287,Drywall Repair,Ceiling White Paint,1,42.49,42.49,Materials,0000 Uncategorized
22PNa9Pig7N3,Job 00287,Drywall Repair,Plastic Sheeting,1,53.24,53.24,Materials,0000 Uncategorized
22PNa9Pig7N3,Job 00287,Drywall Repair,Floor Covering,1,123.49,123.49,Materials,0000 Uncategorized
22PNa9Pig7N3,Job 00287,Drywall Repair,Hourly Rate,29,55,55,Materials,0000 Uncategorized
22PNazmwrGj9,Altamont Windows,Window Installation and Trim,Hourly Rate,315,55,89,Materials,0000 Uncategorized
22PNazmwrGj9,Altamont Windows,Window Installation and Trim,1-1/4 in. x 1-1/2 in. x 10 ft. Window Head Flashing,12,6.48,10.826068965517242,Materials,0000 Uncategorized
22PNazmwrGj9,Altamont Windows,Window Installation and Trim,Pro Window and Door 21 oz. Spray Foam Sealant,15,15.58,22.25714285714286,Labor,0000 Uncategorized
22PNazmwrGj9,Altamont Windows,Window Installation and Trim,Lexel Clear Paintable Solvent Caulk,24,11.28,18.612000000000002,Materials,6000 Completion
22PNazmwrGj9,Altamont Windows,Window Installation and Trim,Typar Flashing Butyl 6 in. x 75 ft.,6,39.77,56.814285714285724,Labor,0000 Uncategorized
22PNazmwrGj9,Altamont Windows,Window Installation and Trim,"Huber 6"" x 20' ZIP System Stretch Tape",6,52.45,97.03,Materials,0000 Uncategorized
22PNazmwrGj9,Altamont Windows,Window Installation and Trim,"Typar Butyl Flashing Tape - 4"" W x 75' L",7,25.75,43,Materials,0000 Uncategorized
22PNazmwrGj9,Altamont Windows,Window Installation and Trim,2x4x10 Dimensional Lumber,6,5.62,9.273000000000001,Materials,410 Framing
22PNazmwrGj9,Altamont Windows,Window Installation and Trim,2x6x10 Dimensional Lumber,12,13.05,21.532500000000006,Materials,410 Framing
22PNazmwrGj9,Altamont Windows,Window Installation and Trim,Royal Mouldings 10 ft. x 1-63/64 in. x 1-15/64 in. Vinyl Brick Molding,32,21.14,34.88100000000001,Materials,1500 Doors & Windows
22PNazmwrGj9,Altamont Windows,Window Installation and Trim,1-1/4 in. x 1-1/2 in. x 10 ft. Window Head Flashing,12,6.48,,Materials,0000 Uncategorized
22PNazmwrGj9,Altamont Windows,Window Installation and Trim,Pro Window and Door 21 oz. Spray Foam Sealant,15,15.58,,Labor,0000 Uncategorized
22PNazmwrGj9,Altamont Windows,Window Installation and Trim,Lexel Clear Paintable Solvent Caulk,24,11.280000000000001,,Materials,6000 Completion
22PNazmwrGj9,Altamont Windows,Window Installation and Trim,Typar Flashing Butyl 6 in. x 75 ft.,6,39.77,,Labor,0000 Uncategorized
22PNazmwrGj9,Altamont Windows,Window Installation and Trim,"Huber 6"" x 20' ZIP System Stretch Tape",6,52.449999999999996,,Materials,0000 Uncategorized
22PNazmwrGj9,Altamont Windows,Window Installation and Trim,"Typar Butyl Flashing Tape - 4"" W x 75' L",7,25.75,,Materials,0000 Uncategorized
22PNazmwrGj9,Altamont Windows,Window Installation and Trim,2x4x10 Dimensional Lumber,6,5.62,,Materials,410 Framing
22PNazmwrGj9,Altamont Windows,Window Installation and Trim,2x6x10 Dimensional Lumber,12,13.049999999999999,,Materials,410 Framing
22PNazmwrGj9,Altamont Windows,Window Installation and Trim,Royal Mouldings 10 ft. x 1-63/64 in. x 1-15/64 in. Vinyl Brick Molding,32,21.14,,Materials,1500 Doors & Windows
22PNazmwrGj9,Altamont Windows,Window Installation and Trim,1x6x18 Vinyl Trim Plank,5,54.9,,Materials,0000 Uncategorized
22PNbGMRV2pX,Job 00289,Light Fixture Replace/Install,Subcontractor,,400,550,Labor,0000 Uncategorized
22PNbGMRV2pX,Job 00289,Light Fixture Replace/Install,Subcontractor,,400,550,Labor,0000 Uncategorized
22PNdpMDKs65,Job 00290,"22.3.1,2,4,5 - Masonry Repairs (Pool/Retaining Wall) - removed",Subcontractor,1,5950,8627.5,Labor,0000 Uncategorized
22PNdpMDKs65,Job 00290,"10.8.1,2 - Interior & Exterior Light Repair",60-Watt Equivalent A19 Non-Dimmable LED Light Bulb Daylight (8-Pack),0,10.37,17.32,Materials,0000 Uncategorized
22PNdpMDKs65,Job 00290,"10.8.1,2 - Interior & Exterior Light Repair",Hourly Rate,0,55,89,Materials,0000 Uncategorized
22PNdpMDKs65,Job 00290,6.8.2 - Gas Meter Rust Mitigation,Pro Grade Precision 9 in. x 11 in. 150 Grit Faster Sanding Sheets with No-Slip Grip Backing (10-Pack),1,13.98,19.97142857142857,Labor,0000 Uncategorized
22PNdpMDKs65,Job 00290,6.8.2 - Gas Meter Rust Mitigation,Black Spray Paint (Rustoleum),1,6.48,10.82,Materials,0000 Uncategorized
22PNdpMDKs65,Job 00290,6.8.2 - Gas Meter Rust Mitigation,Hourly Rate,1,55,89,Materials,0000 Uncategorized
22PNdpMDKs65,Job 00290,3.9.2 - Repair Rotted Door,Paint Brush,1,16.97,24.242857142857144,Materials,0000 Uncategorized
22PNdpMDKs65,Job 00290,3.9.2 - Repair Rotted Door,1050 Quick Dry Siliconized Acrylic Latex Caulk,1,3.31,5.461500000000001,Materials,0000 Uncategorized
22PNdpMDKs65,Job 00290,3.9.2 - Repair Rotted Door,Custom Gallon Paint/Stain,1,60,99.00000000000001,Materials,2300 Painting
22PNdpMDKs65,Job 00290,3.9.2 - Repair Rotted Door,Hourly Rate,3,55,89,Materials,0000 Uncategorized
22PNdpMDKs65,Job 00290,3.9.2 - Repair Rotted Door,Interior Paint Match Fee,1,95,156.75,Materials,0000 Uncategorized
22PNdpMDKs65,Job 00290,3.9.2 - Repair Rotted Door,3M Bondo Interior/ Exterior Waterproof 41 oz.,1,31.68,52.272000000000006,Materials,0000 Uncategorized
22PNdpMDKs65,Job 00290,Radon Fan Installation,RP145 RadonAway Radon Fan,2,118.5,197.9,Materials,0000 Uncategorized
22PNdpMDKs65,Job 00290,Radon Fan Installation,"3""x4"" Black Fernco",4,7.31,12.21,Materials,0000 Uncategorized
22PNdpMDKs65,Job 00290,Radon Fan Installation,Oatey 8 oz. Purple CPVC and PVC Primer and Regular Clear PVC Cement Combo Pack,2,13.28,22.18,Materials,0000 Uncategorized
22PNdpMDKs65,Job 00290,Radon Fan Installation,Hourly Rate,8,55,89,Materials,0000 Uncategorized
22PNdpMDKs65,Job 00290,"3.1.1,3 - Sewer Drain System Repair",Subcontractor,1,8000,11520,Labor,0000 Uncategorized
22PNdpMDKs65,Job 00290,14.1.1 - Flue Pipe Repair - Change Order,GE Paintable Silicone Supreme 9.5 oz. White Exterior Window and Door Sealant,1,11.12,18.57,Materials,0000 Uncategorized
22PNdpMDKs65,Job 00290,14.1.1 - Flue Pipe Repair - Change Order,Hourly Rate,2,55,89,Materials,0000 Uncategorized
22PNdpMDKs65,Job 00290,14.1.1 - Flue Pipe Repair - Change Order,Hourly Rate,1,150,217.49999999999997,Materials,0000 Uncategorized
22PNdpMDKs65,Job 00290,"10.5.1,2 - GFCI Outlet Replacement",15 Amp GFCI Outlet,4,22.36,37.34,Materials,0000 Uncategorized
22PNdpMDKs65,Job 00290,"10.5.1,2 - GFCI Outlet Replacement",1-Gang GFCI/Rocker Switch Cover Plate,4,0.78,1.42,Materials,0000 Uncategorized
22PNdpMDKs65,Job 00290,"10.5.1,2 - GFCI Outlet Replacement",Hourly Rate,2,55,89,Materials,0000 Uncategorized
22PNdpMDKs65,Job 00290,Retaining Wall Exterior Paint - removed,Subcontractor,1,2150,3071.4285714285716,Labor,0000 Uncategorized
22PNdpMDKs65,Job 00290,6.8.2 Gas Meter Grounding,Subcontractor,1,650,950,Labor,0000 Uncategorized
22PNe2MDzdst,Job 00291,17) Exterior Door Repair,Hourly Rate,3,55,89,Materials,0000 Uncategorized
22PNe2MDzdst,Job 00291,17) Exterior Door Repair,Plastic Shims,1,2.75,7.25,Materials,0000 Uncategorized
22PNe2MDzdst,Job 00291,17) Exterior Door Repair,#9 x 2-1/2 in. Torx Drive Bugle Head Deck Elite Wood Deck Screw (100-Pack),1,15.02,21.45714285714286,Labor,0000 Uncategorized
22PNe2MDzdst,Job 00291,40) Furnace Exhaust Pipe Repair,Hourly Rate,3,55,89,Materials,0000 Uncategorized
22PNe2MDzdst,Job 00291,40) Furnace Exhaust Pipe Repair,6 in. to 7 in. Adjustable Chrome Plated Worm Clamp,2,3.14,4.485714285714286,Labor,0000 Uncategorized
22PNe2MDzdst,Job 00291,40) Furnace Exhaust Pipe Repair,Nashua Tape 1.89 in. x 50 yd. 322 Multi-Purpose HVAC Foil Duct Tape,1,12.1,20.21,Materials,0000 Uncategorized
22PNe2MDzdst,Job 00291,40) Furnace Exhaust Pipe Repair,"1/2"" Self Tapping Screws (Hex Head)",1,9.97,16.65,Materials,0000 Uncategorized
22PNe2MDzdst,Job 00291,42) Waste Drain Pipe Repair,Subcontractor,1,500,725,Labor,0000 Uncategorized
22PNe2MDzdst,Job 00291,43) Bathtub Drain Pipe  Repair,Subcontractor,1,400,580,Labor,0000 Uncategorized
22PNe2MDzdst,Job 00291,52) Leak Evaluation,Hourly Rate,2,55,89,Materials,0000 Uncategorized
22PNe2MDzdst,Job 00291,17) Exterior Door Repair,Hourly Rate,3,55,89,Materials,0000 Uncategorized
22PNe2MDzdst,Job 00291,17) Exterior Door Repair,Plastic Shims,1,2.75,7.25,Materials,0000 Uncategorized
22PNe2MDzdst,Job 00291,17) Exterior Door Repair,#9 x 2-1/2 in. Torx Drive Bugle Head Deck Elite Wood Deck Screw (100-Pack),1,15.02,21.45714285714286,Labor,0000 Uncategorized
22PNe2MDzdst,Job 00291,40) Furnace Exhaust Pipe Repair,Hourly Rate,3,55,89,Materials,0000 Uncategorized
22PNe2MDzdst,Job 00291,40) Furnace Exhaust Pipe Repair,6 in. to 7 in. Adjustable Chrome Plated Worm Clamp,2,3.14,4.485714285714286,Labor,0000 Uncategorized
22PNe2MDzdst,Job 00291,40) Furnace Exhaust Pipe Repair,Nashua Tape 1.89 in. x 50 yd. 322 Multi-Purpose HVAC Foil Duct Tape,1,12.1,20.21,Materials,0000 Uncategorized
22PNe2MDzdst,Job 00291,40) Furnace Exhaust Pipe Repair,"1/2"" Self Tapping Screws (Hex Head)",1,9.97,16.65,Materials,0000 Uncategorized
22PNe2MDzdst,Job 00291,42) Waste Drain Pipe Repair,Subcontractor,1,500,725,Labor,0000 Uncategorized
22PNe2MDzdst,Job 00291,43) Bathtub Drain Pipe  Repair,Subcontractor,1,400,580,Labor,0000 Uncategorized
22PNe2MDzdst,Job 00291,52) Leak Evaluation and Drywall Repair,Hourly Rate,2,55,89,Materials,0000 Uncategorized
22PNeFbPKwAZ,Job 00292,Secure Banister Railing,Liquid Nails Extreme Heavy Duty 10 oz. White Interior and Exterior Construction Adhesive,,5.74,9.59,Materials,0000 Uncategorized
22PNeFbPKwAZ,Job 00292,Secure Banister Railing,Hourly Rate,1.5,55,89,Materials,0000 Uncategorized
22PNeFbPKwAZ,Job 00292,Secure Kitchen Island Corbel,Gorilla 16 oz. Natural Wood Filler Tub,,9.29,17.19,Materials,0000 Uncategorized
22PNeFbPKwAZ,Job 00292,Secure Kitchen Island Corbel,Hourly Rate,2,55,89,Materials,0000 Uncategorized
22PNeFbPKwAZ,Job 00292,Secure Banister Railing,Liquid Nails Extreme Heavy Duty 10 oz. White Interior and Exterior Construction Adhesive,,5.74,9.59,Materials,0000 Uncategorized
22PNeFbPKwAZ,Job 00292,Secure Banister Railing,Hourly Rate,1.5,55,89,Materials,0000 Uncategorized
22PNeFbPKwAZ,Job 00292,Secure Kitchen Island Corbel,Gorilla 16 oz. Natural Wood Filler Tub,,9.29,17.19,Materials,0000 Uncategorized
22PNeFbPKwAZ,Job 00292,Secure Kitchen Island Corbel,Hourly Rate,2,55,89,Materials,0000 Uncategorized
22PNeaZKCqpE,Job 00293,Kitchen Sink/Countertop Sealant Replacement,GE Advanced Silicone 2 10.1 oz. Clear Exterior/Interior Window and Door Sealant/Caulk,,11.62,19.41,Materials,0000 Uncategorized
22PNeaZKCqpE,Job 00293,Kitchen Sink/Countertop Sealant Replacement,Hourly Rate,2,55,89,Materials,0000 Uncategorized
22PNeaZKCqpE,Job 00293,Kitchen Sink/Countertop Sealant Replacement,GE Advanced Silicone 2 10.1 oz. Clear Exterior/Interior Window and Door Sealant/Caulk,,11.62,19.41,Materials,0000 Uncategorized
22PNeaZKCqpE,Job 00293,Kitchen Sink/Countertop Sealant Replacement,Hourly Rate,2,55,89,Materials,0000 Uncategorized
22PNeaZKCqpE,Job 00293,Kitchen Sink/Countertop Sealant Replacement,GE Advanced Silicone 2 10.1 oz. Clear Exterior/Interior Window and Door Sealant/Caulk,,11.62,,Materials,0000 Uncategorized
22PNeaZKCqpE,Job 00293,Kitchen Sink/Countertop Sealant Replacement,Hourly Rate,2,55,,Materials,0000 Uncategorized
22PNeaZKCqpE,Job 00293,Kitchen Sink/Countertop Sealant Replacement,GE Advanced Silicone 2 10.1 oz. Clear Exterior/Interior Window and Door Sealant/Caulk,,11.62,19.41,Materials,0000 Uncategorized
22PNeaZKCqpE,Job 00293,Kitchen Sink/Countertop Sealant Replacement,Hourly Rate,2,54.99999999999999,89,Materials,0000 Uncategorized
22PNhNqiYh3N,Job 00294,Install Front Door Handleset,Hourly Rate,3,55,89,Materials,0000 Uncategorized
22PNhNqiYh3N,Job 00294,Install Front Door Handleset,Hourly Rate,3,55,89,Materials,0000 Uncategorized
22PNhNqiYh3N,Job 00294,Install Front Door Handleset,Hourly Rate,3,55,,Materials,0000 Uncategorized
22PNhbmFacq7,Job 00295,Hall Bathroom Linen Cabinet,Miscellaneous,,60,72,Materials,0000 Uncategorized
22PNhbmFacq7,Job 00295,Hall Bathroom Linen Cabinet,Custom Order Product,,50,60.00000000000001,Materials,0000 Uncategorized
22PNhbmFacq7,Job 00295,Hall Bathroom Linen Cabinet,Subcontractor,,300,360,Labor,220 Subcontractor Labor
22PNhbmFacq7,Job 00295,Hall Bathroom Linen Cabinet,Subcontractor,,150,180.00000000000003,Labor,220 Subcontractor Labor
22PNhbmFacq7,Job 00295,New Outlet Installation,Subcontractor,,500,725,Labor,220 Subcontractor Labor
22PNhbmFacq7,Job 00295,Move Light Fixture,Subcontractor,,350,507.49999999999994,Labor,220 Subcontractor Labor
22PNhbmFacq7,Job 00295,Move Light Fixture,Subcontractor,,300,434.99999999999994,Labor,220 Subcontractor Labor
22PNhbmFacq7,Job 00295,Install New Sink Light Fixture,Subcontractor,,300,434.99999999999994,Labor,220 Subcontractor Labor
22PNhbmFacq7,Job 00295,Install New Flood Light Fixture,Electrical Fixture Allowance,,125,208.74999999999997,Materials,0000 Uncategorized
22PNhbmFacq7,Job 00295,Install New Flood Light Fixture,Subcontractor,,300,434.99999999999994,Labor,220 Subcontractor Labor
22PNhbmFacq7,Job 00295,Gutters & Downspouts Cleaning,Hourly Rate,2,55,89,Materials,0000 Uncategorized
22PNhbmFacq7,Job 00295,Hall Bathroom Linen Cabinet,Miscellaneous,,60,72,Materials,0000 Uncategorized
22PNhbmFacq7,Job 00295,Hall Bathroom Linen Cabinet,Custom Order Product,,50,60.00000000000001,Materials,0000 Uncategorized
22PNhbmFacq7,Job 00295,Hall Bathroom Linen Cabinet,Subcontractor,,500,600,Labor,220 Subcontractor Labor
22PNhbmFacq7,Job 00295,Hall Bathroom Linen Cabinet,Subcontractor,,300,360.00000000000006,Labor,220 Subcontractor Labor
22PNhbmFacq7,Job 00295,New Outlet Installation,Subcontractor,,500,725,Labor,220 Subcontractor Labor
22PNhbmFacq7,Job 00295,Move Light Fixture,Subcontractor,,350,507.49999999999994,Labor,220 Subcontractor Labor
22PNhbmFacq7,Job 00295,Move Light Fixture,Subcontractor,,300,434.99999999999994,Labor,220 Subcontractor Labor
22PNhbmFacq7,Job 00295,Install New Sink Light Fixture,Subcontractor,,300,434.99999999999994,Labor,220 Subcontractor Labor
22PNhbyc4tzM,Job 00296,Replace Fireplace Mantle,Miscellaneous,,75,123.75000000000001,Materials,0000 Uncategorized
22PNhbyc4tzM,Job 00296,Replace Fireplace Mantle,Hourly Rate,8,55,89,Materials,0000 Uncategorized
22PNhbyc4tzM,Job 00296,Replace Fireplace Mantle,Plastic Sheeting,0.5,53.24,99.33,Materials,0000 Uncategorized
22PNhbyc4tzM,Job 00296,New Outlet Installation - removed,Subcontractor,,500,725,Labor,220 Subcontractor Labor
22PNhbyc4tzM,Job 00296,New Outlet Installation - removed,Drywall Mud (4.5 Gallon),,17.92,29.56800000000001,Materials,0000 Uncategorized
22PNhbyc4tzM,Job 00296,New Outlet Installation - removed,Hourly Rate,12,55,89,Materials,0000 Uncategorized
22PNhbyc4tzM,Job 00296,Replace Fireplace Mantle,Plastic Sheeting,0.5,53.24,99.33,Materials,0000 Uncategorized
22PNhbyc4tzM,Job 00296,Replace Fireplace Mantle,Miscellaneous,,75,123.75000000000001,Materials,0000 Uncategorized
22PNhbyc4tzM,Job 00296,Replace Fireplace Mantle,Hourly Rate,8,55,89,Materials,0000 Uncategorized
22PNhbyc4tzM,Job 00296,New Outlet Installation,Drywall Mud (4.5 Gallon),,17.92,29.56800000000001,Materials,0000 Uncategorized
22PNhbyc4tzM,Job 00296,New Outlet Installation,Hourly Rate,12,55,89,Materials,0000 Uncategorized
22PNhbyc4tzM,Job 00296,New Outlet Installation,Subcontractor,,500,725,Labor,220 Subcontractor Labor
22PNhbyc4tzM,Job 00296,Replace Fireplace Mantle,Plastic Sheeting,0.5,53.24,99.33,Materials,0000 Uncategorized
22PNhbyc4tzM,Job 00296,Replace Fireplace Mantle,Miscellaneous,,75,123.75000000000001,Materials,0000 Uncategorized
22PNhbyc4tzM,Job 00296,Replace Fireplace Mantle,Hourly Rate,8,55,89,Materials,0000 Uncategorized
22PNhbyc4tzM,Job 00296,Replace Fireplace Mantle,Plastic Sheeting,0.5,53.24,,Materials,0000 Uncategorized
22PNhbyc4tzM,Job 00296,Replace Fireplace Mantle,Miscellaneous,,75,,Materials,0000 Uncategorized
22PNhbyc4tzM,Job 00296,Replace Fireplace Mantle,Hourly Rate,8,55,,Materials,0000 Uncategorized
22PNhbyc4tzM,Job 00296,Replace Fireplace Mantle,Plastic Sheeting,0.5,53.24,99.34,Materials,0000 Uncategorized
22PNhbyc4tzM,Job 00296,Replace Fireplace Mantle,Miscellaneous,,75,123.75,Materials,0000 Uncategorized
22PNhbyc4tzM,Job 00296,Replace Fireplace Mantle,Hourly Rate,8,54.99999999999999,89,Materials,0000 Uncategorized
22PNhcTwDeVk,Job 00297,Exploratory Demo (Leak),Hourly Rate,5,55,89,Materials,0000 Uncategorized
22PNhcTwDeVk,Job 00297,Exploratory Demo (Leak),Hourly Rate,5,55,89,Materials,0000 Uncategorized
22PNhcTwDeVk,Job 00297,Plumbing Repair,Subcontractor,1,250,362.5,Labor,220 Subcontractor Labor
22PNhcTwDeVk,Job 00297,Drywall/ Paint,White Oil-Based Interior/Exterior Primer and Sealer,0.25,34.98,57.717000000000006,Materials,0000 Uncategorized
22PNhcTwDeVk,Job 00297,Drywall/ Paint,Return trip for finishing,1,55,89,Materials,0000 Uncategorized
22PNhcTwDeVk,Job 00297,Drywall/ Paint,Sanding Discs,0.25,8.97,14.800500000000003,Materials,0000 Uncategorized
22PNhcTwDeVk,Job 00297,Drywall/ Paint,1/2 in. x 4 ft. x 8 ft. UltraLight Drywall,0.5,11.25,18.562500000000004,Materials,0000 Uncategorized
22PNhcTwDeVk,Job 00297,Drywall/ Paint,Drywall Joint Tape,0.25,16.75,27.637500000000003,Materials,0000 Uncategorized
22PNhcTwDeVk,Job 00297,Drywall/ Paint,Drywall Mud (4.5 Gallon),0.25,17.92,29.56800000000001,Materials,0000 Uncategorized
22PNhcTwDeVk,Job 00297,Drywall/ Paint,Hourly Rate,8,55,89,Materials,0000 Uncategorized
22PNhcTwDeVk,Job 00297,Drywall/ Paint,Ceiling White Paint,1,42.49,70.96,Materials,0000 Uncategorized
22PNhcTwDeVk,Job 00297,Drywall/ Paint,Custom Gallon Paint/Stain,1,60,99.00000000000001,Materials,2300 Painting
22PNhcTwDeVk,Job 00297,Drywall/ Paint,Plastic Sheeting,0.25,53.24,99.33,Materials,0000 Uncategorized
22PNhcTwDeVk,Job 00297,Plumbing Repair,Subcontractor,1,250,362.5,Labor,220 Subcontractor Labor
22PNhcTwDeVk,Job 00297,Drywall/ Paint,Hourly Rate,8,55,89,Materials,0000 Uncategorized
22PNhcTwDeVk,Job 00297,Drywall/ Paint,Return trip for finishing,1,55,89,Materials,0000 Uncategorized
22PNhcTwDeVk,Job 00297,Drywall/ Paint,Plastic Sheeting,0.25,53.24,99.33,Materials,0000 Uncategorized
22PNhcTwDeVk,Job 00297,Drywall/ Paint,Floor Covering - Econo Runner,0.25,121.79,200.96,Materials,0000 Uncategorized
22PNhcTwDeVk,Job 00297,Drywall/ Paint,Sanding Discs,0.25,8.97,14.800500000000003,Materials,0000 Uncategorized
22PNhcTwDeVk,Job 00297,Drywall/ Paint,"Drywall Screws 1 1/4""",0.25,29.98,49.467000000000006,Materials,0000 Uncategorized
22PNhcTwDeVk,Job 00297,Drywall/ Paint,1/2 in. x 4 ft. x 8 ft. UltraLight Drywall,0.5,11.25,18.562500000000004,Materials,0000 Uncategorized
22PNhcTwDeVk,Job 00297,Drywall/ Paint,Drywall Joint Tape,0.25,16.75,27.637500000000003,Materials,0000 Uncategorized
22PNhcTwDeVk,Job 00297,Drywall/ Paint,Drywall Mud (4.5 Gallon),0.25,17.92,29.56800000000001,Materials,0000 Uncategorized
22PNhcTwDeVk,Job 00297,Drywall/ Paint,White Oil-Based Interior/Exterior Primer and Sealer,0.25,34.98,57.717000000000006,Materials,0000 Uncategorized
22PNhcTwDeVk,Job 00297,Drywall/ Paint,Hourly Rate,8,55,,Materials,0000 Uncategorized
22PNhcTwDeVk,Job 00297,Drywall/ Paint,Plastic Sheeting,0.25,53.24,,Materials,0000 Uncategorized
22PNhcTwDeVk,Job 00297,Drywall/ Paint,Floor Covering - Econo Runner,0.25,121.8,,Materials,0000 Uncategorized
22PNhcTwDeVk,Job 00297,Drywall/ Paint,Sanding Discs,0.25,8.96,,Materials,0000 Uncategorized
22PNhcTwDeVk,Job 00297,Drywall/ Paint,"Drywall Screws 1 1/4""",0.25,30,,Materials,0000 Uncategorized
22PNhcTwDeVk,Job 00297,Drywall/ Paint,1/2 in. x 4 ft. x 8 ft. UltraLight Drywall,0.5,11.26,,Materials,0000 Uncategorized
22PNhcTwDeVk,Job 00297,Drywall/ Paint,Drywall Joint Tape,0.25,16.76,,Materials,0000 Uncategorized
22PNhcTwDeVk,Job 00297,Drywall/ Paint,Drywall Mud (4.5 Gallon),0.25,17.92,,Materials,0000 Uncategorized
22PNhcTwDeVk,Job 00297,Drywall/ Paint,White Oil-Based Interior/Exterior Primer and Sealer,0.25,35,,Materials,0000 Uncategorized
22PNhcTwDeVk,Job 00297,Drywall/ Paint,Ceiling White Paint,1,42.49,,Materials,0000 Uncategorized
22PNhcTwDeVk,Job 00297,Grout Repairs,Subcontractor,1,350,500,Labor,220 Subcontractor Labor
22PNhcTwDeVk,Job 00297,Grout Repairs,Subcontractor,1,350,500,Labor,220 Subcontractor Labor
22PNhcTwDeVk,Job 00297,Exploratory Demo (Leak),Hourly Rate,5,54.99999999999999,89,Materials,0000 Uncategorized
22PNhdWVeKFB,Job 00298,Demolition,Subcontractor,,2500,3375,Labor,0000 Uncategorized
22PNhdWVeKFB,Job 00298,Demolition,Floor Covering - Econo Runner,,121.79,200.96,Materials,0000 Uncategorized
22PNhdWVeKFB,Job 00298,Demolition,Plastic Sheeting,,53.24,99.33,Materials,0000 Uncategorized
22PNhdWVeKFB,Job 00298,Demolition,Trash Bags,,29.98,50.07,Materials,0000 Uncategorized
22PNhdWVeKFB,Job 00298,Demolition,Haul Away,,228,350,Materials,0000 Uncategorized
22PNhdWVeKFB,Job 00298,Demolition,Dumpster Fees,,175,288.75,Materials,0000 Uncategorized
22PNhdWVeKFB,Job 00298,Demolition,Hourly Rate,6,55,89,Materials,0000 Uncategorized
22PNhdWVeKFB,Job 00298,General Framing,Subcontractor,,800,1080,Labor,0000 Uncategorized
22PNhdWVeKFB,Job 00298,Plumbing,allowances,,1000,1350,Labor,0000 Uncategorized
22PNhdWVeKFB,Job 00298,Plumbing,Subcontractor,,6500,8775,Labor,0000 Uncategorized
22PNhdWVeKFB,Job 00298,Electrical,allowances,,300,405,Labor,0000 Uncategorized
22PNhdWVeKFB,Job 00298,Electrical,Subcontractor,,3000,4050,Labor,0000 Uncategorized
22PNhdWVeKFB,Job 00298,Cabinetry,allowances,,1500,2025,Labor,0000 Uncategorized
22PNhdWVeKFB,Job 00298,Cabinetry,Subcontractor,,500,675,Labor,0000 Uncategorized
22PNhdWVeKFB,Job 00298,Tile (Shower/Floor),allowances,,1000,1350,Labor,0000 Uncategorized
22PNhdWVeKFB,Job 00298,Tile (Shower/Floor),Subcontractor,,8500,11475,Labor,0000 Uncategorized
22PNhdWVeKFB,Job 00298,Trim/Accessories,allowances,,1000,1350,Labor,0000 Uncategorized
22PNhdWVeKFB,Job 00298,Trim/Accessories,Subcontractor,,2500,3375,Labor,0000 Uncategorized
22PNhdWVeKFB,Job 00298,Shower Glass,Subcontractor,,2500,3375,Labor,0000 Uncategorized
22PNhdWVeKFB,Job 00298,paint/drywall,Subcontractor,,2500,3375,Labor,0000 Uncategorized
22PNhdWVeKFB,Job 00298,Post Project Cleaning,Hourly Rate,6,55,89,Materials,0000 Uncategorized
22PNwj6cgxBz,Job 00301,"3.1.2, 3.1.3, 3.1.4, 3.2.1, 9.8.1 Vinyl Siding Repair",Hourly Rate,3,55,89,Materials,0000 Uncategorized
22PNwj6cgxBz,Job 00301,"3.1.2, 3.1.3, 3.1.4, 3.2.1, 9.8.1 Vinyl Siding Repair",GREAT STUFF Gaps and Cracks Foam Sealant,,8.18,13.66,Materials,0000 Uncategorized
22PNwj6cgxBz,Job 00301,"3.1.2, 3.1.3, 3.1.4, 3.2.1, 9.8.1 Vinyl Siding Repair",Lexel Clear Paintable Solvent Caulk,,11.28,18.612000000000002,Materials,6000 Completion
22PNwj6cgxBz,Job 00301,3.6.1 Window Repair,Return trip for finishing,0,55,89,Materials,0000 Uncategorized
22PNwj6cgxBz,Job 00301,3.6.1 Window Repair,Window Balance,0,9.35,15.61,Materials,0000 Uncategorized
22PNwj6cgxBz,Job 00301,3.6.1 Window Repair,Hourly Rate,0,55,89,Materials,0000 Uncategorized
22PNwj6cgxBz,Job 00301,4.1.1 Exterior Trim Repairs,1050 Quick Dry Siliconized Acrylic Latex Caulk,,3.31,5.461500000000001,Materials,0000 Uncategorized
22PNwj6cgxBz,Job 00301,4.1.1 Exterior Trim Repairs,Lexel Clear Paintable Solvent Caulk,1,11.28,18.612000000000002,Materials,6000 Completion
22PNwj6cgxBz,Job 00301,4.1.1 Exterior Trim Repairs,Hourly Rate,,55,89,Materials,0000 Uncategorized
22PNwj6cgxBz,Job 00301,6.6.1 Foundation Wall Repair,Hourly Rate,2,55,89,Materials,0000 Uncategorized
22PNwj6cgxBz,Job 00301,6.6.1 Foundation Wall Repair,SAKRETE 10.3 fl. oz. Mortar Repair Sealant,,6.18,10.32,Materials,0000 Uncategorized
22PNwj6cgxBz,Job 00301,14.2.1 Roofing Evaluation,Hourly Rate,1,250,362.5,Materials,0000 Uncategorized
22PNwj6cgxBz,Job 00301,3.3.1 Door Casing Repairs,Hourly Rate,4,55,89,Materials,0000 Uncategorized
22PNwj6cgxBz,Job 00301,3.3.1 Door Casing Repairs,Vinyl Door Jamb,1,65.96,108.834,Materials,1500 Doors & Windows
22PNwj6cgxBz,Job 00301,3.3.1 Door Casing Repairs,Composite Shim,1,2.23,3.6795000000000004,Materials,0000 Uncategorized
22PNwj6cgxBz,Job 00301,3.3.1 Door Casing Repairs,1050 Quick Dry Siliconized Acrylic Latex Caulk,1,3.31,5.461500000000001,Materials,0000 Uncategorized
22PNwj6cgxBz,Job 00301,3.3.1 Door Casing Repairs,3M Bondo Interior/ Exterior Waterproof 41 oz.,1,31.68,52.272000000000006,Materials,0000 Uncategorized
22PNwj6cgxBz,Job 00301,3.3.1 Door Casing Repairs,Semi-gloss Ultra White Acrylic Interior/Exterior Door and Trim Paint (1-Gallon),1,33.12,54.648,Materials,2300 Painting
22PNwj6cgxBz,Job 00301,3.3.1 Door Casing Repairs,Sanding Discs,1,8.97,14.800500000000003,Materials,0000 Uncategorized
22PNwj6cgxBz,Job 00301,3.4.1 Door Repair,Composite Shim,1,2.23,3.6795000000000004,Materials,0000 Uncategorized
22PNwj6cgxBz,Job 00301,3.4.1 Door Repair,Deckmate 3 inch wood screw,1,12.98,21.417000000000005,Materials,410 Framing
22PNwj6cgxBz,Job 00301,3.4.1 Door Repair,Hourly Rate,,55,89,Materials,0000 Uncategorized
22PNwj6cgxBz,Job 00301,6.4.1 Vent Pipe Installation,Charlotte Pipe 1-1/2 in. PVC Schedule 40 S x S Coupling,,2.17,4.02,Materials,0000 Uncategorized
22PNwj6cgxBz,Job 00301,6.4.1 Vent Pipe Installation,Hourly Rate,,55,89,Materials,0000 Uncategorized
22PNwj6cgxBz,Job 00301,6.4.1 Vent Pipe Installation,JM EAGLE 1-1/2 in. x 10 ft. 330-PSI White Schedule 40 PVC DWV Plain End Pipe,,14.83,24.77,Materials,0000 Uncategorized
22PNwj6cgxBz,Job 00301,6.4.1 Vent Pipe Installation,Black Spray Paint (Rustoleum),,6.48,10.82,Materials,0000 Uncategorized
22PNwj6cgxBz,Job 00301,6.6.2 Dryer Vent Replacement,Everbilt Wide Mouth Dryer Vent Hood in White,,15.89,26.54,Materials,0000 Uncategorized
22PNwj6cgxBz,Job 00301,6.6.2 Dryer Vent Replacement,Nashua Tape1.89 in. x 30 yd. Dryer Vent Installation Duct Tape,,6.38,10.66,Materials,0000 Uncategorized
22PNwj6cgxBz,Job 00301,6.6.2 Dryer Vent Replacement,Master Flow 4 in. x 5 ft. Round Metal Duct Pipe,,16.43,30.4,Materials,0000 Uncategorized
22PNwj6cgxBz,Job 00301,6.6.2 Dryer Vent Replacement,Everbilt4 in x 4 in Solid Aluminum Duct Connector,,5.09,8.5,Materials,0000 Uncategorized
22PNwj6cgxBz,Job 00301,6.6.2 Dryer Vent Replacement,Master Flow 4 in. 90 Deg. Round Adjustable Elbow,,5.56,9.29,Materials,0000 Uncategorized
22PNwj6cgxBz,Job 00301,6.6.2 Dryer Vent Replacement,Lexel Clear Paintable Solvent Caulk,,11.28,18.612000000000002,Materials,6000 Completion
22PNwj6cgxBz,Job 00301,6.6.2 Dryer Vent Replacement,Hourly Rate,10,55,89,Materials,0000 Uncategorized
22PNwj6cgxBz,Job 00301,7.1.1 Expansion Tank Installation,Viega ProPress 3/4 in. Press Copper 90-Degree Elbow Fitting,,3.66,6.11,Materials,0000 Uncategorized
22PNwj6cgxBz,Job 00301,7.1.1 Expansion Tank Installation,Viega ProPress 3/4 in. Press Copper Tee Fitting,,6.04,10.09,Materials,0000 Uncategorized
22PNwj6cgxBz,Job 00301,7.1.1 Expansion Tank Installation,Viega ProPress 3/4 in. Press Copper Coupling Fitting with Stop (10-Pack),,3.07,5.13,Materials,0000 Uncategorized
22PNwj6cgxBz,Job 00301,7.1.1 Expansion Tank Installation,Everbilt 2 gal. Thermal Expansion Tank,,41.87,69.92,Materials,0000 Uncategorized
22PNwj6cgxBz,Job 00301,7.1.1 Expansion Tank Installation,"Di-electric Union: Bronze, Press-Fit x FNPT,, 3/4 in Copper Tube Size",,19.99,33.38,Materials,0000 Uncategorized
22PNwj6cgxBz,Job 00301,7.1.1 Expansion Tank Installation,Cerro 3/4 in. x 10 ft. Copper Type M Hard Temper Straight Pipe,,29.55,49.35,Materials,0000 Uncategorized
22PNwj6cgxBz,Job 00301,7.1.1 Expansion Tank Installation,Hourly Rate,4,55,89,Materials,0000 Uncategorized
22PNzFDBXhVV,Job 00303,Gaco Sealant Application/Drip Edge Repairs,Subcontractor,,2500,3571.43,Labor,220 Subcontractor Labor
22PNzFDBXhVV,Job 00303,Gaco Sealant Application/Drip Edge Repairs,Subcontractor,1,250,250,Labor,220 Subcontractor Labor
22PNzFDBXhVV,Job 00303,Gaco Sealant Application/Drip Edge Repairs,Markup Credit,1,,-1071.43,Labor,220 Subcontractor Labor
22PNzFDBXhVV,Job 00303,Gutter/Fascia/Soffit Replacement,Subcontractor,0,1500,2142.857142857143,Labor,220 Subcontractor Labor
22PNzFDBXhVV,Job 00303,Gutter/Fascia/Soffit Replacement,Subcontractor,0,1500,2142.857142857143,Labor,220 Subcontractor Labor
22PNzFDBXhVV,Job 00303,Gaco Sealant Application/Drip Edge Repairs,Subcontractor,,2500,3571.4285714285716,Labor,220 Subcontractor Labor
22PNzFDBXhVV,Job 00303,Gaco Sealant Application/Drip Edge Repairs,Subcontractor,1,250,250,Labor,220 Subcontractor Labor
22PNzFDBXhVV,Job 00303,Gaco Sealant Application/Drip Edge Repairs,Markup Credit,1,0,-1071.43,Labor,220 Subcontractor Labor
22PNzFDBXhVV,Job 00303,Gaco Sealant Application/Drip Edge Repairs,Subcontractor,,2500,3571.43,Labor,220 Subcontractor Labor
22PNzFDBXhVV,Job 00303,Gaco Sealant Application/Drip Edge Repairs,Subcontractor,1,250,250,Labor,220 Subcontractor Labor
22PNzFDBXhVV,Job 00303,Gaco Sealant Application/Drip Edge Repairs,Markup Credit,1,0,-1071.43,Labor,220 Subcontractor Labor
22PNzFSYeA7F,Job 00304,Demolition,Floor Covering - Econo Runner,,121.79,200.96,Materials,0000 Uncategorized
22PNzFSYeA7F,Job 00304,Demolition,Plastic Sheeting,,53.24,99.33,Materials,0000 Uncategorized
22PNzFSYeA7F,Job 00304,Demolition,Trash Bags,,29.98,50.07,Materials,0000 Uncategorized
22PNzFSYeA7F,Job 00304,Demolition,Haul Away,,228,350,Materials,0000 Uncategorized
22PNzFSYeA7F,Job 00304,Demolition,Dumpster Fees,,175,288.75,Materials,0000 Uncategorized
22PNzFSYeA7F,Job 00304,Demolition,Hourly Rate,,55,89,Materials,0000 Uncategorized
22PNzFSYeA7F,Job 00304,General Framing,Subcontractor,,250,362.5,Labor,220 Subcontractor Labor
22PNzFSYeA7F,Job 00304,Roof Replacement,Grip-Rite#11 x 1-1/4 in. Electro-Galvanized Steel Roofing Nails (1 lb.-Pack),1,4.98,8.32,Materials,0000 Uncategorized
22PNzFSYeA7F,Job 00304,Roof Replacement,Henry 208R Rubberized Wet Patch 10.1 oz Roof Cement Leak Repair,1,7.24,12.09,Materials,0000 Uncategorized
22PNzFSYeA7F,Job 00304,Roof Replacement,Hourly Rate,1,55,89,Materials,0000 Uncategorized
22PNzFSYeA7F,Job 00304,Roof Replacement,Shingle,1,1.68,2.8,Materials,0000 Uncategorized
22PNzFSYeA7F,Job 00304,Roof Replacement,Subcontractor,1,250,362.5,Labor,220 Subcontractor Labor
22PNzFSYeA7F,Job 00304,Roof Replacement,"Roof decking 7/16"" Sheet",,55,79.75,Materials,0000 Uncategorized
22PNzFSYeA7F,Job 00304,Siding,1x10x12 Cedar Board,,66.84,110.28600000000003,Materials,0000 Uncategorized
22PNzFSYeA7F,Job 00304,Siding,1x4x12 Cedar Board,,18.27,30.145500000000006,Materials,450 Siding & Trim
22PNzFSYeA7F,Job 00304,Siding,1x8x12 cedar board,,45.72,75.43800000000002,Materials,450 Siding & Trim
22PNzFSYeA7F,Job 00304,Siding,"3/8"" 4x8 cedar plywood",,114.48,211.79,Materials,0000 Uncategorized
22PNzFSYeA7F,Job 00304,Siding,4'x8' Smartside T-111 Siding,,41.78,69.77,Materials,0000 Uncategorized
22PNzFSYeA7F,Job 00304,Siding,"5/8"" x 1/2"" White J Channel",,7.98,13.33,Materials,0000 Uncategorized
22PNzFSYeA7F,Job 00304,Siding,"Allura Cedar Mill Lap Siding (8 1/4"" x 12')",,9.58,16,Materials,0000 Uncategorized
22PNzFSYeA7F,Job 00304,Siding,"Allura Fiber Cement Smooth Ventilated Soffit, 12""x12'",,38.07,63.58,Materials,0000 Uncategorized
22PNzFSYeA7F,Job 00304,Siding,"Cedar 10"" Beveled Siding",,6.5,10.86,Materials,0000 Uncategorized
22PNzFSYeA7F,Job 00304,Siding,Cedar Shake,,4.78,7.97,Materials,0000 Uncategorized
22PNzFSYeA7F,Job 00304,Vinyl Fascia/Soffit Replacement,Hourly Rate,,55,89,Materials,0000 Uncategorized
22PNzFSYeA7F,Job 00304,Vinyl Fascia/Soffit Replacement,Ply Gem 12.75 in x 0.5 in Rectangular Triple 4 in. Economy Solid Vinyl Soffit - Non-Ventilated,,22.17,41.02,Materials,0000 Uncategorized
22PNzFvFZ8KL,Job 00305,Gas Fireplace Evaluation,Hourly Rate,1,55,125,Materials,0000 Uncategorized
22PNzFvFZ8KL,Job 00305,Gas Fireplace Evaluation,Hourly Rate,1,55,125,Materials,0000 Uncategorized
22PNzySwdPHU,Kaye's Treehouse,Treehouse & Cabin Repairs,Hourly Rate,94.183,55,55,Materials,0000 Uncategorized
22PNzySwdPHU,Kaye's Treehouse,Treehouse & Cabin Repairs,1/2 in. x 4 ft. x 8 ft. UltraLight Drywall,1,11.25,11.25,Materials,0000 Uncategorized
22PNzySwdPHU,Kaye's Treehouse,Treehouse & Cabin Repairs,"Drywall Screws 1 1/4""",1,29.98,29.98,Materials,0000 Uncategorized
22PNzySwdPHU,Kaye's Treehouse,Treehouse & Cabin Repairs,Drywall Joint Tape,1,16.75,16.75,Materials,0000 Uncategorized
22PNzySwdPHU,Kaye's Treehouse,Treehouse & Cabin Repairs,Drywall Mud (4.5 Gallon),1,17.92,17.92,Materials,0000 Uncategorized
22PNzySwdPHU,Kaye's Treehouse,Treehouse & Cabin Repairs,White Oil-Based Interior/Exterior Primer and Sealer,1,34.98,34.98,Materials,0000 Uncategorized
22PNzySwdPHU,Kaye's Treehouse,Treehouse & Cabin Repairs,Sherwin Williams 1/19,1,255.57,255.57,Materials,2300 Painting
22PNzySwdPHU,Kaye's Treehouse,Treehouse & Cabin Repairs,Plastic Sheeting,1,53.24,53.24,Materials,0000 Uncategorized
22PNzySwdPHU,Kaye's Treehouse,Treehouse & Cabin Repairs,Floor Covering - Econo Runner,1,121.79,121.79,Materials,0000 Uncategorized
22PNzySwdPHU,Kaye's Treehouse,Treehouse & Cabin Repairs,HD 1/20,1,474.75,474.75,Materials,0000 Uncategorized
22PNzySwdPHU,Kaye's Treehouse,Drywall Installation,Hourly Rate,16,55,,Materials,0000 Uncategorized
22PNzySwdPHU,Kaye's Treehouse,Drywall Installation,1/2 in. x 4 ft. x 8 ft. UltraLight Drywall,1,11.25,,Materials,0000 Uncategorized
22PNzySwdPHU,Kaye's Treehouse,Drywall Installation,"Drywall Screws 1 1/4""",1,29.98,,Materials,0000 Uncategorized
22PNzySwdPHU,Kaye's Treehouse,Drywall Installation,Drywall Joint Tape,1,16.75,,Materials,0000 Uncategorized
22PNzySwdPHU,Kaye's Treehouse,Drywall Installation,Drywall Mud (4.5 Gallon),1,17.92,,Materials,0000 Uncategorized
22PNzySwdPHU,Kaye's Treehouse,Drywall Installation,White Oil-Based Interior/Exterior Primer and Sealer,1,34.98,,Materials,0000 Uncategorized
22PNzySwdPHU,Kaye's Treehouse,Interior Paint,Custom Gallon Paint/Stain,,60,,Materials,2300 Painting
22PNzySwdPHU,Kaye's Treehouse,Interior Paint,Plastic Sheeting,,53.24,,Materials,0000 Uncategorized
22PNzySwdPHU,Kaye's Treehouse,Interior Paint,Floor Covering - Econo Runner,,121.79,,Materials,0000 Uncategorized
22PNzySwdPHU,Kaye's Treehouse,Treehouse & Cabin Repairs,Hourly Rate,94.183,55,55,Materials,0000 Uncategorized
22PNzySwdPHU,Kaye's Treehouse,Treehouse & Cabin Repairs,1/2 in. x 4 ft. x 8 ft. UltraLight Drywall,1,11.25,11.25,Materials,0000 Uncategorized
22PNzySwdPHU,Kaye's Treehouse,Treehouse & Cabin Repairs,Drywall Screws,1,29.98,29.98,Materials,0000 Uncategorized
22PNzySwdPHU,Kaye's Treehouse,Treehouse & Cabin Repairs,Drywall Joint Tape,1,16.75,16.75,Materials,0000 Uncategorized
22PNzySwdPHU,Kaye's Treehouse,Treehouse & Cabin Repairs,Drywall Mud,1,17.92,17.92,Materials,0000 Uncategorized
22PNzySwdPHU,Kaye's Treehouse,Treehouse & Cabin Repairs,White Oil-Based Interior/Exterior Primer and Sealer,1,34.98,34.98,Materials,0000 Uncategorized
22PNzySwdPHU,Kaye's Treehouse,Treehouse & Cabin Repairs,Windows Inc 1/19,1,66.14,66.14,Materials,0000 Uncategorized
22PNzySwdPHU,Kaye's Treehouse,Treehouse & Cabin Repairs,Sherwin Williams 1/19,1,255.57,255.57,Materials,2300 Painting
22PNzySwdPHU,Kaye's Treehouse,Treehouse & Cabin Repairs,HD 1/20,1,474.75,474.75,Materials,0000 Uncategorized
22PNzySwdPHU,Kaye's Treehouse,Treehouse & Cabin Repairs,Ray Walker Trucking 1/21,1,722.83,722.83,Materials,0000 Uncategorized
22PPLmZgFDVe,Job 00309,Rear and Side Exterior Door Repairs/Paint/Stain,Subcontractor,1,1450,2071.4285714285716,Labor,220 Subcontractor Labor
22PPLmZgFDVe,Job 00309,Rear and Side Exterior Door Repairs/Paint/Stain,Door Jamb,,65.96,108.834,Materials,1500 Doors & Windows
22PPLmZgFDVe,Job 00309,Rear and Side Exterior Door Repairs/Paint/Stain,Hourly Rate,6,55,89,Materials,0000 Uncategorized
22PPLmZgFDVe,Job 00309,Rear and Side Exterior Door Repairs/Paint/Stain,445 MDF Casing per LF,8,2.17,3.58,Materials,0000 Uncategorized
22PPLmZgFDVe,Job 00309,Rear and Side Exterior Door Repairs/Paint/Stain,Subcontractor,1,130,185.71428571428572,Labor,220 Subcontractor Labor
22PPLmZgFDVe,Job 00309,Front Exterior Repairs/Stain/Seal,Hourly Rate,36,55,89,Materials,0000 Uncategorized
22PPLmZgFDVe,Job 00309,Front Exterior Repairs/Stain/Seal,Subcontractor,,1550,2214.285714285714,Labor,220 Subcontractor Labor
22PPLmZgFDVe,Job 00309,Front Exterior Repairs/Stain/Seal,2x4x12 PT,4,10.84,18.11,Materials,0000 Uncategorized
22PPLmZgFDVe,Job 00309,Front Exterior Repairs/Stain/Seal,2x6x12 PT,4,13.16,21.98,Materials,0000 Uncategorized
22PPLmZgFDVe,Job 00309,Front Exterior Repairs/Stain/Seal,Pine Tongue and Groove Beaded,,400,660.0000000000001,Labor,0000 Uncategorized
22PPLmZgFDVe,Job 00309,Front Exterior Repairs/Stain/Seal,Miscellaneous supplies,,100,165.00000000000003,Materials,0000 Uncategorized
22PPLmZgFDVe,Job 00309,Front Exterior Repairs/Stain/Seal,Hourly Rate,5,55,89,Materials,0000 Uncategorized
22PPLmZgFDVe,Job 00309,Interior Casing Repair,445 MDF Casing per LF,16,2.17,3.58,Materials,0000 Uncategorized
22PPLmZgFDVe,Job 00309,Interior Casing Repair,Hourly Rate,2,55,89,Materials,0000 Uncategorized
22PPLmZgFDVe,Job 00309,Interior Casing Repair,Subcontractor,,100,142.85714285714286,Labor,220 Subcontractor Labor
22PPLmZgFDVe,Job 00309,Interior Casing Repair,445 MDF Casing per LF,16,2.17,3.58,Materials,0000 Uncategorized
22PPLmZgFDVe,Job 00309,Interior Casing Repair,Hourly Rate,2,55,89,Materials,0000 Uncategorized
22PPLmZgFDVe,Job 00309,Interior Casing Repair,Subcontractor,,100,142.85714285714286,Labor,220 Subcontractor Labor
22PPLmZgFDVe,Job 00309,Front Exterior Repairs/Stain/Seal,Miscellaneous supplies,,100,165.00000000000003,Materials,0000 Uncategorized
22PPLmZgFDVe,Job 00309,Front Exterior Repairs/Stain/Seal,2x4x12 PT,4,10.84,18.11,Materials,0000 Uncategorized
22PPLmZgFDVe,Job 00309,Front Exterior Repairs/Stain/Seal,2x6x12 PT,4,13.16,21.98,Materials,0000 Uncategorized
22PPLmZgFDVe,Job 00309,Front Exterior Repairs/Stain/Seal,Pine Tongue and Groove Beaded,,400,660.0000000000001,Labor,0000 Uncategorized
22PPLmZgFDVe,Job 00309,Front Exterior Repairs/Stain/Seal,Hourly Rate,36,55,89,Materials,0000 Uncategorized
22PPLmZgFDVe,Job 00309,Front Exterior Repairs/Stain/Seal,Subcontractor,,1550,2214.285714285714,Labor,220 Subcontractor Labor
22PPLmZgFDVe,Job 00309,Rear and Side Exterior Door Repairs/Paint/Stain,445 MDF Casing per LF,8,2.17,3.58,Materials,0000 Uncategorized
22PPLmZgFDVe,Job 00309,Rear and Side Exterior Door Repairs/Paint/Stain,Door Jamb,,65.96,108.834,Materials,1500 Doors & Windows
22PPLmZgFDVe,Job 00309,Rear and Side Exterior Door Repairs/Paint/Stain,Hourly Rate,6,55,89,Materials,0000 Uncategorized
22PPLmZgFDVe,Job 00309,Rear and Side Exterior Door Repairs/Paint/Stain,Subcontractor,,1450,2071.4285714285716,Labor,220 Subcontractor Labor
22PPLmZgFDVe,Job 00309,Interior Casing Repair,445 MDF Casing per LF,16,2.17,,Materials,0000 Uncategorized
22PPLmZgFDVe,Job 00309,Interior Casing Repair,Hourly Rate,2,55,,Materials,0000 Uncategorized
22PPLmZgFDVe,Job 00309,Front Exterior Repairs/Stain/Seal,Miscellaneous supplies,1,100,,Materials,0000 Uncategorized
22PPLmZgFDVe,Job 00309,Front Exterior Repairs/Stain/Seal,2x4x12 PT,4,10.84,,Materials,0000 Uncategorized
22PPLmZgFDVe,Job 00309,Front Exterior Repairs/Stain/Seal,2x6x12 PT,4,13.16,,Materials,0000 Uncategorized
22PPLmZgFDVe,Job 00309,Front Exterior Repairs/Stain/Seal,Pine Tongue and Groove Beaded,30,8.09,,Labor,0000 Uncategorized
22PPLmZgFDVe,Job 00309,Front Exterior Repairs/Stain/Seal,Hourly Rate,36,55,,Materials,0000 Uncategorized
22PPLmZgFDVe,Job 00309,Rear and Side Exterior Door Repairs/Paint/Stain,445 MDF Casing per LF,8,2.17,,Materials,0000 Uncategorized
22PPLmZgFDVe,Job 00309,Rear and Side Exterior Door Repairs/Paint/Stain,Door Jamb,1,65.96,,Materials,1500 Doors & Windows
22PPLmZgFDVe,Job 00309,Rear and Side Exterior Door Repairs/Paint/Stain,Hourly Rate,6,55,,Materials,0000 Uncategorized
22PPLmZgFDVe,Job 00309,Front Exterior Repairs/Stain/Seal,Hourly Rate,5,55,89,Materials,0000 Uncategorized
22PPM2ybLVen,Job 00310,Interior Paint,Custom Gallon Paint/Stain,1,60,99.00000000000001,Materials,2300 Painting
22PPM2ybLVen,Job 00310,Interior Paint,Paint Brush,1,16.97,24.242857142857144,Materials,0000 Uncategorized
22PPM2ybLVen,Job 00310,Interior Paint,Plastic Sheeting,1,53.24,99.33,Materials,0000 Uncategorized
22PPM2ybLVen,Job 00310,Interior Paint,Semi-gloss Ultra White Acrylic Interior/Exterior Door and Trim Paint (1-Gallon),1,33.12,54.648,Materials,2300 Painting
22PPM2ybLVen,Job 00310,Interior Paint,Interior Paint Match Fee,1,95,156.75,Materials,0000 Uncategorized
22PPM2ybLVen,Job 00310,Interior Paint,Floor Covering - Econo Runner,1,121.79,200.96,Materials,0000 Uncategorized
22PPM2ybLVen,Job 00310,Interior Paint,White Oil-Based Interior/Exterior Primer and Sealer,1,34.98,57.717000000000006,Materials,0000 Uncategorized
22PPM2ybLVen,Job 00310,Interior Paint,Hourly Rate,16,55,89,Materials,0000 Uncategorized
22PPQBthKXCf,Job 00312,Electrical Work,Add Outlet (Utility Room),1,250,362.5,Labor,0000 Uncategorized
22PPQBthKXCf,Job 00312,Electrical Work,Motion Sensor Flood Light Install (Not Switched),1,350,507.49999999999994,Labor,0000 Uncategorized
22PPQBthKXCf,Job 00312,Electrical Work,Wired Security Cameras Install,1,400,580,Labor,0000 Uncategorized
22PPQBthKXCf,Job 00312,Electrical Work,Add Outlet (Bathroom),1,300,434.99999999999994,Labor,0000 Uncategorized
22PPQBthKXCf,Job 00312,Electrical Work,Install (2) Ring Doorbells,2,65,94.25,Labor,0000 Uncategorized
22PPQBthKXCf,Job 00312,Electrical Work,Wired Security Camera with Flood Light Install - Change Order,1,50,72.5,Labor,0000 Uncategorized
22PPQBthKXCf,Job 00312,Metal Flashing Repair,Labor,3,55,89,Materials,0000 Uncategorized
22PPQBthKXCf,Job 00312,Metal Flashing Repair,Sealant/Anchors/Other Misc Supplies,1,30,49.50000000000001,Materials,0000 Uncategorized
22PPQBthKXCf,Job 00312,Wood Floor Squeak repair,Labor,3,55,89,Materials,0000 Uncategorized
22PPQBthKXCf,Job 00312,Miscellaneous Door Adjustments,"3"" Hinge Screws or Similar Fasteners",1,16.22,30.01,Materials,0000 Uncategorized
22PPQBthKXCf,Job 00312,Miscellaneous Door Adjustments,Labor,5,55,89,Materials,0000 Uncategorized
22PPQBthKXCf,Job 00312,Electrical Work,Add Outlet (Bathroom),,300,434.99999999999994,Labor,0000 Uncategorized
22PPQBthKXCf,Job 00312,Electrical Work,Add Outlet (Utility Room),,250,362.5,Labor,0000 Uncategorized
22PPQBthKXCf,Job 00312,Electrical Work,Speaker Wire and Data Cable Install,,500,725,Labor,0000 Uncategorized
22PPQBthKXCf,Job 00312,Electrical Work,Motion Sensor Flood Light Install (Not Switched),,350,507.49999999999994,Labor,0000 Uncategorized
22PPQBthKXCf,Job 00312,Electrical Work,Wired Security Cameras Install,,400,580,Labor,0000 Uncategorized
22PPQBthKXCf,Job 00312,Electrical Work,WAP Relocation,,250,362.5,Labor,0000 Uncategorized
22PPQBthKXCf,Job 00312,Electrical Work,Replace (2) Thermostats,2,125,181.25,Labor,0000 Uncategorized
22PPQBthKXCf,Job 00312,Metal Flashing Repair,Labor,3,55,89,Materials,0000 Uncategorized
22PPQBthKXCf,Job 00312,Metal Flashing Repair,Sealant/Anchors/Other Misc Supplies,,30,49.50000000000001,Materials,0000 Uncategorized
22PPQBthKXCf,Job 00312,Wood Floor Squeak repair,Labor,3,55,89,Materials,0000 Uncategorized
22PPQBthKXCf,Job 00312,Miscellaneous Door Adjustments,"3"" Hinge Screws or Similar Fasteners",,16.22,30.01,Materials,0000 Uncategorized
22PPQBthKXCf,Job 00312,Miscellaneous Door Adjustments,Labor,3,55,89,Materials,0000 Uncategorized
22PPQBthKXCf,Job 00312,Caulking Perimeter of Bathtub,White Bathtub and Tile Sealant,2,12,21.380846325167038,Materials,0000 Uncategorized
22PPQBthKXCf,Job 00312,Caulking Perimeter of Bathtub,Labor,4,55,89,Materials,0000 Uncategorized
22PPQBthKXCf,Job 00312,Electrical Work,Add Outlet (Bathroom),,300,434.99999999999994,Labor,0000 Uncategorized
22PPQBthKXCf,Job 00312,Electrical Work,Add Outlet (Utility Room),,250,362.5,Labor,0000 Uncategorized
22PPQBthKXCf,Job 00312,Electrical Work,Speaker Wire and Data Cable Install,,500,725,Labor,0000 Uncategorized
22PPQBthKXCf,Job 00312,Electrical Work,Motion Sensor Flood Light Install (Not Switched),,350,507.49999999999994,Labor,0000 Uncategorized
22PPQBthKXCf,Job 00312,Electrical Work,Wired Security Cameras Install,,400,580,Labor,0000 Uncategorized
22PPQBthKXCf,Job 00312,Electrical Work,WAP Relocation,,250,362.5,Labor,0000 Uncategorized
22PPQBthKXCf,Job 00312,Electrical Work,Replace (2) Thermostats,2,125,181.25,Labor,0000 Uncategorized
22PPQBthKXCf,Job 00312,Electrical Work,Install (2) Ring Doorbells,2,65,94.25,Labor,0000 Uncategorized
22PPZzSNGGdd,Job 00313,Custom Shower Glass (Option 1),Subcontractor,,2500,3624.9999999999995,Labor,220 Subcontractor Labor
22PPZzSNGGdd,Job 00313,Custom Shower Glass (Option 2),Subcontractor,,2790,4045.4999999999995,Labor,220 Subcontractor Labor
22PPZzSNGGdd,Job 00313,Custom Shower Glass (Option 1),Subcontractor,,2500,3624.9999999999995,Labor,220 Subcontractor Labor
22PPZzSNGGdd,Job 00313,Custom Shower Glass (Option 2),Subcontractor,,2790,4045.4999999999995,Labor,220 Subcontractor Labor
22PPkp3NHKjb,Job 00315,2.2.1 & 2 - Shingle Nail Repairs,Henry 208R Rubberized Wet Patch 10.1 oz Roof Cement Leak Repair,,7.24,12.09,Materials,0000 Uncategorized
22PPkp3NHKjb,Job 00315,2.2.1 & 2 - Shingle Nail Repairs,Hourly Rate,4,55,89,Materials,0000 Uncategorized
22PPkp3NHKjb,Job 00315,3.5.2 - Front Porch Handrail Installation - removed,PT Deck Railing - 6',3,100,165.00000000000003,Materials,0000 Uncategorized
22PPkp3NHKjb,Job 00315,3.5.2 - Front Porch Handrail Installation - removed,4 in. x 4 in. x 4-1/2 ft. Pressure-Treated Wood Double V-Groove Deck Post,1,18.22,30.063000000000002,Materials,0000 Uncategorized
22PPkp3NHKjb,Job 00315,3.5.2 - Front Porch Handrail Installation - removed,Deckmate 3 inch wood screw,,12.98,21.417000000000005,Materials,410 Framing
22PPkp3NHKjb,Job 00315,3.5.2 - Front Porch Handrail Installation - removed,"Red Heads 1/2"" x 4""",10,1.08,1.7820000000000005,Materials,0000 Uncategorized
22PPkp3NHKjb,Job 00315,3.5.2 - Front Porch Handrail Installation - removed,4x4 Standoff Post Base,1,12.23,20.179500000000004,Materials,0000 Uncategorized
22PPkp3NHKjb,Job 00315,3.5.2 - Front Porch Handrail Installation - removed,Hourly Rate,16,55,89,Materials,0000 Uncategorized
22PPkp3NHKjb,Job 00315,3.5.2 - Front Porch Handrail Installation - removed,Miscellaneous supplies,1,200,330.00000000000006,Materials,0000 Uncategorized
22PPkp3NHKjb,Job 00315,4.5.1 - Window Operations Repair,Hourly Rate,2,55,89,Materials,0000 Uncategorized
22PPkp3NHKjb,Job 00315,6.1.1 - Sediment Trap Installation,Subcontractor,,350,507.49999999999994,Labor,220 Subcontractor Labor
22PPkp3NHKjb,Job 00315,6.6.2 - Gas Fireplace Evaluation,Hourly Rate,1,55,89,Materials,0000 Uncategorized
22PPkp3NHKjb,Job 00315,9.3.1 - Gas Bonding Repair,Grounding/Bonding Clamp,1,5.22,8.72,Materials,0000 Uncategorized
22PPkp3NHKjb,Job 00315,9.3.1 - Gas Bonding Repair,Hourly Rate,1,55,89,Materials,0000 Uncategorized
22PPkp3NHKjb,Job 00315,2.2.1 & 2 - Shingle Nail Repairs,Henry 208R Rubberized Wet Patch 10.1 oz Roof Cement Leak Repair,,7.24,12.09,Materials,0000 Uncategorized
22PPkp3NHKjb,Job 00315,2.2.1 & 2 - Shingle Nail Repairs,Hourly Rate,4,55,89,Materials,0000 Uncategorized
22PPkp3NHKjb,Job 00315,4.5.1 - Window Operations Repair,Hourly Rate,2,55,89,Materials,0000 Uncategorized
22PPkp3NHKjb,Job 00315,6.1.1 - Sediment Trap Installation,Subcontractor,,350,507.49999999999994,Labor,220 Subcontractor Labor
22PPkp3NHKjb,Job 00315,6.6.2 - Gas Fireplace Evaluation,Hourly Rate,1,55,89,Materials,0000 Uncategorized
22PPsjZWXJeM,Job 00317,Dust Control/Floor Protection,Hourly Rate,16,55,89,Materials,0000 Uncategorized
22PPsjZWXJeM,Job 00317,Dust Control/Floor Protection,Floor Covering - Econo Runner,3,121.79,200.96,Materials,0000 Uncategorized
22PPsjZWXJeM,Job 00317,Dust Control/Floor Protection,Plastic Sheeting,3,53.24,99.33,Materials,0000 Uncategorized
22PPsjZWXJeM,Job 00317,Demolition,Tile Demolition,1,3000,4350,Labor,1000 1000 Preparation and Management Fees
22PPsjZWXJeM,Job 00317,Demolition,Hourly Rate,8,55,89,Materials,0000 Uncategorized
22PPsjZWXJeM,Job 00317,Demolition,Haul Away,1,228,350,Materials,0000 Uncategorized
22PPsjZWXJeM,Job 00317,Demolition,Dumpster Fees,1,175,288.75,Materials,0000 Uncategorized
22PPsjZWXJeM,Job 00317,Bathroom Tile Replacement,Subcontractor,1,7766,11260.699999999999,Labor,220 Subcontractor Labor
22PPsjZWXJeM,Job 00317,Bathroom Tile Replacement,Ceramic Tile Allowance - Shower Floor,20,15.4,25.41,Labor,1000 1000 Preparation and Management Fees
22PPsjZWXJeM,Job 00317,Bathroom Tile Replacement,Ceramic Tile Allowance - Shower Walls,100,12.4,20.46,Materials,0000 Uncategorized
22PPsjZWXJeM,Job 00317,Bathroom Tile Replacement,Ceramic Tile Allowance - Floor,320,10,16.7,Labor,1000 1000 Preparation and Management Fees
22PPsjZWXJeM,Job 00317,Bathroom Tile Replacement,"Bullnose, Tile Trims",1,400,650,Labor,1000 1000 Preparation and Management Fees
22PPsjZWXJeM,Job 00317,Custom Frameless Shower Glass,Custom Frameless Shower Glass Door and Surround,1,2800,4059.9999999999995,Materials,0000 Uncategorized
22PPsjZWXJeM,Job 00317,Interior Paint,Subcontractor,1,3500,5075,Labor,220 Subcontractor Labor
22PPsjZWXJeM,Job 00317,"Plumbing (Sinks, Shower, Tub, Toilet)",Plumbing Fixture Allowance,,1000,1650.0000000000002,Materials,0000 Uncategorized
22PPsjZWXJeM,Job 00317,"Plumbing (Sinks, Shower, Tub, Toilet)",Plumbing Fixture Allowance,2,250,412.50000000000006,Materials,0000 Uncategorized
22PPsjZWXJeM,Job 00317,"Plumbing (Sinks, Shower, Tub, Toilet)",Plumbing Fixture Allowance,,3000,4950.000000000001,Materials,0000 Uncategorized
22PPsjZWXJeM,Job 00317,"Plumbing (Sinks, Shower, Tub, Toilet)",Plumbing Fixture Allowance,,1500,2475.0000000000005,Materials,0000 Uncategorized
22PPsjZWXJeM,Job 00317,"Plumbing (Sinks, Shower, Tub, Toilet)",Subcontractor,,4000,5800,Labor,220 Subcontractor Labor
22PPsjZWXJeM,Job 00317,Post Project Cleaning,Subcontractor,,600,869.9999999999999,Labor,220 Subcontractor Labor
22PPsjZWXJeM,Job 00317,Cabinet Refinishing,Subcontractor,,2500,3624.9999999999995,Labor,220 Subcontractor Labor
22PPsjZWXJeM,Job 00317,Vanity Countertop Replacement,Subcontractor,,2000,2900,Labor,220 Subcontractor Labor
22PPsjZWXJeM,Job 00317,Vanity Mirror Replacement,Subcontractor,,1000,1450,Labor,220 Subcontractor Labor
22PPspUpZJV6,Job 00318,Electrical Repairs,Miscellaneous,,99,163.35000000000002,Materials,0000 Uncategorized
22PPspUpZJV6,Job 00318,Electrical Repairs,Hourly Rate,6,55,89,Materials,0000 Uncategorized
22PPspUpZJV6,Job 00318,Floor Point Shoring STL-86,"Red Heads 3/8"" x 4""",4,1.3,2.71,Materials,0000 Uncategorized
22PPspUpZJV6,Job 00318,Floor Point Shoring STL-86,STL-86,,390,643.5000000000001,Materials,0000 Uncategorized
22PPspUpZJV6,Job 00318,Floor Point Shoring STL-86,Hourly Rate,2,55,89,Materials,0000 Uncategorized
22PPspUpZJV6,Job 00318,Electrical Repairs,Miscellaneous,,99,163.35000000000002,Materials,0000 Uncategorized
22PPspUpZJV6,Job 00318,Electrical Repairs,Hourly Rate,6,55,89,Materials,0000 Uncategorized
22PPspUpZJV6,Job 00318,Floor Point Shoring STL-86,"Red Heads 3/8"" x 4""",4,1.3,2.71,Materials,0000 Uncategorized
22PPspUpZJV6,Job 00318,Floor Point Shoring STL-86,STL-86,,390,643.5000000000001,Materials,0000 Uncategorized
22PPspUpZJV6,Job 00318,Floor Point Shoring STL-86,Hourly Rate,2,55,89,Materials,0000 Uncategorized
22PQAnKcwpi4,Job 00322,Kitchen Sink Faucet Repair,Hourly Rate,1,55,89,Materials,0000 Uncategorized
22PQAnKcwpi4,Job 00322,Tile/Countertop Grout Repair,Sanded Ceramic Tile Grout Caulk,1,8.03,13.249500000000001,Materials,0000 Uncategorized
22PQAnKcwpi4,Job 00322,Tile/Countertop Grout Repair,Hourly Rate,3,55,89,Materials,0000 Uncategorized
22PQAnKcwpi4,Job 00322,Toilet Evaluation/Repair (warranty),Subcontractor,,0,0,Labor,220 Subcontractor Labor
22PQAnKcwpi4,Job 00322,Kitchen Sink Faucet Repair,Hourly Rate,1,55,89,Materials,0000 Uncategorized
22PQAnKcwpi4,Job 00322,Tile/Countertop Grout Repair,Sanded Ceramic Tile Grout Caulk,1,8.03,13.249500000000001,Materials,0000 Uncategorized
22PQAnKcwpi4,Job 00322,Tile/Countertop Grout Repair,Hourly Rate,3,55,89,Materials,0000 Uncategorized
22PQAnKcwpi4,Job 00322,Toilet Evaluation/Repair (warranty),Subcontractor,,0,0,Labor,220 Subcontractor Labor
22PQAnKcwpi4,Job 00322,Tile/Countertop Grout Repair,Sanded Ceramic Tile Grout Caulk,1,8.03,,Materials,0000 Uncategorized
22PQAnKcwpi4,Job 00322,Tile/Countertop Grout Repair,Hourly Rate,3,55,,Materials,0000 Uncategorized
22PQAnKcwpi4,Job 00322,Toilet Evaluation/Repair (warranty),Subcontractor,,,,Labor,220 Subcontractor Labor
22PQAnKcwpi4,Job 00322,Kitchen Sink Faucet Repair,Hourly Rate,1,0,,Materials,0000 Uncategorized
22PQAnKcwpi4,Job 00322,Toilet Replacement,Plumbing Fixture Allowance,1,250,417.50000000000006,Materials,0000 Uncategorized
22PQAnKcwpi4,Job 00322,Toilet Replacement,Hourly Rate,1,300,434.99999999999994,Materials,0000 Uncategorized
22PQAnKcwpi4,Job 00322,Toilet Replacement,Plumbing Fixture Allowance,1,-39.06,-65.23020000000001,Materials,0000 Uncategorized
22PQBcwB6X2u,Job 00323,Fascia/Soffit Repair (Wood),Hourly Rate,15.4666,55,89,Materials,0000 Uncategorized
22PQBcwB6X2u,Job 00323,Fascia/Soffit Repair (Wood),1x6x18 Vinyl Trim Plank,1,54.9,90.58500000000001,Materials,0000 Uncategorized
22PQBcwB6X2u,Job 00323,Fascia/Soffit Repair (Wood),Lexel Clear Paintable Solvent Caulk,1,11.28,18.612000000000002,Materials,6000 Completion
22PQBcwB6X2u,Job 00323,Fascia/Soffit Repair (Wood),1050 Quick Dry Siliconized Acrylic Latex Caulk,1,3.31,5.461500000000001,Materials,0000 Uncategorized
22PQBcwB6X2u,Job 00323,Fascia/Soffit Repair (Wood),SW 1/21,1,63.55,104.85750000000002,Materials,2300 Painting
22PQBcwB6X2u,Job 00323,Gutters & Downspouts Cleaning,Hourly Rate,0,55,89,Materials,0000 Uncategorized
22PQBcwB6X2u,Job 00323,GFCI Outlet Installation,1-Gang GFCI/Rocker Switch Cover Plate,2,0.78,1.2870000000000001,Materials,0000 Uncategorized
22PQBcwB6X2u,Job 00323,GFCI Outlet Installation,15 Amp GFCI Outlet,2,22.36,36.894000000000005,Materials,0000 Uncategorized
22PQBcwB6X2u,Job 00323,GFCI Outlet Installation,Hourly Rate,0,55,89,Materials,0000 Uncategorized
22PQBcwB6X2u,Job 00323,Plumbing Work,Subcontractor,1,1050,1522.5,Labor,220 Subcontractor Labor
22PQBcwB6X2u,Job 00323,Interior Trim Repair,Hourly Rate,0,55,89,Materials,0000 Uncategorized
22PQBcwB6X2u,Job 00323,Fascia/Soffit Repair (Wood),Hourly Rate,3,55,,Materials,0000 Uncategorized
22PQBcwB6X2u,Job 00323,Fascia/Soffit Repair (Wood),1x6x18 Vinyl Trim Plank,1,54.9,,Materials,0000 Uncategorized
22PQBcwB6X2u,Job 00323,Fascia/Soffit Repair (Wood),Lexel Clear Paintable Solvent Caulk,1,11.28,,Materials,6000 Completion
22PQBcwB6X2u,Job 00323,Fascia/Soffit Repair (Wood),1050 Quick Dry Siliconized Acrylic Latex Caulk,1,3.31,,Materials,0000 Uncategorized
22PQBcwB6X2u,Job 00323,Fascia/Soffit Repair (Wood),Custom Gallon Paint/Stain,1,60,,Materials,2300 Painting
22PQBcwB6X2u,Job 00323,Gutters & Downspouts Cleaning,Hourly Rate,2,55,,Materials,0000 Uncategorized
22PQBcwB6X2u,Job 00323,GFCI Outlet Installation,1-Gang GFCI/Rocker Switch Cover Plate,,0.78,,Materials,0000 Uncategorized
22PQBcwB6X2u,Job 00323,GFCI Outlet Installation,15 Amp GFCI Outlet,,22.36,,Materials,0000 Uncategorized
22PQBcwB6X2u,Job 00323,GFCI Outlet Installation,Hourly Rate,2,55,,Materials,0000 Uncategorized
22PQBcwB6X2u,Job 00323,Interior Trim Repair,Hourly Rate,1,55,,Materials,0000 Uncategorized
22PQBcwB6X2u,Job 00323,Plumbing Evaluation,Subcontractor,1,,,Labor,220 Subcontractor Labor
22PQEZqYzFww,Job 00324,Tile Floor Replacement (Kitchen/Laundry/Mudroom),1 Gal. Single Component Grout,3,61.53,102.76,Materials,0000 Uncategorized
22PQEZqYzFww,Job 00324,Tile Floor Replacement (Kitchen/Laundry/Mudroom),Ceramic Tile Allowance  - Floor,400,10,16.7,Materials,0000 Uncategorized
22PQEZqYzFww,Job 00324,Tile Floor Replacement (Kitchen/Laundry/Mudroom),Hourly Rate,6,55,89,Materials,0000 Uncategorized
22PQEZqYzFww,Job 00324,Tile Floor Replacement (Kitchen/Laundry/Mudroom),Floor Covering - Econo Runner,,121.79,200.96,Materials,0000 Uncategorized
22PQEZqYzFww,Job 00324,Tile Floor Replacement (Kitchen/Laundry/Mudroom),Haul Away,,228,350,Materials,0000 Uncategorized
22PQEZqYzFww,Job 00324,Tile Floor Replacement (Kitchen/Laundry/Mudroom),Plastic Sheeting,,53.24,99.33,Materials,0000 Uncategorized
22PQEZqYzFww,Job 00324,Tile Floor Replacement (Kitchen/Laundry/Mudroom),Trash Bags,,29.98,50.07,Materials,0000 Uncategorized
22PQEZqYzFww,Job 00324,Tile Floor Replacement (Kitchen/Laundry/Mudroom),ZipWall HDAZ2 3 in. x 84 in. Heavy-Duty Adhesive Zippers Includes Knife (2-Pack),,24.98,41.22,Materials,0000 Uncategorized
22PQEZqYzFww,Job 00324,Tile Floor Replacement (Kitchen/Laundry/Mudroom),Subcontractor,,6010,8585.714285714286,Labor,220 Subcontractor Labor
22PQEZqYzFww,Job 00324,Tile Floor Replacement (Kitchen/Laundry/Mudroom),Subcontractor,,1000,1428.5714285714287,Labor,220 Subcontractor Labor
22PQEZqYzFww,Job 00324,Garage (2 car),Drywall Repairs/Paint,,1270,1841.4999999999998,Labor,220 Subcontractor Labor
22PQEZqYzFww,Job 00324,Garage (2 car),Lighting,,1500,2175,Labor,220 Subcontractor Labor
22PQEZqYzFww,Job 00324,Garage (2 car),Paint All Walls,,1165,1689.25,Labor,220 Subcontractor Labor
22PQEZqYzFww,Job 00324,Grout Repairs,Subcontractor,,1000,1428.5714285714287,Labor,220 Subcontractor Labor
22PQEZqYzFww,Job 00324,Fence (48” tall),Subcontractor,,9100,13195,Labor,220 Subcontractor Labor
22PQEZqYzFww,Job 00324,Fence (60” tall),Subcontractor,,9800,14209.999999999998,Labor,220 Subcontractor Labor
22PQEZqYzFww,Job 00324,Dust Control and Space Prep,Hourly Rate,6,55,89,Materials,0000 Uncategorized
22PQEZqYzFww,Job 00324,Dust Control and Space Prep,Floor Covering - Econo Runner,,121.79,200.96,Materials,0000 Uncategorized
22PQEZqYzFww,Job 00324,Dust Control and Space Prep,Haul Away,,228,350,Materials,0000 Uncategorized
22PQEZqYzFww,Job 00324,Dust Control and Space Prep,Plastic Sheeting,,53.24,99.33,Materials,0000 Uncategorized
22PQEZqYzFww,Job 00324,Dust Control and Space Prep,Trash Bags,,29.98,50.07,Materials,0000 Uncategorized
22PQEZqYzFww,Job 00324,Dust Control and Space Prep,ZipWall HDAZ2 3 in. x 84 in. Heavy-Duty Adhesive Zippers Includes Knife (2-Pack),,24.98,41.22,Materials,0000 Uncategorized
22PQEZqYzFww,Job 00324,Dust Control and Space Prep,Ceramic Tile Allowance  - Floor,,10,16.7,Materials,0000 Uncategorized
22PQEZqYzFww,Job 00324,Gutters & Downspouts Cleaning/Roof Debris,Hourly Rate,8,55,89,Materials,0000 Uncategorized
22PQEZqYzFww,Job 00324,Garage (1 car),Drywall Repairs/Paint,,1760,2552,Labor,220 Subcontractor Labor
22PQEZqYzFww,Job 00324,Garage (1 car),Lighting,,1000,1450,Labor,220 Subcontractor Labor
22PQEZqYzFww,Job 00324,Garage (2 car),Drywall Repairs/Paint,,1270,1841.4999999999998,Labor,220 Subcontractor Labor
22PQEZqYzFww,Job 00324,Garage (2 car),Paint All Walls,,1165,1689.25,Labor,220 Subcontractor Labor
22PQEZqYzFww,Job 00324,Garage (2 car),Lighting,,1500,2175,Labor,220 Subcontractor Labor
22PQEZqYzFww,Job 00324,Garage (1 car),Drywall Repairs/Paint,,1760,2552,Labor,220 Subcontractor Labor
22PQEZqYzFww,Job 00324,Garage (1 car),Lighting,,1000,1450,Labor,220 Subcontractor Labor
22PQEbv5mV6c,Job 00325,Miscellaneous Door Adjustments,Frost King 2 in. x 17 ft. Wood Thermo Plastic Door Set - weather stripping,,27.61,51.09,Materials,0000 Uncategorized
22PQEbv5mV6c,Job 00325,Miscellaneous Door Adjustments,Frost King 1-1/2 in. x 1-3/4 in. Door Corner Guards for Inswing Entry Doors (4-Pack),,3.75,6.94,Materials,0000 Uncategorized
22PQEbv5mV6c,Job 00325,Miscellaneous Door Adjustments,Hinge Screw #9 3 in. Oil-Rubbed Bronze Phillips Flat-Head Long Hinge Screw with Oversize Threads to Tighten Interior Doors (18-Pack),,16.22,30.01,Materials,0000 Uncategorized
22PQEbv5mV6c,Job 00325,Miscellaneous Door Adjustments,Hourly Rate,,55,89,Materials,0000 Uncategorized
22PQEbv5mV6c,Job 00325,Carpet Repair,Hourly Rate,,55,89,Materials,0000 Uncategorized
22PQLudZG5X4,Job 00328,Exterior Painting/Staining,Subcontractor,,4396,6374.2,Labor,220 Subcontractor Labor
22PQLudZG5X4,Job 00328,Exterior Painting/Staining,Subcontractor,,4396,6374.2,Labor,220 Subcontractor Labor
22PQZazqp5ZU,Job 00330,Light Fixture Replacement,Hourly Rate,5,55,89,Materials,0000 Uncategorized
22PQZazqp5ZU,Job 00330,Downspout Replacement,White Zip Screws,1,5.55,9.27,Materials,0000 Uncategorized
22PQZazqp5ZU,Job 00330,Downspout Replacement,Downspout Extender,1,8.97,14.98,Materials,0000 Uncategorized
22PQZazqp5ZU,Job 00330,Downspout Replacement,"3""x4"" White Aluminum Downspout",1,19.72,32.93,Materials,0000 Uncategorized
22PQZazqp5ZU,Job 00330,Downspout Replacement,"3""x4"" White Aluminum Downspout Elbow ""A""",3,6.28,10.49,Materials,0000 Uncategorized
22PQZazqp5ZU,Job 00330,Downspout Replacement,Hourly Rate,3,55,89,Materials,0000 Uncategorized
22PQZazqp5ZU,Job 00330,Light Fixture Replacement,Hourly Rate,5,55,89,Materials,0000 Uncategorized
22PQZazqp5ZU,Job 00330,Downspout Replacement,White Zip Screws,1,5.55,9.27,Materials,0000 Uncategorized
22PQZazqp5ZU,Job 00330,Downspout Replacement,Downspout Extender,1,8.97,14.98,Materials,0000 Uncategorized
22PQZazqp5ZU,Job 00330,Downspout Replacement,"3""x4"" White Aluminum Downspout",1,19.72,32.93,Materials,0000 Uncategorized
22PQZazqp5ZU,Job 00330,Downspout Replacement,"3""x4"" White Aluminum Downspout Elbow ""A""",3,6.28,10.49,Materials,0000 Uncategorized
22PQZazqp5ZU,Job 00330,Downspout Replacement,Hourly Rate,3,55,89,Materials,0000 Uncategorized
22PQZazqp5ZU,Job 00330,Light Fixture Replacement,Hourly Rate,5,55,,Materials,0000 Uncategorized
22PQZazqp5ZU,Job 00330,Downspout Replacement,White Zip Screws,1,5.55,,Materials,0000 Uncategorized
22PQZazqp5ZU,Job 00330,Downspout Replacement,Downspout Extender,1,8.97,,Materials,0000 Uncategorized
22PQZazqp5ZU,Job 00330,Downspout Replacement,"3""x4"" White Aluminum Downspout",1,19.72,,Materials,0000 Uncategorized
22PQZazqp5ZU,Job 00330,Downspout Replacement,"3""x4"" White Aluminum Downspout Elbow ""A""",3,6.28,,Materials,0000 Uncategorized
22PQZazqp5ZU,Job 00330,Downspout Replacement,Hourly Rate,3,55,,Materials,0000 Uncategorized
22PQZazqp5ZU,Job 00330,Light Fixture Replacement,Hourly Rate,5,54.99999999999999,89,Materials,0000 Uncategorized
22PQZazqp5ZU,Job 00330,Downspout Replacement,White Zip Screws,1,5.55,9.27,Materials,0000 Uncategorized
22PQZazqp5ZU,Job 00330,Downspout Replacement,Downspout Extender,1,8.97,14.98,Materials,0000 Uncategorized
22PQZazqp5ZU,Job 00330,Downspout Replacement,"3""x4"" White Aluminum Downspout",1,19.72,32.93,Materials,0000 Uncategorized
22PQZazqp5ZU,Job 00330,Downspout Replacement,"3""x4"" White Aluminum Downspout Elbow ""A""",3,6.28,10.49,Materials,0000 Uncategorized
22PQZazqp5ZU,Job 00330,Downspout Replacement,Hourly Rate,3,54.99999999999999,89,Materials,0000 Uncategorized
22PQZbHL5iCX,Job 00331,Vanity Mirror Replacement,Hourly Rate,6,55,89,Materials,0000 Uncategorized
22PQZbHL5iCX,Job 00331,Vanity Mirror Replacement,Subcontractor,,700,1014.9999999999999,Labor,220 Subcontractor Labor
22PQZbHL5iCX,Job 00331,Vanity Mirror Replacement,Subcontractor,,250,362.5,Labor,220 Subcontractor Labor
22PQZbHL5iCX,Job 00331,Vanity Mirror Replacement,Miscellaneous,,70,115.50000000000001,Materials,0000 Uncategorized
22PQZbHL5iCX,Job 00331,Vanity Mirror Replacement,Miscellaneous,,70,115.50000000000001,Materials,0000 Uncategorized
22PQZbHL5iCX,Job 00331,Vanity Mirror Replacement,Hourly Rate,6,55,89,Materials,0000 Uncategorized
22PQZbHL5iCX,Job 00331,Vanity Mirror Replacement,Subcontractor,,700,1014.9999999999999,Labor,220 Subcontractor Labor
22PQZbHL5iCX,Job 00331,Vanity Mirror Replacement,Subcontractor,,250,362.5,Labor,220 Subcontractor Labor
22PQZyiYSuNH,Job 00332,Exhaust Fan Replacement,Broan-NuTone 50 CFM Ceiling/Wall Mount Bathroom Exhaust Fan W/O Light,,20.88,34.87,Materials,0000 Uncategorized
22PQZyiYSuNH,Job 00332,Exhaust Fan Replacement,Hourly Rate,,55,89,Materials,0000 Uncategorized
22PQZyiYSuNH,Job 00332,Drywall Installation,Hourly Rate,8,55,89,Materials,0000 Uncategorized
22PQZyiYSuNH,Job 00332,Drywall Installation,1/2 in. x 4 ft. x 8 ft. UltraLight Drywall,1,11.25,18.562500000000004,Materials,0000 Uncategorized
22PQZyiYSuNH,Job 00332,Drywall Installation,"Drywall Screws 1 1/4""",1,29.98,49.467000000000006,Materials,0000 Uncategorized
22PQZyiYSuNH,Job 00332,Drywall Installation,Drywall Joint Tape,1,16.75,27.637500000000003,Materials,0000 Uncategorized
22PQZyiYSuNH,Job 00332,Drywall Installation,Drywall Mud (4.5 Gallon),1,17.92,29.56800000000001,Materials,0000 Uncategorized
22PQZyiYSuNH,Job 00332,Drywall Installation,Sanding Discs,1,8.97,14.800500000000003,Materials,0000 Uncategorized
22PQZyiYSuNH,Job 00332,Drywall Installation,Strait-Flex 2-3/8 in. x 100 ft. Original Composite Flexible Corner Bead,1,36.98,61.76,Materials,0000 Uncategorized
22PQZyiYSuNH,Job 00332,Drywall Installation,Owens Corning R-30 Faced Fiberglass Insulation Batt 16 in. x 48 in. (1 Bag),1,78.97,131.88,Materials,0000 Uncategorized
22PQZyiYSuNH,Job 00332,Drywall Installation,R-13 Kraft Faced Fiberglass Insulation Batt 15 in. x 93 in.,1,75.98,126.89,Materials,0000 Uncategorized
22PQZyiYSuNH,Job 00332,Drywall Installation,White Oil-Based Interior/Exterior Primer and Sealer,1,34.98,57.717000000000006,Materials,0000 Uncategorized
22PQaBgccZcR,Job 00333,Deck Removal and Rebuild,Subcontractor,,27750,39682.5,Labor,220 Subcontractor Labor
22PQaBgccZcR,Job 00333,Deck Removal and Rebuild,Subcontractor,2,350,500.5,Labor,220 Subcontractor Labor
22PQaBgccZcR,Job 00333,Client Discount,Client Discount,,-4068,-4068,Labor,0000 Uncategorized
22PQaBgccZcR,Job 00333,Deck Removal and Rebuild,Subcontractor,,27750,39682.5,Labor,220 Subcontractor Labor
22PQaBgccZcR,Job 00333,Deck Removal and Rebuild,Subcontractor,2,350,500.5,Labor,220 Subcontractor Labor
22PQaBgccZcR,Job 00333,Client Discount,Client Discount,,-4068,-4068,Labor,0000 Uncategorized
22PQgD6FG5VZ,Job 00334,Fungal Remediation Options,Fungal Treatment (Manual Remediation),2500,0.35,0.5075,Materials,0000 Uncategorized
22PQgD6FG5VZ,Job 00334,Floor Point Shoring STL-22,STL-22,2,276,455.4000000000001,Materials,0000 Uncategorized
22PQgD6FG5VZ,Job 00334,Floor Point Shoring STL-22,RapidSet,0,16.18,27.02,Materials,0000 Uncategorized
22PQgD6FG5VZ,Job 00334,Floor Point Shoring STL-22,STL-JHD (Double) U-Head,2,76.5,126.22500000000002,Materials,0000 Uncategorized
22PQgD6FG5VZ,Job 00334,Floor Point Shoring STL-22,Base Plate - 12,2,56.22,92.76300000000002,Materials,0000 Uncategorized
22PQgD6FG5VZ,Job 00334,Floor Point Shoring STL-22,Hourly Rate,6,55,89,Materials,0000 Uncategorized
22PQgD6FG5VZ,Job 00334,Smoke Detector Installation - removed,Smoke Detector (Battery Powered),2,18.97,31.68,Materials,0000 Uncategorized
22PQgD6FG5VZ,Job 00334,Smoke Detector Installation - removed,Labor,2,55,89,Materials,0000 Uncategorized
22PQgD6FG5VZ,Job 00334,Damper Clamp Install,1/2 in. O.D. Universal Damper Clamp,,3.78,6.99,Materials,0000 Uncategorized
22PQgD6FG5VZ,Job 00334,Damper Clamp Install,Hourly Rate,1,55,89,Materials,0000 Uncategorized
22PQgD6FG5VZ,Job 00334,Fungal Remediation Options,Fungal Treatment (Fumigation Process),2500,0.65,0.9425,Materials,0000 Uncategorized
22PQgD6FG5VZ,Job 00334,Fungal Remediation Options,Fungal Treatment (Manual Remediation),2500,0.35,0.5075,Materials,0000 Uncategorized
22PQgD6FG5VZ,Job 00334,Floor Point Shoring STL-22,STL-22,2,276,455.4000000000001,Materials,0000 Uncategorized
22PQgD6FG5VZ,Job 00334,Floor Point Shoring STL-22,STL-JHD (Double) U-Head,2,76.5,126.22500000000002,Materials,0000 Uncategorized
22PQgD6FG5VZ,Job 00334,Floor Point Shoring STL-22,"Base Plate - 12""",2,56.22,92.76300000000002,Materials,0000 Uncategorized
22PQgD6FG5VZ,Job 00334,Floor Point Shoring STL-22,Labor,6,55,89,Materials,0000 Uncategorized
22PQgD6FG5VZ,Job 00334,Damper Clamp Install,1/2 in. O.D. Universal Damper Clamp,,3.78,6.99,Materials,0000 Uncategorized
22PQgD6FG5VZ,Job 00334,Damper Clamp Install,Labor,1,55,89,Materials,0000 Uncategorized
22PQgD6FG5VZ,Job 00334,Floor Point Shoring STL-22,STL-22,2,276,,Materials,0000 Uncategorized
22PQgD6FG5VZ,Job 00334,Floor Point Shoring STL-22,RapidSet,,0,,Materials,0000 Uncategorized
22PQgD6FG5VZ,Job 00334,Floor Point Shoring STL-22,STL-JHD (Double) U-Head,2,76.5,,Materials,0000 Uncategorized
22PQgD6FG5VZ,Job 00334,Floor Point Shoring STL-22,Base Plate - 12,2,56.22,,Materials,0000 Uncategorized
22PQgD6FG5VZ,Job 00334,Floor Point Shoring STL-22,Hourly Rate,6,55,,Materials,0000 Uncategorized
22PQgD6FG5VZ,Job 00334,Damper Clamp Install,1/2 in. O.D. Universal Damper Clamp,,3.78,,Materials,0000 Uncategorized
22PQgD6FG5VZ,Job 00334,Damper Clamp Install,Hourly Rate,1,55,,Materials,0000 Uncategorized
22PQgD6FG5VZ,Job 00334,Fungal Remediation Options,Fungal Treatment (Manual Remediation),2500,0.35,0.5075,Materials,0000 Uncategorized
22PQjcnk5hWg,Job 00335,3.3.2 - Storm Door Closer Repair/Replace,White Storm Door Closer,,24.62,41.12,Materials,0000 Uncategorized
22PQjcnk5hWg,Job 00335,3.3.2 - Storm Door Closer Repair/Replace,Hourly Rate,1,55,89,Materials,0000 Uncategorized
22PQjcnk5hWg,Job 00335,3.4.1 - Sliding Door Glass Replacement,Subcontractor,,1275,1848.7499999999998,Labor,220 Subcontractor Labor
22PQjcnk5hWg,Job 00335,4.3.1 - Garage Door Service Call,Subcontractor,,225,326.25,Labor,220 Subcontractor Labor
22PQjcnk5hWg,Job 00335,6.1.1 - Replace Pressure Regulator Valve,Subcontractor,,300,434.99999999999994,Labor,220 Subcontractor Labor
22PQjcnk5hWg,Job 00335,6.7.1 - Gas Bonding Installation,Subcontractor,,650,942.4999999999999,Labor,220 Subcontractor Labor
22PQjcnk5hWg,Job 00335,7.1.3 - Water Heater Replacement (Gas),Subcontractor,,2500,3624.9999999999995,Labor,220 Subcontractor Labor
22PQjcnk5hWg,Job 00335,7.1.3 - Water Heater Replacement (Gas),Water Heater Allowance,,650,1072.5000000000002,Labor,0000 Uncategorized
22PQjcnk5hWg,Job 00335,8.3.2 - Fiberglass Shower Replacement,Shower Insert Replacement,,1200,1980.0000000000002,Labor,0000 Uncategorized
22PQjcnk5hWg,Job 00335,8.3.2 - Fiberglass Shower Replacement,Miscellaneous supplies,,200,330.00000000000006,Materials,0000 Uncategorized
22PQjcnk5hWg,Job 00335,8.3.2 - Fiberglass Shower Replacement,Hourly Rate,24,55,89,Materials,0000 Uncategorized
22PQjcnk5hWg,Job 00335,8.3.2 - Fiberglass Shower Replacement,Subcontractor,,3200,4640,Labor,220 Subcontractor Labor
22PQjcnk5hWg,Job 00335,9.2.1 - Bus Bar Repair,Neutral/Ground Bus Bar,,12.46,20.81,Materials,0000 Uncategorized
22PQjcnk5hWg,Job 00335,9.2.1 - Bus Bar Repair,Hourly Rate,3,55,89,Materials,0000 Uncategorized
22PQjcnk5hWg,Job 00335,9.4.1 - Label Electrical,EatonLoad Center Circuit Directory (2-Pack),,11.5,19.21,Materials,0000 Uncategorized
22PQjcnk5hWg,Job 00335,9.4.1 - Label Electrical,Hourly Rate,2,55,89,Materials,0000 Uncategorized
22PQjcnk5hWg,Job 00335,10.1.1 - HVAC Drain Pan Replacement,Hourly Rate,8,55,89,Materials,0000 Uncategorized
22PQkUDDHqpd,Job 00336,"3.2.1, 3.6.1- Exterior Caulk/Paint",Semi-gloss Ultra White Acrylic Interior/Exterior Door and Trim Paint (1-Gallon),0.5,33.12,54.648,Materials,2300 Painting
22PQkUDDHqpd,Job 00336,"3.2.1, 3.6.1- Exterior Caulk/Paint",1050 Quick Dry Siliconized Acrylic Latex Caulk,,3.31,5.462,Materials,0000 Uncategorized
22PQkUDDHqpd,Job 00336,"3.2.1, 3.6.1- Exterior Caulk/Paint",Hourly Rate,4,55,89,Materials,0000 Uncategorized
22PQkUDDHqpd,Job 00336,"3.5.1, 3.8.1, 3.14.1 - Cracked/Missing Mortar Repair",SAKRETE 10.3 fl. oz. Mortar Repair Sealant,,6.18,10.32,Materials,0000 Uncategorized
22PQkUDDHqpd,Job 00336,"3.5.1, 3.8.1, 3.14.1 - Cracked/Missing Mortar Repair",Hourly Rate,3,55,89,Materials,0000 Uncategorized
22PQkUDDHqpd,Job 00336,5.1.1 - Lifting Shingles Repair,Henry 208R Rubberized Wet Patch 10.1 oz Roof Cement Leak Repair,,7.24,12.09,Materials,0000 Uncategorized
22PQkUDDHqpd,Job 00336,5.1.1 - Lifting Shingles Repair,Grip-Rite#11 x 1-1/4 in. Electro-Galvanized Steel Roofing Nails (1 lb.-Pack),,4.98,8.32,Materials,0000 Uncategorized
22PQkUDDHqpd,Job 00336,5.1.1 - Lifting Shingles Repair,Hourly Rate,1,55,89,Materials,0000 Uncategorized
22PQkUDDHqpd,Job 00336,7.1.1 - Water Heater Supply Pipe Repair,Subcontractor,,450,642.8571428571429,Labor,220 Subcontractor Labor
22PQkUDDHqpd,Job 00336,8.2.1 - Leaking Shower Head Repair,Hourly Rate,1,55,89,Materials,0000 Uncategorized
22PQkUDDHqpd,Job 00336,8.2.2 - Exhaust Fan Evaluation,Hourly Rate,2,55,89,Materials,0000 Uncategorized
22PQkUDDHqpd,Job 00336,8.3.1 - Loose Sink Faucet Repair,Hourly Rate,1,55,89,Materials,0000 Uncategorized
22PQkUDDHqpd,Job 00336,8.4.1 - Bathtub Seal/Caulk Repair,GESilicone 1 10.1 oz. White Bath Tub and Tile Caulk,,8.98,16,Materials,0000 Uncategorized
22PQkUDDHqpd,Job 00336,8.4.1 - Bathtub Seal/Caulk Repair,Hourly Rate,1,55,89,Materials,0000 Uncategorized
22PQkUDDHqpd,Job 00336,9.6.1 - Missing Conduit Repair,Hourly Rate,2.5,55,89,Materials,0000 Uncategorized
22PQkUDDHqpd,Job 00336,13.1.1 - HVAC Shroud Sealing,Hourly Rate,1.5,55,89,Materials,0000 Uncategorized
22PQkVYbevpf,Job 00337,Shutter Repairs,Custom Gallon Paint/Stain,0.5,60,99.00000000000001,Materials,2300 Painting
22PQkVYbevpf,Job 00337,Shutter Repairs,Custom Order Product,6,20,33.00000000000001,Materials,0000 Uncategorized
22PQkVYbevpf,Job 00337,Shutter Repairs,1x4x12 Cedar Board,1,18.27,30.146,Materials,0000 Uncategorized
22PQkVYbevpf,Job 00337,Shutter Repairs,Hourly Rate,18,55,89,Materials,0000 Uncategorized
22PQkVYbevpf,Job 00337,Shutter Repairs,Custom Order Product,6,30,49.50000000000001,Materials,0000 Uncategorized
22PQkVYbevpf,Job 00337,Cedar Shutter/Trim Refinishing,Subcontractor,,3591,5130,Labor,220 Subcontractor Labor
22PQkVYbevpf,Job 00337,Custom Shutter Installation,1x4x12 Cedar Board,6,18.27,30.146,Materials,0000 Uncategorized
22PQkVYbevpf,Job 00337,Custom Shutter Installation,Custom Gallon Paint/Stain,0,60,99.00000000000001,Materials,2300 Painting
22PQkVYbevpf,Job 00337,Custom Shutter Installation,Custom Order Product,4,30,49.50000000000001,Materials,0000 Uncategorized
22PQkVYbevpf,Job 00337,Custom Shutter Installation,Custom Order Product,4,30,49.50000000000001,Materials,0000 Uncategorized
22PQkVYbevpf,Job 00337,Custom Shutter Installation,Custom Order Product,4,20,33.00000000000001,Materials,0000 Uncategorized
22PQkVYbevpf,Job 00337,Custom Shutter Installation,Hourly Rate,12,55,89,Materials,0000 Uncategorized
22PQkVYbevpf,Job 00337,Custom Shutter Installation,1x6x12 Cedar Board,12,31.33,51.695,Materials,0000 Uncategorized
22PQkVYbevpf,Job 00337,Custom Shutter Installation,Subcontractor,,1000,1428.5714285714287,Labor,220 Subcontractor Labor
22PQkVYbevpf,Job 00337,Exterior Door Jamb/Threshold Repair,"36"" In-swing Adjustable Threshold",1,34.44,57.51,Materials,0000 Uncategorized
22PQkVYbevpf,Job 00337,Exterior Door Jamb/Threshold Repair,Vinyl Door Jamb,,65.96,108.834,Materials,1500 Doors & Windows
22PQkVYbevpf,Job 00337,Exterior Door Jamb/Threshold Repair,Hourly Rate,10,55,89,Materials,0000 Uncategorized
22PQkVYbevpf,Job 00337,Exterior Door Jamb/Threshold Repair,Royal Mouldings 10 ft. x 1-63/64 in. x 1-15/64 in. Vinyl Brick Molding,2,21.14,34.88100000000001,Materials,1500 Doors & Windows
22PQkVYbevpf,Job 00337,Exterior Door Repaint,Subcontractor,,250,357.14285714285717,Labor,220 Subcontractor Labor
22PQkVYbevpf,Job 00337,Shutter Repairs,Custom Gallon Paint/Stain,0.5,60,99.00000000000001,Materials,2300 Painting
22PQkVYbevpf,Job 00337,Shutter Repairs,Custom Order Product,6,20,33.00000000000001,Materials,0000 Uncategorized
22PQkVYbevpf,Job 00337,Shutter Repairs,Custom Order Product,6,30,49.50000000000001,Materials,0000 Uncategorized
22PQkVYbevpf,Job 00337,Shutter Repairs,1x4x12 Cedar Board,1,18.27,30.146,Materials,0000 Uncategorized
22PQkVYbevpf,Job 00337,Shutter Repairs,Hourly Rate,18,55,89,Materials,0000 Uncategorized
22PQkVYbevpf,Job 00337,Exterior Door Jamb/Threshold Repair,Royal Mouldings 10 ft. x 1-63/64 in. x 1-15/64 in. Vinyl Brick Molding,2,21.14,34.88100000000001,Materials,1500 Doors & Windows
22PQkVYbevpf,Job 00337,Exterior Door Jamb/Threshold Repair,"36"" In-swing Adjustable Threshold",1,34.44,57.51,Materials,0000 Uncategorized
22PQkVYbevpf,Job 00337,Exterior Door Jamb/Threshold Repair,Vinyl Door Jamb,,65.96,108.834,Materials,1500 Doors & Windows
22PQkVYbevpf,Job 00337,Exterior Door Jamb/Threshold Repair,Hourly Rate,10,55,89,Materials,0000 Uncategorized
22PQkVYbevpf,Job 00337,Shutter Refinishing,Subcontractor,,1900,2714.2857142857147,Labor,220 Subcontractor Labor
22PQkVYbevpf,Job 00337,Exterior Door Repaint,Subcontractor,,250,357.14285714285717,Labor,220 Subcontractor Labor
22PQkVYbevpf,Job 00337,Custom Shutter Installation,Custom Gallon Paint/Stain,1,60,99.00000000000001,Materials,2300 Painting
22PQkVYbevpf,Job 00337,Custom Shutter Installation,Custom Order Product,3,30,49.50000000000001,Materials,0000 Uncategorized
22PQkVYbevpf,Job 00337,Custom Shutter Installation,Custom Order Product,3,30,49.50000000000001,Materials,0000 Uncategorized
22PQkVYbevpf,Job 00337,Custom Shutter Installation,Custom Order Product,3,20,33.00000000000001,Materials,0000 Uncategorized
22PQkVYbevpf,Job 00337,Custom Shutter Installation,Hourly Rate,24,55,89,Materials,0000 Uncategorized
22PQkVYbevpf,Job 00337,Custom Shutter Installation,1x6x12 Cedar Board,10,31.33,51.695,Materials,0000 Uncategorized
22PQkVYbevpf,Job 00337,Custom Shutter Installation,1x4x12 Cedar Board,6,18.27,30.146,Materials,0000 Uncategorized
22PQkWegEgAS,Job 00339,Exterior Trim/Soffit Repairs,Royal Mouldings 10 ft. x 1-63/64 in. x 1-15/64 in. Vinyl Brick Molding,4,21.14,34.88100000000001,Materials,1500 Doors & Windows
22PQkWegEgAS,Job 00339,Exterior Trim/Soffit Repairs,2x4x8 PT,4,6.19,10.34,Materials,0000 Uncategorized
22PQkWegEgAS,Job 00339,Exterior Trim/Soffit Repairs,"3/8"" x 48"" x 8' S4S PVC sheating",3,83.98,138.567,Materials,0000 Uncategorized
22PQkWegEgAS,Job 00339,Exterior Trim/Soffit Repairs,Composite Shim,1,2.23,3.6795000000000004,Materials,0000 Uncategorized
22PQkWegEgAS,Job 00339,Exterior Trim/Soffit Repairs,1050 Quick Dry Siliconized Acrylic Latex Caulk,1,3.31,5.462,Materials,0000 Uncategorized
22PQkWegEgAS,Job 00339,Exterior Trim/Soffit Repairs,3M Bondo Interior/ Exterior Waterproof 41 oz.,1,31.68,52.272000000000006,Materials,0000 Uncategorized
22PQkWegEgAS,Job 00339,Exterior Trim/Soffit Repairs,Hourly Rate,36,55,89,Materials,0000 Uncategorized
22PQkWegEgAS,Job 00339,Exterior Trim/Soffit Repairs,Custom Order Product,1,150,247.50000000000003,Materials,0000 Uncategorized
22PQkWegEgAS,Job 00339,Exterior Trim/Soffit Repairs,Miscellaneous,,150,247.50000000000003,Materials,0000 Uncategorized
22PQkWegEgAS,Job 00339,Exterior Trim/Soffit Repairs,1x6x18 Vinyl Trim Plank,2,54.9,90.585,Materials,0000 Uncategorized
22PQkWegEgAS,Job 00339,Exterior Trim/Soffit Repairs,1x6x18 Vinyl Trim Plank,2,54.9,90.585,Materials,0000 Uncategorized
22PQkWegEgAS,Job 00339,Exterior Trim/Soffit Repairs,1x8x18 Vinyl Trim Plank,2,72,118.8,Materials,0000 Uncategorized
22PQkWegEgAS,Job 00339,Exterior Trim/Soffit Repairs,Subcontractor,,1900,2714.2857142857147,Labor,220 Subcontractor Labor
22PQkWegEgAS,Job 00339,Exterior Trim/Soffit Repairs,Custom Order Product,,150,247.50000000000003,Materials,0000 Uncategorized
22PQkWegEgAS,Job 00339,Exterior Trim/Soffit Repairs,Custom Order Product,,175,288.75000000000006,Materials,0000 Uncategorized
22PQkWegEgAS,Job 00339,Exterior Trim/Soffit Repairs,Miscellaneous,,150,247.50000000000003,Materials,0000 Uncategorized
22PQkWegEgAS,Job 00339,Exterior Trim/Soffit Repairs,Royal Mouldings 10 ft. x 1-63/64 in. x 1-15/64 in. Vinyl Brick Molding,4,21.14,34.88100000000001,Materials,1500 Doors & Windows
22PQkWegEgAS,Job 00339,Exterior Trim/Soffit Repairs,2x4x8 PT,4,6.19,10.34,Materials,0000 Uncategorized
22PQkWegEgAS,Job 00339,Exterior Trim/Soffit Repairs,"3/8"" x 48"" x 8' S4S PVC sheating",3,83.98,138.567,Materials,0000 Uncategorized
22PQkWegEgAS,Job 00339,Exterior Trim/Soffit Repairs,Composite Shim,,2.23,3.6795000000000004,Materials,0000 Uncategorized
22PQkWegEgAS,Job 00339,Ceiling Repair,Subcontractor,,875,1268.75,Labor,220 Subcontractor Labor
22PQkWegEgAS,Job 00339,Exterior Trim/Soffit Repairs,1x6x18 Vinyl Trim Plank,2,54.9,90.585,Materials,0000 Uncategorized
22PQkWegEgAS,Job 00339,Exterior Trim/Soffit Repairs,1x8x18 Vinyl Trim Plank,2,72,118.8,Materials,0000 Uncategorized
22PQkWegEgAS,Job 00339,Exterior Trim/Soffit Repairs,Subcontractor,,1900,2714.2857142857147,Labor,220 Subcontractor Labor
22PQkWegEgAS,Job 00339,Exterior Trim/Soffit Repairs,Custom Order Product,,150,247.50000000000003,Materials,0000 Uncategorized
22PQkWegEgAS,Job 00339,Exterior Trim/Soffit Repairs,Custom Order Product,,175,288.75000000000006,Materials,0000 Uncategorized
22PQkWegEgAS,Job 00339,Exterior Trim/Soffit Repairs,Miscellaneous,,150,247.50000000000003,Materials,0000 Uncategorized
22PQkWegEgAS,Job 00339,Exterior Trim/Soffit Repairs,Royal Mouldings 10 ft. x 1-63/64 in. x 1-15/64 in. Vinyl Brick Molding,4,21.14,34.88100000000001,Materials,1500 Doors & Windows
22PQkWegEgAS,Job 00339,Exterior Trim/Soffit Repairs,2x4x8 PT,4,6.19,10.34,Materials,0000 Uncategorized
22PQkWegEgAS,Job 00339,Exterior Trim/Soffit Repairs,"3/8"" x 48"" x 8' S4S PVC sheating",3,83.98,138.567,Materials,0000 Uncategorized
22PQkWegEgAS,Job 00339,Exterior Trim/Soffit Repairs,Composite Shim,,2.23,3.6795000000000004,Materials,0000 Uncategorized
22PQkWegEgAS,Job 00339,Ceiling Repair,Subcontractor,,875,1268.75,Labor,220 Subcontractor Labor
22PQkWegEgAS,Job 00339,Exterior Trim/Soffit Repairs,1x6x18 Vinyl Trim Plank,2,54.9,,Materials,0000 Uncategorized
22PQkWegEgAS,Job 00339,Exterior Trim/Soffit Repairs,1x8x18 Vinyl Trim Plank,2,72,,Materials,0000 Uncategorized
22PQkWegEgAS,Job 00339,Exterior Trim/Soffit Repairs,Round gable vent,1,150,,Materials,0000 Uncategorized
22PQkWegEgAS,Job 00339,Exterior Trim/Soffit Repairs,Porch Column (vinyl),1,175,,Materials,0000 Uncategorized
22PQkWegEgAS,Job 00339,Exterior Trim/Soffit Repairs,Miscellaneous,1,150,,Materials,0000 Uncategorized
22PQkWegEgAS,Job 00339,Exterior Trim/Soffit Repairs,Royal Mouldings 10 ft. x 1-63/64 in. x 1-15/64 in. Vinyl Brick Molding,4,21.14,,Materials,1500 Doors & Windows
22PQkWegEgAS,Job 00339,Exterior Trim/Soffit Repairs,2x4x8 PT,4,6.19,,Materials,0000 Uncategorized
22PQkWegEgAS,Job 00339,Exterior Trim/Soffit Repairs,"3/8"" x 48"" x 8' S4S PVC sheating",3,83.98,,Materials,0000 Uncategorized
22PQkWegEgAS,Job 00339,Exterior Trim/Soffit Repairs,Composite Shim,1,2.23,,Materials,0000 Uncategorized
22PQkWegEgAS,Job 00339,Exterior Trim/Soffit Repairs,1050 Quick Dry Siliconized Acrylic Latex Caulk,1,3.31,,Materials,0000 Uncategorized
22PQkWegEgAS,Job 00339,Exterior Trim/Soffit Repairs,1x6x18 Vinyl Trim Plank,2,54.9,90.585,Materials,0000 Uncategorized
22PQkWegEgAS,Job 00339,Exterior Trim/Soffit Repairs,1x8x18 Vinyl Trim Plank,2,72,118.8,Materials,0000 Uncategorized
22PQkWegEgAS,Job 00339,Exterior Trim/Soffit Repairs,Subcontractor,,1900.0000000000002,2714.29,Labor,220 Subcontractor Labor
22PQkWegEgAS,Job 00339,Exterior Trim/Soffit Repairs,Custom Order Product,,150,247.5,Materials,0000 Uncategorized
22PQkWegEgAS,Job 00339,Exterior Trim/Soffit Repairs,Custom Order Product,,175,288.75,Materials,0000 Uncategorized
22PQkWegEgAS,Job 00339,Exterior Trim/Soffit Repairs,Miscellaneous,,150,247.5,Materials,0000 Uncategorized
22PQkWegEgAS,Job 00339,Exterior Trim/Soffit Repairs,Royal Mouldings 10 ft. x 1-63/64 in. x 1-15/64 in. Vinyl Brick Molding,4,21.14,34.88,Materials,1500 Doors & Windows
22PQkWegEgAS,Job 00339,Exterior Trim/Soffit Repairs,2x4x8 PT,4,6.190000000000001,10.34,Materials,0000 Uncategorized
22PQkWegEgAS,Job 00339,Exterior Trim/Soffit Repairs,"3/8"" x 48"" x 8' S4S PVC sheating",3,83.98,138.56666666666666,Materials,0000 Uncategorized
22PQkWegEgAS,Job 00339,Exterior Trim/Soffit Repairs,Composite Shim,,2.23,3.68,Materials,0000 Uncategorized
22PQkWegEgAS,Job 00339,Ceiling Repair,Subcontractor,,875.0000000000001,1268.75,Labor,220 Subcontractor Labor
22PQkZULdfba,Job 00340,2.3.2 - Miscellaneous Door Adjustments,Hinge Screw #9 3 in. Oil-Rubbed Bronze Phillips Flat-Head Long Hinge Screw with Oversize Threads to Tighten Interior Doors (18-Pack),,16.22,30.01,Materials,0000 Uncategorized
22PQkZULdfba,Job 00340,2.3.2 - Miscellaneous Door Adjustments,Hourly Rate,1.5,55,89,Materials,0000 Uncategorized
22PQkZULdfba,Job 00340,2.3.3 - Exterior Trim Repairs,Vinyl Door Jamb,1,65.96,108.834,Materials,1500 Doors & Windows
22PQkZULdfba,Job 00340,2.3.3 - Exterior Trim Repairs,Royal Mouldings 10 ft. x 1-63/64 in. x 1-15/64 in. Vinyl Brick Molding,,21.14,34.88100000000001,Materials,1500 Doors & Windows
22PQkZULdfba,Job 00340,2.3.3 - Exterior Trim Repairs,Composite Shim,,2.23,3.6795000000000004,Materials,0000 Uncategorized
22PQkZULdfba,Job 00340,2.3.3 - Exterior Trim Repairs,1050 Quick Dry Siliconized Acrylic Latex Caulk,,3.31,5.462,Materials,0000 Uncategorized
22PQkZULdfba,Job 00340,2.3.3 - Exterior Trim Repairs,3M Bondo Interior/ Exterior Waterproof 41 oz.,,31.68,52.272000000000006,Materials,0000 Uncategorized
22PQkZULdfba,Job 00340,2.3.3 - Exterior Trim Repairs,Hourly Rate,6,55,89,Materials,0000 Uncategorized
22PQkZULdfba,Job 00340,2.3.3 - Exterior Trim Repairs,Semi-gloss Ultra White Acrylic Interior/Exterior Door and Trim Paint (1-Gallon),0.5,33.12,54.648,Materials,2300 Painting
22PQkZULdfba,Job 00340,2.3.3 - Exterior Trim Repairs,Paint Match Fee,,95,156.75,Materials,0000 Uncategorized
22PQkZULdfba,Job 00340,2.4.1 - Deck Board Repair (fasten loose boards),Deckmate 3 inch wood screw,,12.98,21.417000000000005,Materials,410 Framing
22PQkZULdfba,Job 00340,2.4.1 - Deck Board Repair (fasten loose boards),Hourly Rate,2,55,89,Materials,0000 Uncategorized
22PQkZULdfba,Job 00340,2.4.2 - Deck/Porch Handrail Repair,Deckmate 3 inch wood screw,,12.98,21.417000000000005,Materials,410 Framing
22PQkZULdfba,Job 00340,2.4.2 - Deck/Porch Handrail Repair,Hourly Rate,2,55,89,Materials,0000 Uncategorized
22PQkZULdfba,Job 00340,2.4.2 - Deck/Porch Handrail Repair,Miscellaneous,,20,33.00000000000001,Materials,0000 Uncategorized
22PQkZULdfba,Job 00340,2.5.1 - Downspout Repair,Hourly Rate,1,55,89,Materials,0000 Uncategorized
22PQkZULdfba,Job 00340,2.5.1 - Downspout Repair,"3""x4"" White Aluminum Downspout Elbow ""A""",1,6.28,10.49,Materials,0000 Uncategorized
22PQkZULdfba,Job 00340,5.1.1 - HVAC Evaluation,HVAC,,250,362.5,Subcontractor,110 Project Management
22PQkZULdfba,Job 00340,7.1.1 - Level A/C Unit,Plastic Shims,,2.75,7.25,Materials,0000 Uncategorized
22PQkZULdfba,Job 00340,7.1.1 - Level A/C Unit,Hourly Rate,2,55,89,Materials,0000 Uncategorized
22PQkZULdfba,Job 00340,7.1.2 - Extend Condensate Line,Charlotte Pipe 3/4 in. x 10 ft. PVC Schedule 40 Pressure Plain-End Pipe,,6.56,10.96,Materials,0000 Uncategorized
22PQkZULdfba,Job 00340,7.1.2 - Extend Condensate Line,Charlotte Pipe 3/4 in. PVC Schedule 40 S x S Coupling,,0.52,0.83,Materials,0000 Uncategorized
22PQkZULdfba,Job 00340,7.1.2 - Extend Condensate Line,Charlotte Pipe 3/4 in. PVC Schedule. 40 90° S x S Elbow Fitting,,0.73,1.22,Materials,0000 Uncategorized
22PQkZULdfba,Job 00340,7.1.2 - Extend Condensate Line,Hourly Rate,2,55,89,Materials,0000 Uncategorized
22PQkZULdfba,Job 00340,8.1.1 - Refrigerant Line Insulation Repair,"1/2"" Refrigerant Line/Pipe Insulation",4,8.58,14.33,Materials,0000 Uncategorized
22PQkZULdfba,Job 00340,8.1.1 - Refrigerant Line Insulation Repair,Hourly Rate,2,55,89,Materials,0000 Uncategorized
22PQkZULdfba,Job 00340,8.1.3 - Double Pole Breaker Replacement,Hourly Rate,4,55,89,Materials,0000 Uncategorized
22PQkZULdfba,Job 00340,8.1.3 - Double Pole Breaker Replacement,Square D Homeline 25 Amp 2-Pole Circuit Breaker,,12.82,21.41,Materials,0000 Uncategorized
22PQpbbDj7Gn,Job 00341,"3.1.1, 3.8.1&2 - Cracked/Loose Mortar Repair",Subcontractor,,450,652.5,Labor,220 Subcontractor Labor
22PQpbbDj7Gn,Job 00341,3.4.2 - Exterior Door Replacement,Miscellaneous supplies,,300,495.00000000000006,Materials,0000 Uncategorized
22PQpbbDj7Gn,Job 00341,3.4.2 - Exterior Door Replacement,Subcontractor,,400,580,Labor,220 Subcontractor Labor
22PQpbbDj7Gn,Job 00341,3.4.2 - Exterior Door Replacement,Hourly Rate,20,55,89,Materials,0000 Uncategorized
22PQpbbDj7Gn,Job 00341,3.4.2 - Exterior Door Replacement,Custom Order Exterior Door,,2500,3624.9999999999995,Materials,0000 Uncategorized
22PQpbbDj7Gn,Job 00341,3.7.1&2 - Deck Repairs,Miscellaneous supplies,,100,165.00000000000003,Materials,0000 Uncategorized
22PQpbbDj7Gn,Job 00341,3.7.1&2 - Deck Repairs,Hourly Rate,6,55,89,Materials,0000 Uncategorized
22PQpbbDj7Gn,Job 00341,3.10.1 - Soffit Repair (Wood),Hourly Rate,14,55,89,Materials,0000 Uncategorized
22PQpbbDj7Gn,Job 00341,3.10.1 - Soffit Repair (Wood),1x6x18 Vinyl Trim Plank,,54.9,90.585,Materials,0000 Uncategorized
22PQpbbDj7Gn,Job 00341,3.10.1 - Soffit Repair (Wood),1x8x18 Vinyl Trim Plank,,72,118.8,Materials,0000 Uncategorized
22PQpbbDj7Gn,Job 00341,3.10.1 - Soffit Repair (Wood),"3/8"" x 48"" x 8' S4S PVC sheating",,83.98,138.567,Materials,0000 Uncategorized
22PQpbbDj7Gn,Job 00341,3.10.1 - Soffit Repair (Wood),2x6x10 Dimensional Lumber,,13.05,21.533,Materials,0000 Uncategorized
22PQpbbDj7Gn,Job 00341,3.10.1 - Soffit Repair (Wood),2x4x10 Dimensional Lumber,,5.62,9.273,Materials,0000 Uncategorized
22PQpbbDj7Gn,Job 00341,3.10.1 - Soffit Repair (Wood),Lexel Clear Paintable Solvent Caulk,,11.28,18.612000000000002,Materials,6000 Completion
22PQpbbDj7Gn,Job 00341,3.10.1 - Soffit Repair (Wood),1050 Quick Dry Siliconized Acrylic Latex Caulk,,3.31,5.462,Materials,0000 Uncategorized
22PQpbbDj7Gn,Job 00341,3.10.1 - Soffit Repair (Wood),Custom Gallon Paint/Stain,,60,99.00000000000001,Materials,2300 Painting
22PQpbbDj7Gn,Job 00341,7.1.1 - TPR Valve Pipe to Exterior,Everbilt 3/4 in. CPVC-CTS Slip x Slip Coupling Fitting,4,0.54,0.9,Materials,0000 Uncategorized
22PQpbbDj7Gn,Job 00341,7.1.1 - TPR Valve Pipe to Exterior,Oatey 8 oz. Purple CPVC and PVC Primer and Regular Clear PVC Cement Combo Pack,1,13.28,22.18,Materials,0000 Uncategorized
22PQpbbDj7Gn,Job 00341,7.1.1 - TPR Valve Pipe to Exterior,Everbilt 3/4 in. CPVC-CTS Slip x MIPT Adapter Fitting,4,1.22,2.04,Materials,0000 Uncategorized
22PQpbbDj7Gn,Job 00341,7.1.1 - TPR Valve Pipe to Exterior,Everbilt 3/4 in. CPVC-CTS 90-Degree Slip x Slip Elbow Fitting,4,0.93,1.55,Materials,0000 Uncategorized
22PQpbbDj7Gn,Job 00341,7.1.1 - TPR Valve Pipe to Exterior,Charlotte Pipe 3/4 in. x 10 ft. CPVC SDR11 Flowguard Gold Pipe,4,10.94,18.27,Materials,0000 Uncategorized
22PQpbbDj7Gn,Job 00341,7.1.1 - TPR Valve Pipe to Exterior,Hourly Rate,6,55,89,Materials,0000 Uncategorized
22PQpbbDj7Gn,Job 00341,10.4.1 - Double Pole Breaker Replacement,Subcontractor,,250,357.14285714285717,Labor,220 Subcontractor Labor
22PQpbbDj7Gn,Job 00341,"10.5.1-4, 10.7.1 - GFCI & Outlet Repairs",Subcontractor,,550,785.7142857142858,Labor,220 Subcontractor Labor
22PQpbbDj7Gn,Job 00341,10.8.1 - Light Switch Evaluation,Subcontractor,,89,127.14285714285715,Labor,220 Subcontractor Labor
22PQpbbDj7Gn,Job 00341,10.9.1 - Smoke Detector Installation,Subcontractor,,400,571.4285714285714,Labor,220 Subcontractor Labor
22PQpbbDj7Gn,Job 00341,13.1.1&3 - Condensate Line Repairs,Charlotte Pipe 3/4 in. PVC Hub x Hub Condensate P- Trap,,4.28,7.92,Materials,0000 Uncategorized
22PQpbbDj7Gn,Job 00341,13.1.1&3 - Condensate Line Repairs,Charlotte Pipe 3/4 in. PVC Schedule 40 S x S Coupling,,0.52,0.83,Materials,0000 Uncategorized
22PQpbbDj7Gn,Job 00341,13.1.1&3 - Condensate Line Repairs,Charlotte Pipe 3/4 in. x 10 ft. PVC Schedule 40 Pressure Plain-End Pipe,,6.56,10.96,Materials,0000 Uncategorized
22PQpbbDj7Gn,Job 00341,13.1.1&3 - Condensate Line Repairs,Charlotte Pipe 3/4 in. PVC Schedule. 40 90° S x S Elbow Fitting,,0.73,1.22,Materials,0000 Uncategorized
22PQpbbDj7Gn,Job 00341,13.1.1&3 - Condensate Line Repairs,Oatey 8 oz. Purple CPVC and PVC Primer and Regular Clear PVC Cement Combo Pack,,13.28,22.18,Materials,0000 Uncategorized
22PQpbbDj7Gn,Job 00341,13.1.1&3 - Condensate Line Repairs,Hourly Rate,3,55,89,Materials,0000 Uncategorized
22PR4rLV4LPs,Job 00344,Electrical,Subcontractor,1,250,357.14285714285717,Labor,220 Subcontractor Labor
22PR4rLV4LPs,Job 00344,Electrical,Subcontractor,1,175,250.00000000000003,Labor,220 Subcontractor Labor
22PR4rLV4LPs,Job 00344,Electrical,Subcontractor,1,500,714.2857142857143,Labor,220 Subcontractor Labor
22PR4rLV4LPs,Job 00344,Electrical,Subcontractor,1,400,571.4285714285714,Labor,220 Subcontractor Labor
22PR4rLV4LPs,Job 00344,Electrical,Subcontractor,1,385,550,Labor,220 Subcontractor Labor
22PR4rLV4LPs,Job 00344,Electrical,Subcontractor,1,375,535.7142857142858,Labor,220 Subcontractor Labor
22PR4rLV4LPs,Job 00344,Electrical,Subcontractor,1,300,428.5714285714286,Labor,220 Subcontractor Labor
22PR4rLV4LPs,Job 00344,Electrical,Subcontractor,1,200,285.7142857142857,Labor,220 Subcontractor Labor
22PR4rLV4LPs,Job 00344,9.3.1 - Electrical Evaluation,Subcontractor,1,250,357.14285714285717,Labor,220 Subcontractor Labor
22PR4rLV4LPs,Job 00344,9.5.3 - Breaker Replacement,Subcontractor,1,175,250.00000000000003,Labor,220 Subcontractor Labor
22PR4rLV4LPs,Job 00344,9.5.4 - Bonding Installation,Subcontractor,1,500,714.2857142857143,Labor,220 Subcontractor Labor
22PR4rLV4LPs,Job 00344,"9.7.1,3,6 - Junction Box Installation",Subcontractor,1,400,571.4285714285714,Labor,220 Subcontractor Labor
22PR4rLV4LPs,Job 00344,9.7.4 - Improper Wiring Repair,Subcontractor,1,385,550,Labor,220 Subcontractor Labor
22PR4rLV4LPs,Job 00344,9.11.1 - GFCI Outlet Replacement,Subcontractor,1,375,535.7142857142858,Labor,220 Subcontractor Labor
22PR4rLV4LPs,Job 00344,9.7.5 - Damaged Wiring Repair,Subcontractor,1,300,428.5714285714286,Labor,220 Subcontractor Labor
22PR4rLV4LPs,Job 00344,"9.10.1,2 - Bath Exhaust Fan Replacement",Subcontractor,1,200,285.7142857142857,Labor,220 Subcontractor Labor
22PR4rLV4LPs,Job 00344,11.1.1 - Plumbing Leak Repair,Subcontractor,1,407,581.4285714285714,Labor,220 Subcontractor Labor
22PR7Tr5qTAy,Job 00345,Deadbolt Latch Adjustment,Hourly Rate,1,55,89,Materials,0000 Uncategorized
22PR7Tr5qTAy,Job 00345,Seal Countertop->Backsplash,Hourly Rate,2,55,89,Materials,0000 Uncategorized
22PR7Tr5qTAy,Job 00345,Fungal Remediation Options,Fungal Treatment (Fumigation Process),1500,0.65,0.9425,Materials,0000 Uncategorized
22PR7Tr5qTAy,Job 00345,Exterior Spigot Repair,"1/2"" Exterior Spigot",,12.36,20.64,Materials,0000 Uncategorized
22PR7Tr5qTAy,Job 00345,Exterior Spigot Repair,"1/2""x 5' Pex Pipe",,2.7,4.51,Materials,0000 Uncategorized
22PR7Tr5qTAy,Job 00345,Exterior Spigot Repair,"1/2"" Push to connect coupling",,8.1,13.53,Materials,0000 Uncategorized
22PR7Tr5qTAy,Job 00345,Exterior Spigot Repair,Hourly Rate,3,55,89,Materials,0000 Uncategorized
22PR7Tr5qTAy,Job 00345,Secure Crawl Space Wiring,"1/2"" Electrical Staples",,11.26,18.8,Materials,0000 Uncategorized
22PR7Tr5qTAy,Job 00345,Secure Crawl Space Wiring,Hourly Rate,1.5,55,89,Materials,0000 Uncategorized
22PR7Tr5qTAy,Job 00345,Secure HVAC Damper Controller,Hourly Rate,1,55,89,Materials,0000 Uncategorized
22PR7Tr5qTAy,Job 00345,Extend Condensate Line,Charlotte Pipe 3/4 in. x 10 ft. PVC Schedule 40 Pressure Plain-End Pipe,,6.56,10.96,Materials,0000 Uncategorized
22PR7Tr5qTAy,Job 00345,Extend Condensate Line,Charlotte Pipe 3/4 in. PVC Schedule 40 S x S Coupling,,0.52,0.83,Materials,0000 Uncategorized
22PR7Tr5qTAy,Job 00345,Extend Condensate Line,Charlotte Pipe 3/4 in. PVC Schedule. 40 90° S x S Elbow Fitting,,0.73,1.22,Materials,0000 Uncategorized
22PR7Tr5qTAy,Job 00345,Extend Condensate Line,Hourly Rate,2,55,89,Materials,0000 Uncategorized
22PR7Tr5qTAy,Job 00345,Microwave Remove/Reset,Miscellaneous,,20,33.00000000000001,Materials,0000 Uncategorized
22PR7Tr5qTAy,Job 00345,Microwave Remove/Reset,Hourly Rate,5,55,89,Materials,0000 Uncategorized
22PR7Tr5qTAy,Job 00345,Porch Post Fasteners,Deckmate 3 inch wood screw,,12.98,21.417000000000005,Materials,410 Framing
22PR7Tr5qTAy,Job 00345,Porch Post Fasteners,Hourly Rate,2,55,89,Materials,0000 Uncategorized
22PR7Tr5qTAy,Job 00345,Porch Post Fasteners,Deckmate 3 inch wood screw,,12.98,21.417000000000005,Materials,410 Framing
22PR7Tr5qTAy,Job 00345,Porch Post Fasteners,Hourly Rate,2,55,89,Materials,0000 Uncategorized
22PR7X2azbL5,Job 00346,Exterior Siding/Trim Repairs,1050 Quick Dry Siliconized Acrylic Latex Caulk,2,3.31,5.462,Materials,0000 Uncategorized
22PR7X2azbL5,Job 00346,Exterior Siding/Trim Repairs,Custom Gallon Paint/Stain,1,60,99.00000000000001,Materials,2300 Painting
22PR7X2azbL5,Job 00346,Exterior Siding/Trim Repairs,Hourly Rate,10,55,89,Materials,0000 Uncategorized
22PR7X2azbL5,Job 00346,Exterior Siding/Trim Repairs,1x6x18 Vinyl Trim Plank,3,54.9,90.585,Materials,0000 Uncategorized
22PR7X2azbL5,Job 00346,Exterior Siding/Trim Repairs,2x4x12 PT,4,10.84,18.11,Materials,0000 Uncategorized
22PR7X2azbL5,Job 00346,Exterior Siding/Trim Repairs,2x6x12 PT,4,13.16,21.98,Materials,0000 Uncategorized
22PR7X2azbL5,Job 00346,Exterior Siding/Trim Repairs,Trim Coil,2,200,330.00000000000006,Materials,0000 Uncategorized
22PR7X2azbL5,Job 00346,Exterior Siding/Trim Repairs,Subcontractor,,6900,10005,Labor,220 Subcontractor Labor
22PR7X2azbL5,Job 00346,Exterior Siding/Trim Repairs,"Hardie Plank Cedarmill Lap Siding (8.25 in. for 7"" Reveal)",15,13.31,22.23,Materials,0000 Uncategorized
22PR7X2azbL5,Job 00346,Exterior Siding/Trim Repairs,"Hardie Plank Cedarmill Lap Siding (8.25 in. for 7"" Reveal)",15,13.31,22.23,Materials,0000 Uncategorized
22PR7X2azbL5,Job 00346,Exterior Siding/Trim Repairs,1050 Quick Dry Siliconized Acrylic Latex Caulk,2,3.31,5.462,Materials,0000 Uncategorized
22PR7X2azbL5,Job 00346,Exterior Siding/Trim Repairs,Custom Gallon Paint/Stain,1,60,99.00000000000001,Materials,2300 Painting
22PR7X2azbL5,Job 00346,Exterior Siding/Trim Repairs,Hourly Rate,10,55,89,Materials,0000 Uncategorized
22PR7X2azbL5,Job 00346,Exterior Siding/Trim Repairs,1x6x18 Vinyl Trim Plank,3,54.9,90.585,Materials,0000 Uncategorized
22PR7X2azbL5,Job 00346,Exterior Siding/Trim Repairs,2x4x12 PT,4,10.84,18.11,Materials,0000 Uncategorized
22PR7X2azbL5,Job 00346,Exterior Siding/Trim Repairs,2x6x12 PT,4,13.16,21.98,Materials,0000 Uncategorized
22PR7X2azbL5,Job 00346,Exterior Siding/Trim Repairs,Trim Coil,2,200,330.00000000000006,Materials,0000 Uncategorized
22PR7X2azbL5,Job 00346,Exterior Siding/Trim Repairs,Subcontractor,,6900,10005,Labor,220 Subcontractor Labor
22PR7X2azbL5,Job 00346,Exterior Siding/Trim Repairs,"Hardie Plank Cedarmill Lap Siding (8.25 in. for 7"" Reveal)",15,13.31,,Materials,0000 Uncategorized
22PR7X2azbL5,Job 00346,Exterior Siding/Trim Repairs,1050 Quick Dry Siliconized Acrylic Latex Caulk,2,3.31,,Materials,0000 Uncategorized
22PR7X2azbL5,Job 00346,Exterior Siding/Trim Repairs,Custom Gallon Paint/Stain,1,60,,Materials,2300 Painting
22PR7X2azbL5,Job 00346,Exterior Siding/Trim Repairs,Hourly Rate,10,55,,Materials,0000 Uncategorized
22PR7X2azbL5,Job 00346,Exterior Siding/Trim Repairs,1x6x18 Vinyl Trim Plank,3,54.9,,Materials,0000 Uncategorized
22PR7X2azbL5,Job 00346,Exterior Siding/Trim Repairs,2x4x12 PT,4,10.84,,Materials,0000 Uncategorized
22PR7X2azbL5,Job 00346,Exterior Siding/Trim Repairs,2x6x12 PT,4,13.16,,Materials,0000 Uncategorized
22PR7X2azbL5,Job 00346,Exterior Siding/Trim Repairs,Trim Coil,2,200,,Materials,0000 Uncategorized
22PR7X2azbL5,Job 00346,Exterior Siding/Trim Repairs,Subcontractor,,6900,,Labor,220 Subcontractor Labor
22PR7X2azbL5,Job 00346,Exterior Siding/Trim Repairs,"Hardie Plank Cedarmill Lap Siding (8.25 in. for 7"" Reveal)",15,13.31,22.23,Materials,0000 Uncategorized
22PR7X2azbL5,Job 00346,Exterior Siding/Trim Repairs,1050 Quick Dry Siliconized Acrylic Latex Caulk,2,3.3100000000000005,5.46,Materials,0000 Uncategorized
22PR7X2azbL5,Job 00346,Exterior Siding/Trim Repairs,Custom Gallon Paint/Stain,1,60,99,Materials,2300 Painting
22PR7X2azbL5,Job 00346,Exterior Siding/Trim Repairs,Hourly Rate,10,54.99999999999999,89,Materials,0000 Uncategorized
22PR7X2azbL5,Job 00346,Exterior Siding/Trim Repairs,1x6x18 Vinyl Trim Plank,3,54.9,90.58666666666666,Materials,0000 Uncategorized
22PR7X2azbL5,Job 00346,Exterior Siding/Trim Repairs,2x4x12 PT,4,10.839999999999998,18.11,Materials,0000 Uncategorized
22PR7X2azbL5,Job 00346,Exterior Siding/Trim Repairs,2x6x12 PT,4,13.16,21.98,Materials,0000 Uncategorized
22PR7X2azbL5,Job 00346,Exterior Siding/Trim Repairs,Trim Coil,2,200,330,Materials,0000 Uncategorized
22PR7X2azbL5,Job 00346,Exterior Siding/Trim Repairs,Subcontractor,,6900.000000000001,10005,Labor,220 Subcontractor Labor
22PRBYWdMYVs,Job 00349,Drywall Repairs/Painting,Subcontractor,,1800,2571.4285714285716,Labor,220 Subcontractor Labor
22PRBYWdMYVs,Job 00349,Drywall Repairs/Painting,Subcontractor,,1800,2571.4285714285716,Labor,220 Subcontractor Labor
22PRBYWdMYVs,Job 00349,Light Switch (3-way) Repair,15 Amp 3-Way Toggle Switch,,2.3,3.85,Materials,0000 Uncategorized
22PRBYWdMYVs,Job 00349,Light Switch (3-way) Repair,Hourly Rate,2.5,55,89,Materials,0000 Uncategorized
22PRBYWdMYVs,Job 00349,Drywall Repairs/Painting,Subcontractor,,1800,2571.4285714285716,Labor,220 Subcontractor Labor
22PRBYWdMYVs,Job 00349,Light Switch (3-way) Repair,15 Amp 3-Way Toggle Switch,,2.3,3.85,Materials,0000 Uncategorized
22PRBYWdMYVs,Job 00349,Light Switch (3-way) Repair,Hourly Rate,2.5,55,89,Materials,0000 Uncategorized
22PRBYWdMYVs,Job 00349,Uncategorized,Uncategorized 1000 1000 Preparation and Management Fees Labor,,,,Labor,1000 1000 Preparation and Management Fees
22PRBYWdMYVs,Job 00349,Drywall Repairs/Painting,Subcontractor,,1799.9999999999998,2571.43,Labor,220 Subcontractor Labor
22PRBYWdMYVs,Job 00349,Light Switch (3-way) Repair,15 Amp 3-Way Toggle Switch,,2.3,3.85,Materials,0000 Uncategorized
22PRBYWdMYVs,Job 00349,Light Switch (3-way) Repair,Hourly Rate,2.5,54.99999999999999,89,Materials,0000 Uncategorized
22PRPm9YLBm8,Job 00350,Bathtub/Shower/Sink Sealing,GESilicone 1 10.1 oz. White Bath Tub and Tile Caulk,,8.98,16,Materials,0000 Uncategorized
22PRPm9YLBm8,Job 00350,Bathtub/Shower/Sink Sealing,Hourly Rate,4,55,89,Materials,0000 Uncategorized
22PRPm9YLBm8,Job 00350,Bathtub/Shower/Sink Sealing,GESilicone 1 10.1 oz. White Bath Tub and Tile Caulk,,8.98,16,Materials,0000 Uncategorized
22PRPm9YLBm8,Job 00350,Bathtub/Shower/Sink Sealing,Hourly Rate,4,55,89,Materials,0000 Uncategorized
22PRPm9YLBm8,Job 00350,Bathtub/Shower/Sink Sealing,GESilicone 1 10.1 oz. White Bath Tub and Tile Caulk,,8.98,,Materials,0000 Uncategorized
22PRPm9YLBm8,Job 00350,Bathtub/Shower/Sink Sealing,Hourly Rate,4,55,,Materials,0000 Uncategorized
22PRPm9YLBm8,Job 00350,Bathtub/Shower/Sink Sealing,GESilicone 1 10.1 oz. White Bath Tub and Tile Caulk,,8.98,16,Materials,0000 Uncategorized
22PRPm9YLBm8,Job 00350,Bathtub/Shower/Sink Sealing,Hourly Rate,4,54.99999999999999,89,Materials,0000 Uncategorized
22PRT3kNAmLd,Job 00354,Lighting/Fixtures,Subcontractor,1,650,650,Labor,220 Subcontractor Labor
22PRT3kNAmLd,Job 00354,Lighting/Fixtures,"4"" Retrofit Trim Led Can Light",6,15.87,15.87,Materials,0000 Uncategorized
22PRT3kNAmLd,Job 00354,Drywall Repair,White Oil-Based Interior/Exterior Primer and Sealer,1,34.98,34.98,Materials,0000 Uncategorized
22PRT3kNAmLd,Job 00354,Drywall Repair,Sanding Discs,1,8.97,8.97,Materials,0000 Uncategorized
22PRT3kNAmLd,Job 00354,Drywall Repair,1/2 in. x 4 ft. x 8 ft. UltraLight Drywall,1,11.25,11.25,Materials,0000 Uncategorized
22PRT3kNAmLd,Job 00354,Drywall Repair,Drywall Joint Tape,1,16.75,16.75,Materials,0000 Uncategorized
22PRT3kNAmLd,Job 00354,Drywall Repair,Drywall Mud,1,17.92,17.92,Materials,0000 Uncategorized
22PRT3kNAmLd,Job 00354,Drywall Repair,Ceiling White Paint,1,42.49,42.49,Materials,0000 Uncategorized
22PRT3kNAmLd,Job 00354,Drywall Repair,Hourly Rate,26.5833,55,55,Materials,0000 Uncategorized
22PRT3kNAmLd,Job 00354,Drywall Repair,Floor Covering - Econo Runner,1,121.79,121.79,Materials,0000 Uncategorized
22PRT3kNAmLd,Job 00354,Drywall Repair,Plastic Sheeting,1,53.24,53.24,Materials,0000 Uncategorized
22PRT3kNAmLd,Job 00354,Lighting/Fixtures,Subcontractor,1,650,650,Labor,220 Subcontractor Labor
22PRT3kNAmLd,Job 00354,Lighting/Fixtures,"4"" Retrofit Trim Led Can Light",6,15.87,15.87,Materials,0000 Uncategorized
22PRT3kNAmLd,Job 00354,Drywall Repair,Hourly Rate,26.5833,54.99994357359695,54.99994357359695,Materials,0000 Uncategorized
22PRT3kNAmLd,Job 00354,Drywall Repair,White Oil-Based Interior/Exterior Primer and Sealer,1,34.98,34.98,Materials,0000 Uncategorized
22PRT3kNAmLd,Job 00354,Drywall Repair,Sanding Discs,1,8.97,8.97,Materials,0000 Uncategorized
22PRT3kNAmLd,Job 00354,Drywall Repair,1/2 in. x 4 ft. x 8 ft. UltraLight Drywall,1,11.25,11.25,Materials,0000 Uncategorized
22PRT3kNAmLd,Job 00354,Drywall Repair,Drywall Joint Tape,1,16.75,16.75,Materials,0000 Uncategorized
22PRT3kNAmLd,Job 00354,Drywall Repair,Drywall Mud,1,17.92,17.92,Materials,0000 Uncategorized
22PRT3kNAmLd,Job 00354,Drywall Repair,Ceiling White Paint,1,42.49,42.49,Materials,0000 Uncategorized
22PRT3kNAmLd,Job 00354,Drywall Repair,Floor Covering - Econo Runner,1,121.79,121.79,Materials,0000 Uncategorized
22PRT3kNAmLd,Job 00354,Drywall Repair,Plastic Sheeting,1,53.24,53.24,Materials,0000 Uncategorized
22PRTcUjia4i,Job 00356,Feature Wall,Interior Trim Labor,2,425,616.25,Subcontractor,5000 Interior Finishing
22PRTcUjia4i,Job 00356,Feature Wall,Interior Trim - Accents,1,1200,1739.9999999999998,Materials,5000 Interior Finishing
22PRTcUjia4i,Job 00356,Interior Paint,Masking & Protection Labor,1,2250,3262.5,Labor,0000 Uncategorized
22PRTcUjia4i,Job 00356,Interior Paint,Wall Paint Labor,,,,Labor,0000 Uncategorized
22PRTcUjia4i,Job 00356,Interior Paint,Ceiling Paint Labor,,,,Labor,0000 Uncategorized
22PRTcUjia4i,Job 00356,Interior Paint,Interior Trim Paint Labor,,,,Labor,0000 Uncategorized
22PRTcUjia4i,Job 00356,Interior Paint,SW - Super Paint,,,,Materials,0000 Uncategorized
22PRTcUjia4i,Job 00356,Interior Paint,Masking & Protection Labor,1,2250,3262.5,Labor,0000 Uncategorized
22PRTcUjia4i,Job 00356,Interior Paint,Wall Paint Labor,,,,Labor,0000 Uncategorized
22PRTcUjia4i,Job 00356,Interior Paint,Ceiling Paint Labor,,,,Labor,0000 Uncategorized
22PRTcUjia4i,Job 00356,Interior Paint,Interior Trim Paint Labor,,,,Labor,0000 Uncategorized
22PRTcUjia4i,Job 00356,Interior Paint,SW - Super Paint,,,,Materials,0000 Uncategorized
22PRTcUjia4i,Job 00356,Flooring,Hardwood Flooring,441.036578936884,10.25,14.862499999999999,Subcontractor,5000 Interior Finishing
22PRTcUjia4i,Job 00356,Flooring,Hardwood Finishing,440,3.25,4.7124999999999995,Subcontractor,5000 Interior Finishing
22PRTcUjia4i,Job 00356,Interior Trim,Interior Trim Labor,2,425,616.25,Subcontractor,5000 Interior Finishing
22PRTcUjia4i,Job 00356,Interior Trim,EC 45 - 5 1/4 Crown Moulding- per LF,74.7919528046587,4.31,7.1115,Materials,0000 Uncategorized
22PRTcUjia4i,Job 00356,Flooring,Hardwood Flooring,441.036578936884,10.25,14.862499999999999,Subcontractor,5000 Interior Finishing
22PRTcUjia4i,Job 00356,Flooring,Hardwood Finishing,440,3.25,4.7124999999999995,Subcontractor,5000 Interior Finishing
22PRTcUjia4i,Job 00356,Interior Trim,Interior Trim Labor,2,425,616.25,Subcontractor,5000 Interior Finishing
22PRTcUjia4i,Job 00356,Interior Trim,EC 45 - 5 1/4 Crown Moulding- per LF,74.7919528046587,4.31,7.1115,Materials,0000 Uncategorized
22PRTcUjia4i,Job 00356,Feature Wall,Interior Trim - Accents,1,1200,1739.9999999999998,Materials,5000 Interior Finishing
22PRTcUjia4i,Job 00356,Feature Wall,Interior Trim Labor,2,425,616.25,Subcontractor,5000 Interior Finishing
22PRTcUjia4i,Job 00356,Interior Paint,Masking & Protection Labor,1,2250,3262.5,Labor,0000 Uncategorized
22PRTcUjia4i,Job 00356,Interior Paint,Wall Paint Labor,,0,0,Labor,0000 Uncategorized
22PRTcUjia4i,Job 00356,Interior Paint,Ceiling Paint Labor,,0,0,Labor,0000 Uncategorized
22PRTcUjia4i,Job 00356,Interior Paint,Interior Trim Paint Labor,,0,0,Labor,0000 Uncategorized
22PRTcUjia4i,Job 00356,Interior Paint,SW - Super Paint,,0,0,Materials,0000 Uncategorized
22PRTcUjia4i,Job 00356,Interior Paint,Masking & Protection Labor,1,2250,3262.5,Labor,0000 Uncategorized
22PRTcUjia4i,Job 00356,Interior Paint,Wall Paint Labor,,0,0,Labor,0000 Uncategorized
22PRTcUjia4i,Job 00356,Interior Paint,Ceiling Paint Labor,,0,0,Labor,0000 Uncategorized
22PRTcUjia4i,Job 00356,Interior Paint,Interior Trim Paint Labor,,0,0,Labor,0000 Uncategorized
22PRTcUjia4i,Job 00356,Interior Paint,SW - Super Paint,,0,0,Materials,0000 Uncategorized
22PRWPM2gx7C,Job 00358,Plumbing Evaluation,Subcontractor,1,250,362.5,Labor,220 Subcontractor Labor
22PRWPM2gx7C,Job 00358,Plumbing Evaluation,Subcontractor,1,250,362.5,Labor,220 Subcontractor Labor
22PRWnkyKFMJ,Job 00359,Exploratory Demo (Burst Pipe),Hourly Rate,20,55,89,Materials,0000 Uncategorized
22PRWnkyKFMJ,Job 00359,Exploratory Demo (Burst Pipe),Floor Covering - Econo Runner,0.5,121.79,200.96,Materials,0000 Uncategorized
22PRWnkyKFMJ,Job 00359,Exploratory Demo (Burst Pipe),Hourly Rate,20,55,89,Materials,0000 Uncategorized
22PRWnkyKFMJ,Job 00359,Exploratory Demo (Burst Pipe),Floor Covering - Econo Runner,0.5,121.79,200.96,Materials,0000 Uncategorized
22PRWnkyKFMJ,Job 00359,Burst Pipe Repair,Subcontractor,,750,1071.4285714285716,Labor,220 Subcontractor Labor
22PRWnkyKFMJ,Job 00359,Burst Pipe Repair,Subcontractor,,750,1071.4285714285716,Labor,220 Subcontractor Labor
22PRWnkyKFMJ,Job 00359,Exploratory Demo (Burst Pipe),Hourly Rate,20,54.99999999999999,89,Materials,0000 Uncategorized
22PRWnkyKFMJ,Job 00359,Exploratory Demo (Burst Pipe),Floor Covering - Econo Runner,0.5,121.8,200.96,Materials,0000 Uncategorized
22PRWnkyKFMJ,Job 00359,Burst Pipe Repair,Subcontractor,,749.9999999999999,1071.43,Labor,220 Subcontractor Labor
22PRWnkyKFMJ,Job 00359,Interior Trim Repairs,Hourly Rate,40,55,89,Labor,0000 Uncategorized
22PRWnkyKFMJ,Job 00359,Interior Trim Repairs,R-13 Kraft Faced Fiberglass Insulation Batt 15 in. x 93 in.,,75.98,126.89,Materials,0000 Uncategorized
22PRWnkyKFMJ,Job 00359,Siding/Flashing Repairs,Hourly Rate,30,55,89,Labor,0000 Uncategorized
22PRWnkyKFMJ,Job 00359,Siding/Flashing Repairs,Miscellaneous,,100,165.00000000000003,Materials,0000 Uncategorized
22PRWnkyKFMJ,Job 00359,Hardwood Flooring Replacement (Upstairs Bathroom),subcontractor,,1600,2320,Labor,0000 Uncategorized
22PRWnkyKFMJ,Job 00359,Crawlspace Insulation/Duct Work Repairs,Hourly Rate,6,55,89,Labor,0000 Uncategorized
22PRWnkyKFMJ,Job 00359,Crawlspace Insulation/Duct Work Repairs,Owens Corning R-19 Kraft Faced Fiberglass Insulation Batt 15 in. x 93 in.,,69.88,129.28,Materials,0000 Uncategorized
22PRcxSi84it,Job 00363,Replace Shutters,Hourly Rate,8,55,89,Materials,0000 Uncategorized
22PRcxSi84it,Job 00363,Replace Shutters,Exterior Custom Shutters,,250,412.50000000000006,Labor,0000 Uncategorized
22PRcxSi84it,Job 00363,Replace Shutters,Hourly Rate,8,55,89,Materials,0000 Uncategorized
22PRcxSi84it,Job 00363,Replace Shutters,Exterior Custom Shutters,,250,412.50000000000006,Labor,0000 Uncategorized
22PRcxSi84it,Job 00363,Replace Shutters,Hourly Rate,8,55,,Materials,0000 Uncategorized
22PRcxSi84it,Job 00363,Replace Shutters,Exterior Custom Shutters,,250,,Labor,0000 Uncategorized
22PRd5HGdAET,Job 00364,Interior Painting,subcontractor,,13000,17550,Labor,0000 Uncategorized
22PRd5HGdAET,Job 00364,Exterior Door Replacement (sunroom),subcontractor,,1250,1687.5,Labor,0000 Uncategorized
22PRd5HGdAET,Job 00364,Exterior Door Replacement (sunroom),Miscellaneous,,150,247.50000000000003,Materials,0000 Uncategorized
22PRd5HGdAET,Job 00364,Exterior Door Replacement (sunroom),Custom Order Sierra Pacific Exterior Door (triple),,5700,7695,Materials,0000 Uncategorized
22PRd5HGdAET,Job 00364,Electrical,subcontractor,,3600,4860,Labor,0000 Uncategorized
22PRd5HGdAET,Job 00364,Portable Toilet,Port a John,2,125,168.75,Subcontractor,1000 1000 Preparation and Management Fees
22PRd5HGdAET,Job 00364,Dumpster,Dumpster Fees,,375,618.75,Materials,0000 Uncategorized
22PRd5HGdAET,Job 00364,Interior Trim,Materials,,4000,6600.000000000001,Materials,0000 Uncategorized
22PRd5HGdAET,Job 00364,Interior Trim,subcontractor,,11250,15187.5,Labor,0000 Uncategorized
22PRd5HGdAET,Job 00364,Roof Replacement (Modified Roll Roofing),subcontractor,,6000,8100,Labor,0000 Uncategorized
22PRd5HGdAET,Job 00364,Gutter Replacement,subcontractor,,1800,2430,Labor,0000 Uncategorized
22PRd5HGdAET,Job 00364,Project Management Fee,project management fee,,6000,8999.999999999998,Labor,0000 Uncategorized
22PRd5HGdAET,Job 00364,Interior Trim,Miscellaneous,,150,247.50000000000003,Materials,0000 Uncategorized
22PRd5HGdAET,Job 00364,Interior Trim,Hourly Rate,8,55,89,Labor,0000 Uncategorized
22PRd5HGdAET,Job 00364,Interior Trim,Materials,,3500,5775.000000000001,Materials,0000 Uncategorized
22PRd5HGdAET,Job 00364,Interior Trim,subcontractor,,8500,11900.000000000002,Labor,0000 Uncategorized
22PRpTsBE8Yx,Job 00366,Garage Door Motor Replacement,Subcontractor,,3812,5146.200000000001,Labor,220 Subcontractor Labor
22PRpTsBE8Yx,Job 00366,Garage Door Motor Replacement,Subcontractor,,1200,1640.4,Labor,220 Subcontractor Labor
22PRpTsBE8Yx,Job 00366,Garage Door Motor Replacement,Subcontractor,,3812,5146.200000000001,Labor,220 Subcontractor Labor
22PRpTsBE8Yx,Job 00366,Garage Door Motor Replacement,Subcontractor,,1200,1640.4,Labor,220 Subcontractor Labor
22PRpTsBE8Yx,Job 00366,Garage Door Motor Replacement,Subcontractor,,3811.9999999999995,5146.2,Labor,220 Subcontractor Labor
22PRpTsBE8Yx,Job 00366,Garage Door Motor Replacement,Subcontractor,,1200,1640.4,Labor,220 Subcontractor Labor
22PRrsTMpyez,Job 00368,3.3.1 - Conduit Installation,Subcontractor,,450,652.5,Labor,220 Subcontractor Labor
22PRrsTMpyez,Job 00368,10.6.1 - Clogged Drain Repair,Hourly Rate,1.5,55,89,Materials,0000 Uncategorized
22PRrsTMpyez,Job 00368,12.4.1 - Light Fixture Replacement,Electrical Fixture Allowance,,30,50.099999999999994,Materials,0000 Uncategorized
22PRrsTMpyez,Job 00368,12.4.1 - Light Fixture Replacement,Light Bulb (Standard),,1.04,1.74,Materials,0000 Uncategorized
22PRrsTMpyez,Job 00368,12.4.1 - Light Fixture Replacement,Hourly Rate,2.5,55,89,Materials,0000 Uncategorized
22PRrsTMpyez,Job 00368,14.6.2 - Dryer Vent Cleaning,Hourly Rate,3,55,89,Materials,0000 Uncategorized
22PRrsTMpyez,Job 00368,15.6.1 - Interior Handrail Repair,Hourly Rate,3.5,55,89,Materials,0000 Uncategorized
22PRrsTMpyez,Job 00368,3.3.1 - Conduit Installation,Subcontractor,,450,652.5,Labor,220 Subcontractor Labor
22PRrsTMpyez,Job 00368,10.6.1 - Clogged Drain Repair,Hourly Rate,1.5,55,89,Materials,0000 Uncategorized
22PRrsTMpyez,Job 00368,12.4.1 - Light Fixture Replacement,Electrical Fixture Allowance,,30,50.099999999999994,Materials,0000 Uncategorized
22PRrsTMpyez,Job 00368,12.4.1 - Light Fixture Replacement,Light Bulb (Standard),,1.04,1.74,Materials,0000 Uncategorized
22PRrsTMpyez,Job 00368,12.4.1 - Light Fixture Replacement,Hourly Rate,2.5,55,89,Materials,0000 Uncategorized
22PRrsTMpyez,Job 00368,14.6.2 - Dryer Vent Cleaning,Hourly Rate,3,55,89,Materials,0000 Uncategorized
22PRrsTMpyez,Job 00368,15.6.1 - Interior Handrail Repair,Hourly Rate,3.5,55,89,Materials,0000 Uncategorized
22PRsKWzn99a,Job 00369,Window Replacements,Composite Shim,,2.23,3.6795000000000004,Materials,0000 Uncategorized
22PRsKWzn99a,Job 00369,Window Replacements,#10 x 2-1/2 in. 305 Stainless Steel Star Drive Deck Screw (1 lb/Pack),,16.29,27.2,Materials,0000 Uncategorized
22PRsKWzn99a,Job 00369,Window Replacements,GREAT STUFF Smart Straw Window and Door Foam Sealant,8,8.18,13.66,Materials,0000 Uncategorized
22PRsKWzn99a,Job 00369,Window Replacements,1x2x8 PT,50,2.72,4.54,Materials,0000 Uncategorized
22PRsKWzn99a,Job 00369,Window Replacements,356 Door & Window Casing Moulding,50,5.85,9.77,Materials,0000 Uncategorized
22PRsKWzn99a,Job 00369,Window Replacements,Haul Away,,228,350,Materials,0000 Uncategorized
22PRsKWzn99a,Job 00369,Window Replacements,1050 Quick Dry Siliconized Acrylic Latex Caulk,,3.31,5.462,Materials,0000 Uncategorized
22PRsKWzn99a,Job 00369,Window Replacements,"Typar Butyl Flashing Tape - 4"" W x 75' L",7,25.75,43,Materials,0000 Uncategorized
22PRsKWzn99a,Job 00369,Window Replacements,Hourly Rate,90,55,89,Materials,0000 Uncategorized
22PRsKWzn99a,Job 00369,Window Replacements,Subcontractor,,2000,2900,Labor,220 Subcontractor Labor
22PRsKWzn99a,Job 00369,Vinyl Siding Replacement,Subcontractor,,13500,19575,Labor,220 Subcontractor Labor
22PRsKWzn99a,Job 00369,Vinyl Siding Replacement,Custom Vinyl Siding order,,8800,12760,Materials,0000 Uncategorized
22PRsKWzn99a,Job 00369,Front Door Replacement,Custom Order front door,,3500,5775.000000000001,Materials,0000 Uncategorized
22PRsKWzn99a,Job 00369,Front Door Replacement,Hourly Rate,12,55,89,Materials,0000 Uncategorized
22PRsKWzn99a,Job 00369,Front Door Replacement,Miscellaneous,,200,330.00000000000006,Materials,0000 Uncategorized
22PRsKWzn99a,Job 00369,Sliding Doors Install/Replacement,Hourly Rate,36,55,89,Materials,0000 Uncategorized
22PRsKWzn99a,Job 00369,Sliding Doors Install/Replacement,Sliding doors,2,1250,2062.5000000000005,Materials,0000 Uncategorized
22PRsKWzn99a,Job 00369,Sliding Doors Install/Replacement,Miscellaneous,,300,495.00000000000006,Materials,0000 Uncategorized
22PRsKWzn99a,Job 00369,Sliding Doors Install/Replacement,Subcontractor,2,150,217.49999999999997,Labor,220 Subcontractor Labor
22PRsKWzn99a,Job 00369,Window Install Materials,Composite Shim,,2.23,3.6795000000000004,Materials,0000 Uncategorized
22PRsKWzn99a,Job 00369,Window Install Materials,#10 x 2-1/2 in. 305 Stainless Steel Star Drive Deck Screw (1 lb/Pack),,16.29,27.2,Materials,0000 Uncategorized
22PRsKWzn99a,Job 00369,Window Install Materials,GREAT STUFF Smart Straw Window and Door Foam Sealant,8,8.18,13.66,Materials,0000 Uncategorized
22PRsKWzn99a,Job 00369,Window Install Materials,1x2x8 PT,50,2.72,4.54,Materials,0000 Uncategorized
22PRsKWzn99a,Job 00369,Window Install Materials,356 Door & Window Casing Moulding,50,5.85,9.77,Materials,0000 Uncategorized
22PRsKWzn99a,Job 00369,Window Install Materials,Haul Away,,228,350,Materials,0000 Uncategorized
22PRsKWzn99a,Job 00369,Window Install Materials,1050 Quick Dry Siliconized Acrylic Latex Caulk,,3.31,5.462,Materials,0000 Uncategorized
22PRsKWzn99a,Job 00369,Window Install Materials,"Typar Butyl Flashing Tape - 4"" W x 75' L",7,25.75,43,Materials,0000 Uncategorized
22PRsKWzn99a,Job 00369,Window Install Materials,11/16-in x 2-1/2-in x 8-ft Primed Pine Stool,13,21.98,36.71,Materials,0000 Uncategorized
22PRsKWzn99a,Job 00369,Window Install Materials,2x4x10 Dimensional Lumber,6,5.62,9.273,Materials,0000 Uncategorized
22PRsKWzn99a,Job 00369,Gutter & Downspout Replacement,Subcontractor,,3510,5089.5,Labor,220 Subcontractor Labor
22PRsKWzn99a,Job 00369,Window Replacements (extras),11/16-in x 2-1/2-in x 8-ft Primed Pine Stool,7,21.98,36.71,Materials,0000 Uncategorized
22PRsKWzn99a,Job 00369,Window Replacements (extras),Composite Shim,,2.23,3.6795000000000004,Materials,0000 Uncategorized
22PRsKWzn99a,Job 00369,Window Replacements (extras),#10 x 2-1/2 in. 305 Stainless Steel Star Drive Deck Screw (1 lb/Pack),,16.29,27.2,Materials,0000 Uncategorized
22PRsKWzn99a,Job 00369,Window Replacements (extras),GREAT STUFF Smart Straw Window and Door Foam Sealant,4,8.18,13.66,Materials,0000 Uncategorized
22PRsKWzn99a,Job 00369,Window Replacements (extras),1x2x8 PT,20,2.72,4.54,Materials,0000 Uncategorized
22PRsKWzn99a,Job 00369,Window Replacements (extras),Haul Away,,228,350,Materials,0000 Uncategorized
22PRsKWzn99a,Job 00369,Window Replacements (extras),356 Door & Window Casing Moulding,20,5.85,9.77,Materials,0000 Uncategorized
22PRsKWzn99a,Job 00369,Window Replacements (extras),1050 Quick Dry Siliconized Acrylic Latex Caulk,,3.31,5.462,Materials,0000 Uncategorized
22PRsKWzn99a,Job 00369,Window Replacements (extras),"Typar Butyl Flashing Tape - 4"" W x 75' L",3,25.75,43,Materials,0000 Uncategorized
22PRsKWzn99a,Job 00369,Window Replacements (extras),Custom Order Windows,,4500,6525,Materials,0000 Uncategorized
22PRsKWzn99a,Job 00369,Window Install Materials,11/16-in x 2-1/2-in x 8-ft Primed Pine Stool,7,21.98,36.71,Materials,0000 Uncategorized
22PRsKWzn99a,Job 00369,Window Install Materials,Composite Shim,,2.23,3.6795000000000004,Materials,0000 Uncategorized
22PRsKWzn99a,Job 00369,Window Install Materials,#10 x 2-1/2 in. 305 Stainless Steel Star Drive Deck Screw (1 lb/Pack),,16.29,27.2,Materials,0000 Uncategorized
22PRsKWzn99a,Job 00369,Window Install Materials,GREAT STUFF Smart Straw Window and Door Foam Sealant,4,8.18,13.66,Materials,0000 Uncategorized
22PRsKWzn99a,Job 00369,Window Install Materials,1x2x8 PT,20,2.72,4.54,Materials,0000 Uncategorized
22PRsKWzn99a,Job 00369,Window Install Materials,Haul Away,,228,350,Materials,0000 Uncategorized
22PRsKWzn99a,Job 00369,Window Install Materials,356 Door & Window Casing Moulding,20,5.85,9.77,Materials,0000 Uncategorized
22PRsKWzn99a,Job 00369,Window Install Materials,1050 Quick Dry Siliconized Acrylic Latex Caulk,,3.31,5.462,Materials,0000 Uncategorized
22PRsKWzn99a,Job 00369,Window Install Materials,"Typar Butyl Flashing Tape - 4"" W x 75' L",3,25.75,43,Materials,0000 Uncategorized
22PRsKWzn99a,Job 00369,Window Replacements,2x4x10 Dimensional Lumber,6,5.62,9.273,Materials,0000 Uncategorized
22PRsKWzn99a,Job 00369,Window Replacements,2x6x10 Dimensional Lumber,2,13.05,21.533,Materials,0000 Uncategorized
22PRsKWzn99a,Job 00369,Window Replacements,11/16-in x 2-1/2-in x 8-ft Primed Pine Stool,13,21.98,36.71,Materials,0000 Uncategorized
22PRsKWzn99a,Job 00369,Window Replacements,Composite Shim,,2.23,3.6795000000000004,Materials,0000 Uncategorized
22PRsKWzn99a,Job 00369,Window Replacements,#10 x 2-1/2 in. 305 Stainless Steel Star Drive Deck Screw (1 lb/Pack),,16.29,27.2,Materials,0000 Uncategorized
22PRsKWzn99a,Job 00369,Window Replacements,GREAT STUFF Smart Straw Window and Door Foam Sealant,8,8.18,13.66,Materials,0000 Uncategorized
22PRsKWzn99a,Job 00369,Window Replacements,1x2x8 PT,50,2.72,4.54,Materials,0000 Uncategorized
22PRsKWzn99a,Job 00369,Window Replacements,Haul Away,,228,350,Materials,0000 Uncategorized
22PRsKWzn99a,Job 00369,Window Replacements,356 Door & Window Casing Moulding,50,5.85,9.77,Materials,0000 Uncategorized
22PRsKWzn99a,Job 00369,Window Replacements,1050 Quick Dry Siliconized Acrylic Latex Caulk,,3.31,5.462,Materials,0000 Uncategorized
22PRsKWzn99a,Job 00369,Window Install Materials,2x4x10 Dimensional Lumber,6,5.62,9.273,Materials,0000 Uncategorized
22PRsKWzn99a,Job 00369,Window Install Materials,2x6x10 Dimensional Lumber,2,13.05,21.533,Materials,0000 Uncategorized
22PRsKWzn99a,Job 00369,Window Install Materials,11/16-in x 2-1/2-in x 8-ft Primed Pine Stool,13,21.98,36.71,Materials,0000 Uncategorized
22PRsKWzn99a,Job 00369,Window Install Materials,Composite Shim,,2.23,3.6795000000000004,Materials,0000 Uncategorized
22PRsKWzn99a,Job 00369,Window Install Materials,#10 x 2-1/2 in. 305 Stainless Steel Star Drive Deck Screw (1 lb/Pack),,16.29,27.2,Materials,0000 Uncategorized
22PRsKWzn99a,Job 00369,Window Install Materials,GREAT STUFF Smart Straw Window and Door Foam Sealant,8,8.18,13.66,Materials,0000 Uncategorized
22PRsKWzn99a,Job 00369,Window Install Materials,1x2x8 PT,50,2.72,4.54,Materials,0000 Uncategorized
22PRsKWzn99a,Job 00369,Window Install Materials,Haul Away,,228,350,Materials,0000 Uncategorized
22PRsKWzn99a,Job 00369,Window Install Materials,356 Door & Window Casing Moulding,50,5.85,9.77,Materials,0000 Uncategorized
22PRsKWzn99a,Job 00369,Window Install Materials,1050 Quick Dry Siliconized Acrylic Latex Caulk,,3.31,5.462,Materials,0000 Uncategorized
22PRsPnM48kr,Job 00370,3.3.1/3.3.2 - Deadbolt Replacement,Miscellaneous,,100,165.00000000000003,Materials,0000 Uncategorized
22PRsPnM48kr,Job 00370,3.3.1/3.3.2 - Deadbolt Replacement,Hourly Rate,1,55,89,Materials,0000 Uncategorized
22PRsPnM48kr,Job 00370,3.7.2 - Exterior Window Trim Repairs,Semi-gloss Ultra White Acrylic Interior/Exterior Door and Trim Paint (1-Gallon),,33.12,54.648,Materials,2300 Painting
22PRsPnM48kr,Job 00370,3.7.2 - Exterior Window Trim Repairs,Royal Mouldings 10 ft. x 1-63/64 in. x 1-15/64 in. Vinyl Brick Molding,,21.14,34.88100000000001,Materials,1500 Doors & Windows
22PRsPnM48kr,Job 00370,3.7.2 - Exterior Window Trim Repairs,1050 Quick Dry Siliconized Acrylic Latex Caulk,1,3.31,5.462,Materials,0000 Uncategorized
22PRsPnM48kr,Job 00370,3.7.2 - Exterior Window Trim Repairs,Hourly Rate,24,55,89,Materials,0000 Uncategorized
22PRsPnM48kr,Job 00370,3.8.3 - Deck Joist Hangers Installation,2x8 Joist Hangers,3,2.27,3.79,Materials,0000 Uncategorized
22PRsPnM48kr,Job 00370,3.8.3 - Deck Joist Hangers Installation,2x10 Joist Hanger,3,2.63,4.39,Materials,0000 Uncategorized
22PRsPnM48kr,Job 00370,3.8.3 - Deck Joist Hangers Installation,Hourly Rate,3,55,89,Materials,0000 Uncategorized
22PRsPnM48kr,Job 00370,3.9.1 - Seal Exterior Gap (Front Porch),Sashco Big Stretch 10.5-oz Exterior and Specialty White Paintable Latex Caulk,6,9,14.850000000000001,Labor,0000 Uncategorized
22PRsPnM48kr,Job 00370,3.9.1 - Seal Exterior Gap (Front Porch),GREAT STUFF Gaps and Cracks Foam Sealant,4,8.18,13.66,Materials,0000 Uncategorized
22PRsPnM48kr,Job 00370,3.9.1 - Seal Exterior Gap (Front Porch),Hourly Rate,5,55,89,Materials,0000 Uncategorized
22PRsPnM48kr,Job 00370,6.1.1 - Pressure Reducing Valve Install,Subcontractor,,350,507.49999999999994,Labor,220 Subcontractor Labor
22PRsPnM48kr,Job 00370,6.2.1 - Water Main Shutoff Box Clean Out/Inspect,Subcontractor,,150,217.49999999999997,Labor,220 Subcontractor Labor
22PRsPnM48kr,Job 00370,"8.1.3, 8.2.5 - Loose Shower Arm Repair",GREAT STUFF Gaps and Cracks Foam Sealant,,8.18,13.66,Materials,0000 Uncategorized
22PRsPnM48kr,Job 00370,"8.1.3, 8.2.5 - Loose Shower Arm Repair",Hourly Rate,1,55,89,Materials,0000 Uncategorized
22PRsPnM48kr,Job 00370,"8.1.3, 8.2.5 - Loose Shower Arm Repair",Subcontractor,,5000,7249.999999999999,Labor,220 Subcontractor Labor
22PRsPnM48kr,Job 00370,Electrical Repairs,Subcontractor,,5000,7249.999999999999,Labor,220 Subcontractor Labor
22PRsPnM48kr,Job 00370,"10.4.1,2 - Chimney Cap Install",Chimney Cap,,300,500.99999999999994,Materials,0000 Uncategorized
22PRsPnM48kr,Job 00370,"10.4.1,2 - Chimney Cap Install",Henry 208R Rubberized Wet Patch 10.1 oz Roof Cement Leak Repair,,7.24,12.09,Materials,0000 Uncategorized
22PRsPnM48kr,Job 00370,"10.4.1,2 - Chimney Cap Install",Hourly Rate,4,55,89,Materials,0000 Uncategorized
22PRsPnM48kr,Job 00370,12.1.1 - Level A/C Unit,Plastic Shims,,2.75,7.25,Materials,0000 Uncategorized
22PRsPnM48kr,Job 00370,12.1.1 - Level A/C Unit,Hourly Rate,1,55,89,Materials,0000 Uncategorized
22PRvre3CAwS,Job 00372,Custom Shutter Installation,Subcontractor,,1000,1428.5714285714287,Labor,220 Subcontractor Labor
22PRvre3CAwS,Job 00372,Custom Shutter Installation,Custom Gallon Paint/Stain,0,60,99.00000000000001,Materials,2300 Painting
22PRvre3CAwS,Job 00372,Custom Shutter Installation,Custom Order Product,4,30,49.50000000000001,Materials,0000 Uncategorized
22PRvre3CAwS,Job 00372,Custom Shutter Installation,Custom Order Product,4,30,49.50000000000001,Materials,0000 Uncategorized
22PRvre3CAwS,Job 00372,Custom Shutter Installation,Custom Order Product,4,20,33.00000000000001,Materials,0000 Uncategorized
22PRvre3CAwS,Job 00372,Custom Shutter Installation,Hourly Rate,12,55,89,Materials,0000 Uncategorized
22PRvre3CAwS,Job 00372,Custom Shutter Installation,1x6x12 Cedar Board,12,31.33,51.695,Materials,0000 Uncategorized
22PRvre3CAwS,Job 00372,Custom Shutter Installation,1x4x12 Cedar Board,6,18.27,30.146,Materials,0000 Uncategorized
22PRvre3CAwS,Job 00372,Custom Shutter Installation,Subcontractor,,1000,1428.5714285714287,Labor,220 Subcontractor Labor
22PRvre3CAwS,Job 00372,Custom Shutter Installation,Custom Gallon Paint/Stain,0,60,99.00000000000001,Materials,2300 Painting
22PRvre3CAwS,Job 00372,Custom Shutter Installation,Custom Order Product,4,30,49.50000000000001,Materials,0000 Uncategorized
22PRvre3CAwS,Job 00372,Custom Shutter Installation,Custom Order Product,4,30,49.50000000000001,Materials,0000 Uncategorized
22PRvre3CAwS,Job 00372,Custom Shutter Installation,Custom Order Product,4,20,33.00000000000001,Materials,0000 Uncategorized
22PRvre3CAwS,Job 00372,Custom Shutter Installation,Hourly Rate,12,55,89,Materials,0000 Uncategorized
22PRvre3CAwS,Job 00372,Custom Shutter Installation,1x6x12 Cedar Board,12,31.33,51.695,Materials,0000 Uncategorized
22PRvre3CAwS,Job 00372,Custom Shutter Installation,1x4x12 Cedar Board,6,18.27,30.146,Materials,0000 Uncategorized
22PRvre3CAwS,Job 00372,Custom Shutter Installation,Subcontractor,,1000,,Labor,220 Subcontractor Labor
22PRvre3CAwS,Job 00372,Custom Shutter Installation,Custom Gallon Paint/Stain,0,0,,Materials,2300 Painting
22PRvre3CAwS,Job 00372,Custom Shutter Installation,Custom Order Product,4,30,,Materials,0000 Uncategorized
22PRvre3CAwS,Job 00372,Custom Shutter Installation,Custom Order Product,4,30,,Materials,0000 Uncategorized
22PRvre3CAwS,Job 00372,Custom Shutter Installation,Custom Order Product,4,20,,Materials,0000 Uncategorized
22PRvre3CAwS,Job 00372,Custom Shutter Installation,Hourly Rate,12,55,,Materials,0000 Uncategorized
22PRvre3CAwS,Job 00372,Custom Shutter Installation,1x6x12 Cedar Board,12,31.33,,Materials,0000 Uncategorized
22PRvre3CAwS,Job 00372,Custom Shutter Installation,1x4x12 Cedar Board,6,18.27,,Materials,0000 Uncategorized
22PRvre3CAwS,Job 00372,Custom Shutter Installation,Subcontractor,,1000,1428.57,Labor,220 Subcontractor Labor
22PRvre3CAwS,Job 00372,Custom Shutter Installation,Custom Order Product,4,30,49.5,Materials,0000 Uncategorized
22PRvre3CAwS,Job 00372,Custom Shutter Installation,Custom Order Product,4,30,49.5,Materials,0000 Uncategorized
22PRvre3CAwS,Job 00372,Custom Shutter Installation,Custom Order Product,4,20,33,Materials,0000 Uncategorized
22PRvre3CAwS,Job 00372,Custom Shutter Installation,Hourly Rate,12,54.99999999999999,89,Materials,0000 Uncategorized
22PRvre3CAwS,Job 00372,Custom Shutter Installation,1x6x12 Cedar Board,12,31.329999999999995,51.695,Materials,0000 Uncategorized
22PRvre3CAwS,Job 00372,Custom Shutter Installation,1x4x12 Cedar Board,6,18.270000000000003,30.146666666666665,Materials,0000 Uncategorized
22PRw24DjjPz,Job 00373,General Masonry Repairs,Subcontractor,,11200,16239.999999999998,Labor,220 Subcontractor Labor
22PRw24DjjPz,Job 00373,Structural Floor System Repairs,2x10x16 PT,1,27.91,46.61,Materials,0000 Uncategorized
22PRw24DjjPz,Job 00373,Structural Floor System Repairs,Hourly Rate,80,55,89,Materials,0000 Uncategorized
22PRw24DjjPz,Job 00373,Structural Floor System Repairs,Miscellaneous,,150,247.50000000000003,Materials,0000 Uncategorized
22PRw24DjjPz,Job 00373,Structural Floor System Repairs,2x10x10 PT,8,21.32,35.61,Materials,0000 Uncategorized
22PRw24DjjPz,Job 00373,Structural Floor System Repairs,Base Plate - 12,4,56.22,92.76300000000002,Materials,0000 Uncategorized
22PRw24DjjPz,Job 00373,Structural Floor System Repairs,STL-38,4,293,483.4500000000001,Materials,0000 Uncategorized
22PRw24DjjPz,Job 00373,General Masonry Repairs,Subcontractor,,11200,16239.999999999998,Labor,220 Subcontractor Labor
22PRw24DjjPz,Job 00373,Structural Floor System Repairs,2x10x16 PT,1,27.91,46.61,Materials,0000 Uncategorized
22PRw24DjjPz,Job 00373,Structural Floor System Repairs,Hourly Rate,86,55,89,Materials,0000 Uncategorized
22PRw24DjjPz,Job 00373,Structural Floor System Repairs,Miscellaneous,,150,247.50000000000003,Materials,0000 Uncategorized
22PRw24DjjPz,Job 00373,Structural Floor System Repairs,2x10x10 PT,8,21.32,35.61,Materials,0000 Uncategorized
22PRw24DjjPz,Job 00373,Structural Floor System Repairs,Base Plate - 12,5,56.22,92.76300000000002,Materials,0000 Uncategorized
22PRw24DjjPz,Job 00373,Structural Floor System Repairs,STL-38,5,293,483.4500000000001,Materials,0000 Uncategorized
22PRw24DjjPz,Job 00373,Structural Floor System Repairs,Johns ManvilleR-19 Kraft Faced Fiberglass Insulation Batt 23 in. x 93 in.,18,15.19,25.07,Materials,0000 Uncategorized
22PRzFD6QaCj,Job 00374,Hardwood Floor Refinishing,Subcontractor,1600,3,4.14,Labor,220 Subcontractor Labor
22PRzFD6QaCj,Job 00374,Hardwood Floor Refinishing,Subcontractor,300,2.35,3.2430000000000003,Labor,220 Subcontractor Labor
22PRzFD6QaCj,Job 00374,Hardwood Floor Refinishing,Subcontractor,250,5,6.9,Labor,220 Subcontractor Labor
22PRzFD6QaCj,Job 00374,Hardwood Floor Refinishing,Subcontractor,1600,3,4.14,Labor,220 Subcontractor Labor
22PRzFD6QaCj,Job 00374,Hardwood Floor Refinishing,Subcontractor,300,2.35,3.2430000000000003,Labor,220 Subcontractor Labor
22PRzFD6QaCj,Job 00374,Hardwood Floor Refinishing,Subcontractor,250,5,6.9,Labor,220 Subcontractor Labor
22PS3h8gU8n8,Job 00375,Ring Light Repairs,Subcontractor,,1050,1500,Labor,220 Subcontractor Labor
22PS3h8gU8n8,Job 00375,Ring Light Repairs,Subcontractor,,1050,1500,Labor,220 Subcontractor Labor
22PS3h8gU8n8,Job 00375,Ring Light Repairs,Subcontractor,,1050,1500,Labor,220 Subcontractor Labor
22PS3z8YZXY9,Job 00376,5.7.1 - Window Operations Repair,Hourly Rate,2,55,89,Materials,0000 Uncategorized
22PS3z8YZXY9,Job 00376,11.8.1 - Floor Point Shoring STL-22,STL-22,1,276,455.4000000000001,Materials,0000 Uncategorized
22PS3z8YZXY9,Job 00376,11.8.1 - Floor Point Shoring STL-22,Base Plate - 12,1,56.22,92.76300000000002,Materials,0000 Uncategorized
22PS3z8YZXY9,Job 00376,11.8.1 - Floor Point Shoring STL-22,Hourly Rate,4,55,89,Materials,0000 Uncategorized
22PS3z8YZXY9,Job 00376,12.14.3 - HVAC Service (Gas line repair),HVAC,,350,507.49999999999994,Subcontractor,110 Project Management
22PS3z8YZXY9,Job 00376,13.4.1 - Single Handle Shower Valve Repair/Replace,Subcontractor,,320,463.99999999999994,Labor,220 Subcontractor Labor
22PS3z8YZXY9,Job 00376,13.7.1 - Kitchen Sink Drain Repair,Subcontractor,,375,543.75,Labor,220 Subcontractor Labor
22PS3z8YZXY9,Job 00376,13.7.3 - Kitchen Faucet Replacement,Plumbing Fixture Allowance,,200,334.00000000000006,Materials,0000 Uncategorized
22PS3z8YZXY9,Job 00376,13.7.3 - Kitchen Faucet Replacement,Subcontractor,,250,362.5,Labor,220 Subcontractor Labor
22PS3z8YZXY9,Job 00376,14.4.1 - GFCI Outlet Replacement,1-Gang GFCI/Rocker Switch Cover Plate,3,0.78,1.42,Materials,0000 Uncategorized
22PS3z8YZXY9,Job 00376,14.4.1 - GFCI Outlet Replacement,15 Amp GFCI Outlet,3,22.36,37.34,Materials,0000 Uncategorized
22PS3z8YZXY9,Job 00376,14.4.1 - GFCI Outlet Replacement,Hourly Rate,3,55,89,Materials,0000 Uncategorized
22PS3z8YZXY9,Job 00376,14.5.1 - Ungrounded Outlet Repair,Hourly Rate,1,55,89,Materials,0000 Uncategorized
22PS3z8YZXY9,Job 00376,14.5.2 - Loose Outlet Repair,Hourly Rate,1.5,55,89,Materials,0000 Uncategorized
22PS3z8YZXY9,Job 00376,14.5.2 - Loose Outlet Repair,Box Extender (2-Pack),,5.54,9.25,Materials,0000 Uncategorized
22PS3z8YZXY9,Job 00376,5.7.1 - Window Operations Repair,Hourly Rate,2,55,89,Materials,0000 Uncategorized
22PSDhz47xtb,Job 00378,French Door Repairs,Semi-gloss Ultra White Acrylic Interior/Exterior Door and Trim Paint (1-Gallon),0.5,33.12,54.648,Materials,2300 Painting
22PSDhz47xtb,Job 00378,French Door Repairs,1x2x8 PVC Trim Plank,4,9.02,15.06,Materials,0000 Uncategorized
22PSDhz47xtb,Job 00378,French Door Repairs,Hourly Rate,4,55,89,Labor,0000 Uncategorized
22PSDhz47xtb,Job 00378,French Door Repairs,Semi-gloss Ultra White Acrylic Interior/Exterior Door and Trim Paint (1-Gallon),0.5,33.12,54.648,Materials,2300 Painting
22PSDhz47xtb,Job 00378,French Door Repairs,1x2x8 PVC Trim Plank,4,9.02,15.06,Materials,0000 Uncategorized
22PSDhz47xtb,Job 00378,French Door Repairs,Hourly Rate,8,55,89,Labor,0000 Uncategorized
22PSHhttCxkB,Job 00380,Floor Drop Girder Repair,Hourly Rate,18,55,89,Labor,0000 Uncategorized
22PSHhttCxkB,Job 00380,Floor Drop Girder Repair,STL-JHD (Double) U-Head,4,76.5,126.22500000000002,Materials,0000 Uncategorized
22PSHhttCxkB,Job 00380,Floor Drop Girder Repair,2x8x10 Pressure Treated Lumber,2,12.88,21.252,Materials,0000 Uncategorized
22PSHhttCxkB,Job 00380,Floor Drop Girder Repair,Sakrete 60lb High-Strength Concrete Mix,4,3.81,6.36,Materials,0000 Uncategorized
22PSHhttCxkB,Job 00380,Floor Drop Girder Repair,Base Plate - 12,4,56.22,92.76300000000002,Materials,0000 Uncategorized
22PSHhttCxkB,Job 00380,Floor Drop Girder Repair,STL-22,4,276,455.4000000000001,Materials,0000 Uncategorized
22PSHhttCxkB,Job 00380,Floor Drop Girder Repair,2 7/8 in HeadLoks,50,0.47,0.79,Materials,0000 Uncategorized
22PSHhttCxkB,Job 00380,Floor Drop Girder Repair,Hourly Rate,18,55,89,Labor,0000 Uncategorized
22PSHhttCxkB,Job 00380,Floor Drop Girder Repair,STL-JHD (Double) U-Head,4,76.5,126.22500000000002,Materials,0000 Uncategorized
22PSHhttCxkB,Job 00380,Floor Drop Girder Repair,2x8x10 Pressure Treated Lumber,2,12.88,21.252,Materials,0000 Uncategorized
22PSHhttCxkB,Job 00380,Floor Drop Girder Repair,Sakrete 60lb High-Strength Concrete Mix,4,3.81,6.36,Materials,0000 Uncategorized
22PSHhttCxkB,Job 00380,Floor Drop Girder Repair,Base Plate - 12,4,56.22,92.76300000000002,Materials,0000 Uncategorized
22PSHhttCxkB,Job 00380,Floor Drop Girder Repair,STL-22,4,276,455.4000000000001,Materials,0000 Uncategorized
22PSHhttCxkB,Job 00380,Floor Drop Girder Repair,2 7/8 in HeadLoks,50,0.47,0.79,Materials,0000 Uncategorized
22PSL3Q6jLVD,Job 00381,Hardie Plank Siding Replacement (Textured),Lexel Clear Paintable Solvent Caulk,1,11.28,18.612000000000002,Materials,6000 Completion
22PSL3Q6jLVD,Job 00381,Hardie Plank Siding Replacement (Textured),Custom Gallon Paint/Stain,1,60,99.00000000000001,Materials,2300 Painting
22PSL3Q6jLVD,Job 00381,Hardie Plank Siding Replacement (Textured),Hourly Rate,20,55,78.57142857142857,Labor,0000 Uncategorized
22PSL3Q6jLVD,Job 00381,Hardie Plank Siding Replacement (Textured),"Hardie Plank Cedarmill Lap Siding (7.25 in. for 7"" Reveal)",12,13.31,22.23,Materials,0000 Uncategorized
22PSL3Q6jLVD,Job 00381,Hardie Plank Siding Replacement (Textured),Miscellaneous,1,50,82.50000000000001,Materials,0000 Uncategorized
22PSL3Q6jLVD,Job 00381,Hardie Plank Siding Replacement (Textured),Hourly Rate,49.56,55,80,Labor,0000 Uncategorized
22PSL3Q6jLVD,Job 00381,Hardie Plank Siding Replacement (Textured),"Hardie Plank Cedarmill Lap Siding (7.25 in. for 7"" Reveal)",1,69.03,115.29202854996244,Materials,0000 Uncategorized
22PSL3Q6jLVD,Job 00381,Hardie Plank Siding Replacement (Textured),"7/16"" x 4' x 10' Zip System Sheathing",1,36.02,60.158202666666675,Materials,0000 Uncategorized
22PSL3Q6jLVD,Job 00381,Hardie Plank Siding Replacement (Textured),2x8x16 Prime Lumber,1,16.03,29.65152374202693,Materials,410 Framing
22PSL3Q6jLVD,Job 00381,Hardie Plank Siding Replacement (Textured),Black Kickout Flashing,1,12.01,20.06,Materials,0000 Uncategorized
22PSL3Q6jLVD,Job 00381,Kickout Flashing Install - removed,Grip-Rite#11 x 1-1/4 in. Electro-Galvanized Steel Roofing Nails (1 lb.-Pack),0,4.98,8.32,Materials,0000 Uncategorized
22PSL3Q6jLVD,Job 00381,Kickout Flashing Install - removed,Henry 208R Rubberized Wet Patch 10.1 oz Roof Cement Leak Repair,0,7.24,12.09,Materials,0000 Uncategorized
22PSL3Q6jLVD,Job 00381,Kickout Flashing Install - removed,Black Kickout Flashing,0,12.01,20.06,Materials,0000 Uncategorized
22PSL3Q6jLVD,Job 00381,Kickout Flashing Install - removed,Hourly Rate,0,55,78.57142857142857,Labor,0000 Uncategorized
22PSL3Q6jLVD,Job 00381,Hardie Plank Siding Replacement (Textured),Miscellaneous,,50,82.50000000000001,Materials,0000 Uncategorized
22PSL3Q6jLVD,Job 00381,Hardie Plank Siding Replacement (Textured),Lexel Clear Paintable Solvent Caulk,1,11.28,18.612000000000002,Materials,6000 Completion
22PSL3Q6jLVD,Job 00381,Hardie Plank Siding Replacement (Textured),Custom Gallon Paint/Stain,1,60,99.00000000000001,Materials,2300 Painting
22PSL3Q6jLVD,Job 00381,Hardie Plank Siding Replacement (Textured),Hourly Rate,20,55,78.57142857142857,Labor,0000 Uncategorized
22PSL3Q6jLVD,Job 00381,Hardie Plank Siding Replacement (Textured),"Hardie Plank Cedarmill Lap Siding (8.25 in. for 7"" Reveal)",12,13.31,22.23,Materials,0000 Uncategorized
22PSL3Q6jLVD,Job 00381,Hardie Plank Siding Replacement (Textured),Miscellaneous,,200,,Materials,0000 Uncategorized
22PSL3Q6jLVD,Job 00381,Hardie Plank Siding Replacement (Textured),Lexel Clear Paintable Solvent Caulk,4,11.28,,Materials,6000 Completion
22PSL3Q6jLVD,Job 00381,Hardie Plank Siding Replacement (Textured),Custom Gallon Paint/Stain,2,60,,Materials,2300 Painting
22PSL3Q6jLVD,Job 00381,Hardie Plank Siding Replacement (Textured),Hourly Rate,60,55,,Labor,0000 Uncategorized
22PSL3Q6jLVD,Job 00381,Hardie Plank Siding Replacement (Textured),"Hardie Plank Cedarmill Lap Siding (8.25 in. for 7"" Reveal)",20,13.31,,Materials,0000 Uncategorized
22PSL3Q6jLVD,Job 00381,Hardie Plank Siding Replacement (Textured),Hourly Rate,49.56,55,80,Labor,0000 Uncategorized
22PSL3Q6jLVD,Job 00381,Hardie Plank Siding Replacement (Textured),"Hardie Plank Cedarmill Lap Siding (7.25 in. for 7"" Reveal)",1,69.03,115.29202854996244,Materials,0000 Uncategorized
22PSL3Q6jLVD,Job 00381,Hardie Plank Siding Replacement (Textured),"7/16"" x 4' x 10' Zip System Sheathing",1,36.02,60.158202666666675,Materials,0000 Uncategorized
22PSL3Q6jLVD,Job 00381,Hardie Plank Siding Replacement (Textured),2x8x16 Prime Lumber,1,16.03,29.65152374202693,Materials,410 Framing
22PSL3Q6jLVD,Job 00381,Hardie Plank Siding Replacement (Textured),Black Kickout Flashing,1,12.01,20.06,Materials,0000 Uncategorized
22PSL3Q6jLVD,Job 00381,Hardie Plank Siding Replacement (Textured),Miscellaneous,,50,82.5,Materials,0000 Uncategorized
22PSL3Q6jLVD,Job 00381,Hardie Plank Siding Replacement (Textured),Lexel Clear Paintable Solvent Caulk,1,11.28,18.61,Materials,6000 Completion
22PSL3Q6jLVD,Job 00381,Hardie Plank Siding Replacement (Textured),Custom Gallon Paint/Stain,1,60,99,Materials,2300 Painting
22PSL3Q6jLVD,Job 00381,Hardie Plank Siding Replacement (Textured),"Hardie Plank Cedarmill Lap Siding (7.25 in. for 7"" Reveal)",12,13.31,22.23,Materials,0000 Uncategorized
22PSL3Q6jLVD,Job 00381,Hardie Plank Siding Replacement (Textured),Hourly Rate,20,55,78.5715,Labor,0000 Uncategorized
22PSL3Q6jLVD,Job 00381,Hardie Plank Siding Replacement (Textured),Hourly Rate,49.56,55,80,Labor,0000 Uncategorized
22PSL3Q6jLVD,Job 00381,Hardie Plank Siding Replacement (Textured),"Hardie Plank Cedarmill Lap Siding (7.25 in. for 7"" Reveal)",1,69.03,115.29,Materials,0000 Uncategorized
22PSL3Q6jLVD,Job 00381,Hardie Plank Siding Replacement (Textured),"7/16"" x 4' x 10' Zip System Sheathing",1,36.02000000000001,60.16,Materials,0000 Uncategorized
22PSL3Q6jLVD,Job 00381,Hardie Plank Siding Replacement (Textured),2x8x16 Prime Lumber,1,16.03,29.65,Materials,410 Framing
22PSL3Q6jLVD,Job 00381,Hardie Plank Siding Replacement (Textured),Black Kickout Flashing,1,12.010000000000002,20.06,Materials,0000 Uncategorized
22PSRzL9GtvX,Job 00382,Exterior Painting,Subcontractor,,1750,2450.0000000000005,Labor,220 Subcontractor Labor
22PSRzL9GtvX,Job 00382,Exterior Painting,Subcontractor,,1750,2450.0000000000005,Labor,220 Subcontractor Labor
22PSSw9QfQFK,Job 00383,Shingle Nail Repair,Henry 208R Rubberized Wet Patch 10.1 oz Roof Cement Leak Repair,,7.24,12.09,Materials,0000 Uncategorized
22PSSw9QfQFK,Job 00383,Shingle Nail Repair,Hourly Rate,4,55,89,Labor,0000 Uncategorized
22PSSw9QfQFK,Job 00383,Downspout Extensions/Gutter Debris Cleaning,Downspout Adapter - Corrugated,8,9.97,18.45,Materials,0000 Uncategorized
22PSSw9QfQFK,Job 00383,Downspout Extensions/Gutter Debris Cleaning,Downspout Extender,8,8.97,14.98,Materials,0000 Uncategorized
22PSSw9QfQFK,Job 00383,Downspout Extensions/Gutter Debris Cleaning,Hourly Rate,4,55,89,Labor,0000 Uncategorized
22PSSw9QfQFK,Job 00383,Vent Cover Replacement,Hourly Rate,3,55,89,Labor,0000 Uncategorized
22PSSw9QfQFK,Job 00383,Vent Cover Replacement,Everbilt4 in. Louvered Vent Cap in White,2,6.56,10.12,Materials,0000 Uncategorized
22PSSw9QfQFK,Job 00383,Adjust Porch Post (out of level),Hourly Rate,5,55,89,Labor,0000 Uncategorized
22PSSw9QfQFK,Job 00383,Interior Drywall Repairs/Paint Touch ups,Custom Gallon Paint/Stain,,60,99.00000000000001,Materials,2300 Painting
22PSSw9QfQFK,Job 00383,Interior Drywall Repairs/Paint Touch ups,Custom Gallon Paint/Stain,,60,99.00000000000001,Materials,2300 Painting
22PSSw9QfQFK,Job 00383,Interior Drywall Repairs/Paint Touch ups,Semi-gloss Ultra White Acrylic Interior/Exterior Door and Trim Paint (1-Gallon),,33.12,54.648,Materials,2300 Painting
22PSSw9QfQFK,Job 00383,Interior Drywall Repairs/Paint Touch ups,1050 Quick Dry Siliconized Acrylic Latex Caulk,1,3.31,5.462,Materials,0000 Uncategorized
22PSSw9QfQFK,Job 00383,Interior Drywall Repairs/Paint Touch ups,Hourly Rate,6,55,89,Labor,0000 Uncategorized
22PSSw9QfQFK,Job 00383,Bath Hardware Repair,Toggle Bolts,,10,16.500000000000004,Labor,0000 Uncategorized
22PSSw9QfQFK,Job 00383,Bath Hardware Repair,Hourly Rate,3,55,89,Labor,0000 Uncategorized
22PSSw9QfQFK,Job 00383,Miscellaneous Door Adjustments,Hinge Screw #9 3 in. Oil-Rubbed Bronze Phillips Flat-Head Long Hinge Screw with Oversize Threads to Tighten Interior Doors (18-Pack),,16.22,30.01,Materials,0000 Uncategorized
22PSSw9QfQFK,Job 00383,Miscellaneous Door Adjustments,Hourly Rate,2,55,78.57142857142857,Labor,0000 Uncategorized
22PSSw9QfQFK,Job 00383,Install Cabinet Pulls,Hourly Rate,10,55,89,Labor,0000 Uncategorized
22PSSw9QfQFK,Job 00383,Install Cabinet Pulls,Cabinet pulls,40,8,13.200000000000003,Materials,0000 Uncategorized
22PSSw9QfQFK,Job 00383,Water Heater Replacement (Gas),Subcontractor,,2600,3769.9999999999995,Labor,220 Subcontractor Labor
22PSSw9QfQFK,Job 00383,Sink and Tub Drain Stopper Repair,Subcontractor,,300,434.99999999999994,Labor,220 Subcontractor Labor
22PSdDE7iLfE,Job 00385,Plumbing Repairs,Subcontractor,,2250,3262.5,Labor,220 Subcontractor Labor
22PSdDE7iLfE,Job 00385,HVAC Duct Replacement,Subcontractor,,5992,8388.800000000001,Labor,220 Subcontractor Labor
22PSdDE7iLfE,Job 00385,Crawlspace Repairs,Subcontractor,,5330,7462.000000000001,Labor,220 Subcontractor Labor
22PSdDE7iLfE,Job 00385,Electrical Repairs,Subcontractor,,2550,3570.0000000000005,Labor,220 Subcontractor Labor
22PSdDE7iLfE,Job 00385,Crawlspace Fungal Treatment,Subcontractor,,780,1092.0000000000002,Labor,220 Subcontractor Labor
22PSdDE7iLfE,Job 00385,Exterior Repairs,PT Decking Board - 12',5,9.85,16.45,Materials,0000 Uncategorized
22PSdDE7iLfE,Job 00385,Exterior Repairs,"Outside Corner 5"" K Style corner - White",1,30,49.50000000000001,Materials,0000 Uncategorized
22PSdDE7iLfE,Job 00385,Exterior Repairs,Lexel Clear Paintable Solvent Caulk,1,11.28,18.612000000000002,Materials,6000 Completion
22PSdDE7iLfE,Job 00385,Exterior Repairs,Hourly Rate,20,55,89,Labor,0000 Uncategorized
22PSdDE7iLfE,Job 00385,Plumbing Repairs,Subcontractor,,3650,5110.000000000001,Labor,220 Subcontractor Labor
22PSdDE7iLfE,Job 00385,HVAC Duct Replacement,Subcontractor,,5992,8388.800000000001,Labor,220 Subcontractor Labor
22PSdDE7iLfE,Job 00385,Crawlspace Repairs,Subcontractor,,5330,7462.000000000001,Labor,220 Subcontractor Labor
22PSdDE7iLfE,Job 00385,Crawlspace Fungal Treatment,Subcontractor,,780,1092.0000000000002,Labor,220 Subcontractor Labor
22PSgYaVw6rs,Job 00389,4.7.2 - Exterior Door Lower Jamb/Trim Repair,Sanding Discs,1,8.97,14.800500000000003,Materials,0000 Uncategorized
22PSgYaVw6rs,Job 00389,4.7.2 - Exterior Door Lower Jamb/Trim Repair,3M Bondo Interior/ Exterior Waterproof 41 oz.,1,31.68,52.272000000000006,Materials,0000 Uncategorized
22PSgYaVw6rs,Job 00389,4.7.2 - Exterior Door Lower Jamb/Trim Repair,1050 Quick Dry Siliconized Acrylic Latex Caulk,1,3.31,5.462,Materials,0000 Uncategorized
22PSgYaVw6rs,Job 00389,4.7.2 - Exterior Door Lower Jamb/Trim Repair,Composite Shim,1,2.23,3.6795000000000004,Materials,0000 Uncategorized
22PSgYaVw6rs,Job 00389,4.7.2 - Exterior Door Lower Jamb/Trim Repair,Vinyl Door Jamb,1,65.96,108.834,Materials,1500 Doors & Windows
22PSgYaVw6rs,Job 00389,4.7.2 - Exterior Door Lower Jamb/Trim Repair,Hourly Rate,4,55,78.57142857142857,Labor,0000 Uncategorized
22PSgYaVw6rs,Job 00389,4.7.2 - Exterior Door Lower Jamb/Trim Repair,Custom Gallon Paint/Stain,1,60,99.00000000000001,Materials,2300 Painting
22PSgYaVw6rs,Job 00389,4.7.2 - Exterior Door Lower Jamb/Trim Repair,Interior Paint Match Fee,1,95,156.75,Materials,0000 Uncategorized
22PSgYaVw6rs,Job 00389,Declined - 5.2.3 - Dehumidifier Replacement,Subcontractor,,2095,2933.0000000000005,Labor,220 Subcontractor Labor
22PSgYaVw6rs,Job 00389,5.2.3 - Dehumidifier Basic Evaluation,Hourly Rate,2,55,89,Labor,0000 Uncategorized
22PSgYaVw6rs,Job 00389,"6.3.1,2 - Ductwork Repair",2.83 in. x 50 yds. Foil-Scrim-Kraft Insulation Duct Tape,1,18,30.06446280991736,Materials,0000 Uncategorized
22PSgYaVw6rs,Job 00389,"6.3.1,2 - Ductwork Repair",Hourly Rate,4,55,89,Labor,0000 Uncategorized
22PSgYaVw6rs,Job 00389,8.4.1 - Water Heater Evaluation/TPR Valve Replacement,Subcontractor,1,250,362.5,Labor,220 Subcontractor Labor
22PSgYaVw6rs,Job 00389,11.1.1 - Sink Drain Repair,Miscellaneous,1,25,41.25000000000001,Materials,0000 Uncategorized
22PSgYaVw6rs,Job 00389,11.1.1 - Sink Drain Repair,Oatey 1-1/4 in. White Plastic Sink Drain P- Trap,1,4.69,7.738500000000002,Materials,0000 Uncategorized
22PSgYaVw6rs,Job 00389,11.1.1 - Sink Drain Repair,Hourly Rate,3,55,89,Labor,0000 Uncategorized
22PSgYaVw6rs,Job 00389,9.4.2 - Ungrounded 3-prong Outlet Repair,1-Gang GFCI/Rocker Switch Cover Plate,1,0.78,1.42,Materials,0000 Uncategorized
22PSgYaVw6rs,Job 00389,9.4.2 - Ungrounded 3-prong Outlet Repair,15 Amp GFCI Outlet,3,22.36,37.34,Materials,0000 Uncategorized
22PSgYaVw6rs,Job 00389,9.4.2 - Ungrounded 3-prong Outlet Repair,Hourly Rate,3,55,89,Labor,0000 Uncategorized
22PSgYaVw6rs,Job 00389,9.6.1 - GFCI Outlet Installation,1-Gang GFCI/Rocker Switch Cover Plate,1,0.78,1.42,Materials,0000 Uncategorized
22PSgYaVw6rs,Job 00389,9.6.1 - GFCI Outlet Installation,15 Amp GFCI Outlet,1,22.36,37.34,Materials,0000 Uncategorized
22PSgYaVw6rs,Job 00389,9.6.1 - GFCI Outlet Installation,Hourly Rate,3,55,89,Labor,0000 Uncategorized
22PSgYaVw6rs,Job 00389,11.5.1 - Exhaust Fan With Light Replacement,Broan 80 CFM Ceiling Bathroom Exhaust Fan with Light,1,75.05,125.33,Materials,0000 Uncategorized
22PSgYaVw6rs,Job 00389,11.5.1 - Exhaust Fan With Light Replacement,Hourly Rate,3,55,89,Labor,0000 Uncategorized
22PSgYaVw6rs,Job 00389,4.7.2 - Exterior Door Lower Jamb/Trim Repair,Custom Gallon Paint/Stain,,60,99.00000000000001,Materials,2300 Painting
22PSgYaVw6rs,Job 00389,4.7.2 - Exterior Door Lower Jamb/Trim Repair,Interior Paint Match Fee,,95,156.75,Materials,0000 Uncategorized
22PSgYaVw6rs,Job 00389,4.7.2 - Exterior Door Lower Jamb/Trim Repair,Sanding Discs,1,8.97,14.800500000000003,Materials,0000 Uncategorized
22PSgYaVw6rs,Job 00389,4.7.2 - Exterior Door Lower Jamb/Trim Repair,3M Bondo Interior/ Exterior Waterproof 41 oz.,1,31.68,52.272000000000006,Materials,0000 Uncategorized
22PSgYaVw6rs,Job 00389,4.7.2 - Exterior Door Lower Jamb/Trim Repair,1050 Quick Dry Siliconized Acrylic Latex Caulk,1,3.31,5.462,Materials,0000 Uncategorized
22PSgYaVw6rs,Job 00389,4.7.2 - Exterior Door Lower Jamb/Trim Repair,Composite Shim,1,2.23,3.6795000000000004,Materials,0000 Uncategorized
22PSgYaVw6rs,Job 00389,4.7.2 - Exterior Door Lower Jamb/Trim Repair,Vinyl Door Jamb,1,65.96,108.834,Materials,1500 Doors & Windows
22PSgYaVw6rs,Job 00389,4.7.2 - Exterior Door Lower Jamb/Trim Repair,Hourly Rate,4,55,78.57142857142857,Labor,0000 Uncategorized
22PSgZKx7CiH,Job 00390,3.1.1 - Lifting Shingles Repair,Henry 208R Rubberized Wet Patch 10.1 oz Roof Cement Leak Repair,,7.24,12.09,Materials,0000 Uncategorized
22PSgZKx7CiH,Job 00390,3.1.1 - Lifting Shingles Repair,Grip-Rite#11 x 1-1/4 in. Electro-Galvanized Steel Roofing Nails (1 lb.-Pack),,4.98,8.32,Materials,0000 Uncategorized
22PSgZKx7CiH,Job 00390,3.1.1 - Lifting Shingles Repair,Hourly Rate,1.5,55,78.57142857142857,Labor,0000 Uncategorized
22PSgZKx7CiH,Job 00390,3.3.1 - Lifting Boot Repair,Henry 208R Rubberized Wet Patch 10.1 oz Roof Cement Leak Repair,,7.24,12.09,Materials,0000 Uncategorized
22PSgZKx7CiH,Job 00390,3.3.1 - Lifting Boot Repair,Grip-Rite#11 x 1-1/4 in. Electro-Galvanized Steel Roofing Nails (1 lb.-Pack),,4.98,8.32,Materials,0000 Uncategorized
22PSgZKx7CiH,Job 00390,3.3.1 - Lifting Boot Repair,Hourly Rate,1.5,55,78.57142857142857,Labor,0000 Uncategorized
22PSgZKx7CiH,Job 00390,3.3.2 - Kickout Flashing Install,Grip-Rite#11 x 1-1/4 in. Electro-Galvanized Steel Roofing Nails (1 lb.-Pack),,4.98,8.32,Materials,0000 Uncategorized
22PSgZKx7CiH,Job 00390,3.3.2 - Kickout Flashing Install,Henry 208R Rubberized Wet Patch 10.1 oz Roof Cement Leak Repair,,7.24,12.09,Materials,0000 Uncategorized
22PSgZKx7CiH,Job 00390,3.3.2 - Kickout Flashing Install,Black Kickout Flashing,,12.01,20.06,Materials,0000 Uncategorized
22PSgZKx7CiH,Job 00390,3.3.2 - Kickout Flashing Install,Hourly Rate,2,55,89,Labor,0000 Uncategorized
22PSgZKx7CiH,Job 00390,4.3.1 - Loose Vinyl Siding Repair,Hourly Rate,1.5,55,89,Labor,0000 Uncategorized
22PSgZKx7CiH,Job 00390,4.3.2 - Vinyl Outside Corner Replacement,Miscellaneous,,50,82.50000000000001,Materials,0000 Uncategorized
22PSgZKx7CiH,Job 00390,4.3.2 - Vinyl Outside Corner Replacement,Hourly Rate,3,55,89,Labor,0000 Uncategorized
22PSgZKx7CiH,Job 00390,4.3.3 - Loose Stone Veneer Repair,Liquid Nails Extreme Heavy Duty 10 oz. White Interior and Exterior Construction Adhesive,,5.74,9.59,Materials,0000 Uncategorized
22PSgZKx7CiH,Job 00390,4.3.3 - Loose Stone Veneer Repair,Hourly Rate,1,55,89,Labor,0000 Uncategorized
22PSgZKx7CiH,Job 00390,4.3.4 - Vinyl Siding Replacement,Hourly Rate,2,55,89,Labor,0000 Uncategorized
22PSgZKx7CiH,Job 00390,4.3.4 - Vinyl Siding Replacement,Custom Vinyl Siding,0,350,584.5,Materials,0000 Uncategorized
22PSgZKx7CiH,Job 00390,5.2.1 - Garage Door Weather Stripping Repair,Stainless Steel Trim Nail,,12.98,21.68,Materials,0000 Uncategorized
22PSgZKx7CiH,Job 00390,5.2.1 - Garage Door Weather Stripping Repair,Hourly Rate,0.75,55,89,Labor,0000 Uncategorized
22PSgZKx7CiH,Job 00390,7.4.1 - Interior Window Trim Repair,1050 Quick Dry Siliconized Acrylic Latex Caulk,1,3.31,5.462,Materials,0000 Uncategorized
22PSgZKx7CiH,Job 00390,7.4.1 - Interior Window Trim Repair,Hourly Rate,0.75,55,89,Labor,0000 Uncategorized
22PSgZKx7CiH,Job 00390,10.2.1 - Bathtub Spout Repair,GE Supreme Silicone Kitchen & Bath Caulk,,14.29,23.8643,Materials,510 Plumbing
22PSgZKx7CiH,Job 00390,10.2.1 - Bathtub Spout Repair,Hourly Rate,0.5,55,89,Labor,0000 Uncategorized
22PSgbYGZdqX,Job 00391,Hood Vent Pipe Repair,Hourly Rate,6,55,89,Labor,0000 Uncategorized
22PSgbYGZdqX,Job 00391,Hood Vent Pipe Repair,"6"" vent pipe elbow",,9,14.850000000000001,Materials,0000 Uncategorized
22PSgbYGZdqX,Job 00391,Hood Vent Pipe Repair,Nashua Tape 1.89 in. x 50 yd. 322 Multi-Purpose HVAC Foil Duct Tape,,12.1,20.21,Materials,0000 Uncategorized
22PSgbYGZdqX,Job 00391,Hood Vent Pipe Repair,Master Flow 6 in. Goose Neck Vent Roof Cap in Black - Hood vent,,60,99.00000000000001,Materials,0000 Uncategorized
22PSgbYGZdqX,Job 00391,Hood Vent Pipe Repair,"6"" vent pipe elbow",,9,14.850000000000001,Materials,0000 Uncategorized
22PSgbYGZdqX,Job 00391,Hood Vent Pipe Repair,Nashua Tape 1.89 in. x 50 yd. 322 Multi-Purpose HVAC Foil Duct Tape,,12.1,20.21,Materials,0000 Uncategorized
22PSgbYGZdqX,Job 00391,Hood Vent Pipe Repair,Hourly Rate,4,55,89,Labor,0000 Uncategorized
22PSgbYGZdqX,Job 00391,Hood Vent Pipe Repair,Master Flow 6 in. Goose Neck Vent Roof Cap in Black - Hood vent,,60,99.00000000000001,Materials,0000 Uncategorized
22PSgbYGZdqX,Job 00391,Hood Vent Pipe Repair,"6"" vent pipe elbow",,9,14.850000000000001,Materials,0000 Uncategorized
22PSgbYGZdqX,Job 00391,Hood Vent Pipe Repair,Nashua Tape 1.89 in. x 50 yd. 322 Multi-Purpose HVAC Foil Duct Tape,,12.1,20.21,Materials,0000 Uncategorized
22PSgbYGZdqX,Job 00391,Hood Vent Pipe Repair,Hourly Rate,6,55,89,Labor,0000 Uncategorized
22PSgbYGZdqX,Job 00391,Hood Vent Pipe Repair,Master Flow 6 in. Goose Neck Vent Roof Cap in Black - Hood vent,1,60,,Materials,0000 Uncategorized
22PSgbYGZdqX,Job 00391,Hood Vent Pipe Repair,"6"" vent pipe elbow",1,9,,Materials,0000 Uncategorized
22PSgbYGZdqX,Job 00391,Hood Vent Pipe Repair,Nashua Tape 1.89 in. x 50 yd. 322 Multi-Purpose HVAC Foil Duct Tape,1,12.1,,Materials,0000 Uncategorized
22PSgbYGZdqX,Job 00391,Hood Vent Pipe Repair,Hourly Rate,6,55,,Labor,0000 Uncategorized
22PSgbYGZdqX,Job 00391,Hood Vent Pipe Repair,Master Flow 6 in. Goose Neck Vent Roof Cap in Black - Hood vent,,60,99,Materials,0000 Uncategorized
22PSgbYGZdqX,Job 00391,Hood Vent Pipe Repair,"6"" vent pipe elbow",,9,14.85,Materials,0000 Uncategorized
22PSgbYGZdqX,Job 00391,Hood Vent Pipe Repair,Nashua Tape 1.89 in. x 50 yd. 322 Multi-Purpose HVAC Foil Duct Tape,,12.1,20.21,Materials,0000 Uncategorized
22PSgbYGZdqX,Job 00391,Hood Vent Pipe Repair,Hourly Rate,6,54.99999999999999,89,Labor,0000 Uncategorized
22PSgcpnS6gh,Job 00392,Window Replacement,Miscellaneous,,100,165.00000000000003,Materials,0000 Uncategorized
22PSgcpnS6gh,Job 00392,Window Replacement,1x6x18 Vinyl Trim Plank,1,54.9,90.585,Materials,0000 Uncategorized
22PSgcpnS6gh,Job 00392,Window Replacement,1x4x18 Vinyl Trim plank,2,34.2,57.12,Materials,0000 Uncategorized
22PSgcpnS6gh,Job 00392,Window Replacement,Composite Shim,,2.23,3.6795000000000004,Materials,0000 Uncategorized
22PSgcpnS6gh,Job 00392,Window Replacement,#10 x 2-1/2 in. 305 Stainless Steel Star Drive Deck Screw (1 lb/Pack),,16.29,27.2,Materials,0000 Uncategorized
22PSgcpnS6gh,Job 00392,Window Replacement,M-D Building Products3/8 in. x 240 in. Backer Rod,,3.45,5.76,Materials,0000 Uncategorized
22PSgcpnS6gh,Job 00392,Window Replacement,GREAT STUFF Smart Straw Window and Door Foam Sealant,,8.18,13.66,Materials,0000 Uncategorized
22PSgcpnS6gh,Job 00392,Window Replacement,1x2x8 PT,,2.72,4.54,Materials,0000 Uncategorized
22PSgcpnS6gh,Job 00392,Window Replacement,1050 Quick Dry Siliconized Acrylic Latex Caulk,,3.31,5.462,Materials,0000 Uncategorized
22PSgcpnS6gh,Job 00392,Window Replacement,"Typar Butyl Flashing Tape - 4"" W x 75' L",,25.75,43,Materials,0000 Uncategorized
22PSgcpnS6gh,Job 00392,Trim Materials,Miscellaneous,,100,165.00000000000003,Materials,0000 Uncategorized
22PSgcpnS6gh,Job 00392,Trim Materials,1x6x18 Vinyl Trim Plank,1,54.9,90.585,Materials,0000 Uncategorized
22PSgcpnS6gh,Job 00392,Trim Materials,1x4x18 Vinyl Trim plank,2,34.2,57.12,Materials,0000 Uncategorized
22PSgcpnS6gh,Job 00392,Window Install Materials,Composite Shim,,2.23,3.6795000000000004,Materials,0000 Uncategorized
22PSgcpnS6gh,Job 00392,Window Install Materials,#10 x 2-1/2 in. 305 Stainless Steel Star Drive Deck Screw (1 lb/Pack),,16.29,27.2,Materials,0000 Uncategorized
22PSgcpnS6gh,Job 00392,Window Install Materials,M-D Building Products3/8 in. x 240 in. Backer Rod,,3.45,5.76,Materials,0000 Uncategorized
22PSgcpnS6gh,Job 00392,Window Install Materials,GREAT STUFF Smart Straw Window and Door Foam Sealant,,8.18,13.66,Materials,0000 Uncategorized
22PSgcpnS6gh,Job 00392,Window Install Materials,1x2x8 PT,,2.72,4.54,Materials,0000 Uncategorized
22PSgcpnS6gh,Job 00392,Window Install Materials,1050 Quick Dry Siliconized Acrylic Latex Caulk,,3.31,5.462,Materials,0000 Uncategorized
22PSgcpnS6gh,Job 00392,Window Install Materials,"Typar Butyl Flashing Tape - 4"" W x 75' L",,25.75,43,Materials,0000 Uncategorized
22PSgcpnS6gh,Job 00392,Window Install Materials,"Huber 6"" x 20' ZIP System Stretch Tape",,52.45,97.03,Materials,0000 Uncategorized
22PSgcpnS6gh,Job 00392,Window Install Materials,1-1/4 in. x 1-1/2 in. x 10 ft. Window Head Flashing,,5.8,9.69,Materials,0000 Uncategorized
22PSgcpnS6gh,Job 00392,Door Replacement,Composite Shim,,2.23,3.6795000000000004,Materials,0000 Uncategorized
22PSgcpnS6gh,Job 00392,Door Replacement,#10 x 2-1/2 in. 305 Stainless Steel Star Drive Deck Screw (1 lb/Pack),,16.29,27.2,Materials,0000 Uncategorized
22PSgcpnS6gh,Job 00392,Door Replacement,M-D Building Products3/8 in. x 240 in. Backer Rod,,3.45,5.76,Materials,0000 Uncategorized
22PSgcpnS6gh,Job 00392,Door Replacement,GREAT STUFF Smart Straw Window and Door Foam Sealant,,8.18,13.66,Materials,0000 Uncategorized
22PSgcpnS6gh,Job 00392,Door Replacement,1x2x8 PT,,2.72,4.54,Materials,0000 Uncategorized
22PSgcpnS6gh,Job 00392,Door Replacement,1050 Quick Dry Siliconized Acrylic Latex Caulk,,3.31,5.462,Materials,0000 Uncategorized
22PSgcpnS6gh,Job 00392,Door Replacement,"Typar Butyl Flashing Tape - 4"" W x 75' L",,25.75,43,Materials,0000 Uncategorized
22PSgcpnS6gh,Job 00392,Door Replacement,"Huber 6"" x 20' ZIP System Stretch Tape",,52.45,97.03,Materials,0000 Uncategorized
22PSgcpnS6gh,Job 00392,Door Replacement,1-1/4 in. x 1-1/2 in. x 10 ft. Window Head Flashing,,5.8,9.69,Materials,0000 Uncategorized
22PSgcpnS6gh,Job 00392,Door Replacement,Hourly Rate,60,55,89,Labor,0000 Uncategorized
22PSgcpnS6gh,Job 00392,Install Materials,Composite Shim,,2.23,3.6795000000000004,Materials,0000 Uncategorized
22PSgcpnS6gh,Job 00392,Install Materials,#10 x 2-1/2 in. 305 Stainless Steel Star Drive Deck Screw (1 lb/Pack),,16.29,27.2,Materials,0000 Uncategorized
22PSgcpnS6gh,Job 00392,Install Materials,M-D Building Products3/8 in. x 240 in. Backer Rod,,3.45,5.76,Materials,0000 Uncategorized
22PSgcpnS6gh,Job 00392,Install Materials,GREAT STUFF Smart Straw Window and Door Foam Sealant,,8.18,13.66,Materials,0000 Uncategorized
22PSgcpnS6gh,Job 00392,Install Materials,1x2x8 PT,,2.72,4.54,Materials,0000 Uncategorized
22PSgcpnS6gh,Job 00392,Install Materials,1050 Quick Dry Siliconized Acrylic Latex Caulk,,3.31,5.462,Materials,0000 Uncategorized
22PSgcpnS6gh,Job 00392,Install Materials,"Typar Butyl Flashing Tape - 4"" W x 75' L",,25.75,43,Materials,0000 Uncategorized
22PSgcpnS6gh,Job 00392,Install Materials,"Huber 6"" x 20' ZIP System Stretch Tape",,52.45,97.03,Materials,0000 Uncategorized
22PSgcpnS6gh,Job 00392,Install Materials,1-1/4 in. x 1-1/2 in. x 10 ft. Window Head Flashing,,5.8,9.69,Materials,0000 Uncategorized
22PSgcpnS6gh,Job 00392,Paint Materials,Custom Gallon Paint/Stain,2,60,99.00000000000001,Materials,2300 Painting
22PSgcpnS6gh,Job 00392,Paint Materials,1050 Quick Dry Siliconized Acrylic Latex Caulk,,3.31,5.462,Materials,0000 Uncategorized
22PSgcpnS6gh,Job 00392,Trim Materials,Miscellaneous,,100,165.00000000000003,Materials,0000 Uncategorized
22PSgcpnS6gh,Job 00392,Trim Materials,1x6x18 Vinyl Trim Plank,1,54.9,90.585,Materials,0000 Uncategorized
22PSgcpnS6gh,Job 00392,Trim Materials,1x4x18 Vinyl Trim plank,2,34.2,57.12,Materials,0000 Uncategorized
22PSgcpnS6gh,Job 00392,Window Replacement,Miscellaneous,,100,165.00000000000003,Materials,0000 Uncategorized
22PSgcpnS6gh,Job 00392,Window Replacement,1x6x18 Vinyl Trim Plank,1,54.9,90.585,Materials,0000 Uncategorized
22PSgcpnS6gh,Job 00392,Window Replacement,1x4x18 Vinyl Trim plank,2,34.2,57.12,Materials,0000 Uncategorized
22PSgcpnS6gh,Job 00392,Window Replacement,Composite Shim,,2.23,3.6795000000000004,Materials,0000 Uncategorized
22PSgcpnS6gh,Job 00392,Window Replacement,#10 x 2-1/2 in. 305 Stainless Steel Star Drive Deck Screw (1 lb/Pack),,16.29,27.2,Materials,0000 Uncategorized
22PSgcpnS6gh,Job 00392,Window Replacement,M-D Building Products3/8 in. x 240 in. Backer Rod,,3.45,5.76,Materials,0000 Uncategorized
22PSgcpnS6gh,Job 00392,Window Replacement,GREAT STUFF Smart Straw Window and Door Foam Sealant,,8.18,13.66,Materials,0000 Uncategorized
22PSgcpnS6gh,Job 00392,Window Replacement,1x2x8 PT,,2.72,4.54,Materials,0000 Uncategorized
22PSgcpnS6gh,Job 00392,Window Replacement,1050 Quick Dry Siliconized Acrylic Latex Caulk,,3.31,5.462,Materials,0000 Uncategorized
22PSgcpnS6gh,Job 00392,Window Replacement,"Typar Butyl Flashing Tape - 4"" W x 75' L",,25.75,43,Materials,0000 Uncategorized
22PSgcpnS6gh,Job 00392,Trim Materials,Miscellaneous,,100,165.00000000000003,Materials,0000 Uncategorized
22PSgcpnS6gh,Job 00392,Trim Materials,1x6x18 Vinyl Trim Plank,1,54.9,90.585,Materials,0000 Uncategorized
22PSgcpnS6gh,Job 00392,Trim Materials,1x4x18 Vinyl Trim plank,2,34.2,57.12,Materials,0000 Uncategorized
22PSgcpnS6gh,Job 00392,Window Install Materials,Composite Shim,,2.23,3.6795000000000004,Materials,0000 Uncategorized
22PSgcpnS6gh,Job 00392,Window Install Materials,#10 x 2-1/2 in. 305 Stainless Steel Star Drive Deck Screw (1 lb/Pack),,16.29,27.2,Materials,0000 Uncategorized
22PSgcpnS6gh,Job 00392,Window Install Materials,M-D Building Products3/8 in. x 240 in. Backer Rod,,3.45,5.76,Materials,0000 Uncategorized
22PSgcpnS6gh,Job 00392,Window Install Materials,GREAT STUFF Smart Straw Window and Door Foam Sealant,,8.18,13.66,Materials,0000 Uncategorized
22PSgcpnS6gh,Job 00392,Window Install Materials,1x2x8 PT,,2.72,4.54,Materials,0000 Uncategorized
22PSgcpnS6gh,Job 00392,Window Install Materials,1050 Quick Dry Siliconized Acrylic Latex Caulk,,3.31,5.462,Materials,0000 Uncategorized
22PSgcpnS6gh,Job 00392,Window Install Materials,"Typar Butyl Flashing Tape - 4"" W x 75' L",,25.75,43,Materials,0000 Uncategorized
22PSgcpnS6gh,Job 00392,Window Install Materials,"Huber 6"" x 20' ZIP System Stretch Tape",,52.45,97.03,Materials,0000 Uncategorized
22PSgcpnS6gh,Job 00392,Window Install Materials,1-1/4 in. x 1-1/2 in. x 10 ft. Window Head Flashing,,5.8,9.69,Materials,0000 Uncategorized
22PSjpTUFCkm,Job 00394,Framed TV Installation,Subcontractor,1,600,869.9999999999999,Labor,220 Subcontractor Labor
22PSjpTUFCkm,Job 00394,Framed TV Installation,Recessed Media Box,1,62.19,103.85730000000001,Materials,0000 Uncategorized
22PSjpTUFCkm,Job 00394,Framed TV Installation,Subcontractor,1,600,869.9999999999999,Labor,220 Subcontractor Labor
22PSjpTUFCkm,Job 00394,Framed TV Installation,Recessed Media Box,1,62.19,103.85730000000001,Materials,0000 Uncategorized
22PSp7TyT2Cs,Job 00396,Duct Chase Rework,Black Plastic Sheeting (4 mil),1,37.32,62.49,Materials,0000 Uncategorized
22PSp7TyT2Cs,Job 00396,Duct Chase Rework,Floor Covering - Econo Runner,1,121.79,200.96,Materials,0000 Uncategorized
22PSp7TyT2Cs,Job 00396,Duct Chase Rework,Miscellaneous,,150,247.50000000000003,Materials,0000 Uncategorized
22PSp7TyT2Cs,Job 00396,Duct Chase Rework,Hourly Rate,12,55,89,Labor,0000 Uncategorized
22PSp7TyT2Cs,Job 00396,Duct Chase Rework,Master Flow 8 in. x 25 ft. Insulated Flexible Duct R6 Silver Jacket,,67.07,124.09,Materials,0000 Uncategorized
22PSp7TyT2Cs,Job 00396,Drywall Repairs/Painting (Bedroom Ceiling and Duct Chase),Miscellaneous,,150,247.50000000000003,Materials,0000 Uncategorized
22PSp7TyT2Cs,Job 00396,Drywall Repairs/Painting (Bedroom Ceiling and Duct Chase),Hourly Rate,20,55,89,Labor,0000 Uncategorized
22PSp7TyT2Cs,Job 00396,Seal Gaps Behind Appliances,Hourly Rate,4,55,89,Labor,0000 Uncategorized
22PSp7TyT2Cs,Job 00396,Seal Gaps Behind Appliances,Miscellaneous,,50,82.50000000000001,Materials,0000 Uncategorized
22PSp7TyT2Cs,Job 00396,Drywall Repairs/Painting,Miscellaneous,,100,165.00000000000003,Materials,0000 Uncategorized
22PSp7TyT2Cs,Job 00396,Drywall Repairs/Painting,Hourly Rate,18,55,89,Labor,0000 Uncategorized
22PSp7TyT2Cs,Job 00396,Duct Chase Rework,Black Plastic Sheeting (4 mil),1,37.32,62.49,Materials,0000 Uncategorized
22PSp7TyT2Cs,Job 00396,Duct Chase Rework,Floor Covering - Econo Runner,1,121.79,200.96,Materials,0000 Uncategorized
22PSp7TyT2Cs,Job 00396,Duct Chase Rework,Miscellaneous,,150,247.50000000000003,Materials,0000 Uncategorized
22PSp7TyT2Cs,Job 00396,Duct Chase Rework,Hourly Rate,12,55,89,Labor,0000 Uncategorized
22PSp7TyT2Cs,Job 00396,Duct Chase Rework,Master Flow 8 in. x 25 ft. Insulated Flexible Duct R6 Silver Jacket,,67.07,124.09,Materials,0000 Uncategorized
22PSp7TyT2Cs,Job 00396,Drywall Repairs/Painting (Bedroom Ceiling and Duct Chase),Miscellaneous,,150,247.50000000000003,Materials,0000 Uncategorized
22PSp7TyT2Cs,Job 00396,Drywall Repairs/Painting (Bedroom Ceiling and Duct Chase),Hourly Rate,20,55,89,Labor,0000 Uncategorized
22PSp7TyT2Cs,Job 00396,Drywall Repairs/Painting,Miscellaneous,,100,165.00000000000003,Materials,0000 Uncategorized
22PSp7TyT2Cs,Job 00396,Drywall Repairs/Painting,Hourly Rate,18,55,89,Labor,0000 Uncategorized
22PSp7TyT2Cs,Job 00396,Seal Gaps Behind Appliances,Hourly Rate,4,55,89,Labor,0000 Uncategorized
22PSp7TyT2Cs,Job 00396,Seal Gaps Behind Appliances,Miscellaneous,,50,82.50000000000001,Materials,0000 Uncategorized
22PSp9Xjnk8L,Job 00397,Front Door Repaint,Miscellaneous,,30,0,Materials,0000 Uncategorized
22PSp9Xjnk8L,Job 00397,Front Door Repaint,Custom Gallon Paint/Stain,2,80,0,Materials,2300 Painting
22PSp9Xjnk8L,Job 00397,Front Door Repaint,Hourly Rate,8,55,0,Labor,0000 Uncategorized
22PSp9Xjnk8L,Job 00397,Shower Curb Rebuild,Tile allowance,1,75.05,125.3335,Materials,0000 Uncategorized
22PSp9Xjnk8L,Job 00397,Shower Curb Rebuild,Schluter,1,207.89,347.1763,Materials,0000 Uncategorized
22PSp9Xjnk8L,Job 00397,Shower Curb Rebuild,Sanded Ceramic Tile Grout Caulk,0,8.03,13.249500000000001,Materials,0000 Uncategorized
22PSp9Xjnk8L,Job 00397,Shower Curb Rebuild,Sanded Grout 25lb,0,61.53,102.76,Materials,820 Specialty Items
22PSp9Xjnk8L,Job 00397,Shower Curb Rebuild,Subcontractor,1,750,1087.5,Labor,220 Subcontractor Labor
22PSp9Xjnk8L,Job 00397,Shower Curb Rebuild,Return credit,-1,101.9,170.17300000000003,Materials,0000 Uncategorized
22PSp9Xjnk8L,Job 00397,Outdoor Shower Repairs,Hourly Rate,4,55,89,Labor,0000 Uncategorized
22PSp9Xjnk8L,Job 00397,Deck Board Replacement,PT Decking Board - 12',,9.85,16.45,Materials,0000 Uncategorized
22PSp9Xjnk8L,Job 00397,Deck Board Replacement,"1-5/8"" DeckMate Screws - 1 lb.",,11.16,18.64,Materials,0000 Uncategorized
22PSp9Xjnk8L,Job 00397,Deck Board Replacement,Hourly Rate,2,55,89,Labor,0000 Uncategorized
22PSp9Xjnk8L,Job 00397,Deck Drainage System Repair,Lexel Clear Paintable Solvent Caulk,,11.28,18.612000000000002,Materials,6000 Completion
22PSp9Xjnk8L,Job 00397,Deck Drainage System Repair,Hourly Rate,0.5,55,89,Labor,0000 Uncategorized
22PSp9Xjnk8L,Job 00397,Front Door Repaint,Miscellaneous,,30,0,Materials,0000 Uncategorized
22PSp9Xjnk8L,Job 00397,Front Door Repaint,Custom Gallon Paint/Stain,2,80,0,Materials,2300 Painting
22PSp9Xjnk8L,Job 00397,Front Door Repaint,Hourly Rate,8,55,0,Labor,0000 Uncategorized
22PSp9Xjnk8L,Job 00397,Outdoor Shower Repairs,Hourly Rate,4,55,89,Labor,0000 Uncategorized
22PSp9Xjnk8L,Job 00397,Deck Board Replacement,PT Decking Board - 12',,9.85,16.45,Materials,0000 Uncategorized
22PSp9Xjnk8L,Job 00397,Deck Board Replacement,"1-5/8"" DeckMate Screws - 1 lb.",,11.16,18.64,Materials,0000 Uncategorized
22PSp9Xjnk8L,Job 00397,Deck Board Replacement,Hourly Rate,2,55,89,Labor,0000 Uncategorized
22PSp9Xjnk8L,Job 00397,Deck Drainage System Repair,Lexel Clear Paintable Solvent Caulk,,11.28,18.612000000000002,Materials,6000 Completion
22PSp9Xjnk8L,Job 00397,Deck Drainage System Repair,Hourly Rate,0.5,55,89,Labor,0000 Uncategorized
22PSp9Xjnk8L,Job 00397,Front Door Repaint,Miscellaneous,,30,,Materials,0000 Uncategorized
22PSp9Xjnk8L,Job 00397,Front Door Repaint,Custom Gallon Paint/Stain,2,80,,Materials,2300 Painting
22PSp9Xjnk8L,Job 00397,Front Door Repaint,Hourly Rate,8,55,,Labor,0000 Uncategorized
22PSsVN4kqR7,Job 00399,Hardwood Floor Install,labor,,2720,3808.0000000000005,Labor,0000 Uncategorized
22PSsVN4kqR7,Job 00399,Hardwood Floor Install,material,,5139,7194.600000000001,Labor,0000 Uncategorized
22PSsVN4kqR7,Job 00399,Hardwood Floor Install,material,-1,900,1260.0000000000002,Labor,0000 Uncategorized
22PSsVN4kqR7,Job 00399,Floor Protection Install and Carpet/Pad Demo and Disposal,labor,,540,756.0000000000001,Labor,0000 Uncategorized
22PSsVN4kqR7,Job 00399,Floor Protection Install and Carpet/Pad Demo and Disposal,Floor Covering - Econo Runner,2,121.79,200.96,Materials,0000 Uncategorized
22PSsVN4kqR7,Job 00399,Floor Protection Install and Carpet/Pad Demo and Disposal,Haul Away Fee,,,225,Labor,0000 Uncategorized
22PSsVN4kqR7,Job 00399,Floor Protection Install and Carpet/Pad Demo and Disposal,Floor Covering - Econo Runner,-2,121.79,200.96,Materials,0000 Uncategorized
22PSsVN4kqR7,Job 00399,Floor Protection Install and Carpet/Pad Demo and Disposal,labor,-1,540,756.0000000000001,Labor,0000 Uncategorized
22PSsVN4kqR7,Job 00399,Subfloor Prep (if necessary),labor,,380,532.0000000000001,Labor,0000 Uncategorized
22PSsVN4kqR7,Job 00399,Sand/Stain/Poly Application,labor,,4480,6272.000000000001,Labor,0000 Uncategorized
22PSsVN4kqR7,Job 00399,Stain/Install Oak Shoe Molding,labor,,1120,1568.0000000000002,Labor,0000 Uncategorized
22PSsVN4kqR7,Job 00399,Drywall Repairs/Painting,labor,,1800,2520.0000000000005,Labor,0000 Uncategorized
22PSsVN4kqR7,Job 00399,Floor Protection Install and Carpet/Pad Demo and Disposal,Floor Covering - Econo Runner,2,121.79,200.96,Materials,0000 Uncategorized
22PSsVN4kqR7,Job 00399,Floor Protection Install and Carpet/Pad Demo and Disposal,Haul Away Fee,,0,225,Labor,0000 Uncategorized
22PSsVN4kqR7,Job 00399,Floor Protection Install and Carpet/Pad Demo and Disposal,labor,,540,756.0000000000001,Labor,0000 Uncategorized
22PSsVN4kqR7,Job 00399,Subfloor Prep (if necessary),labor,,380,532.0000000000001,Labor,0000 Uncategorized
22PSsVN4kqR7,Job 00399,Hardwood Floor Install,labor,,2720,3808.0000000000005,Labor,0000 Uncategorized
22PSsVN4kqR7,Job 00399,Hardwood Floor Install,material,,5139,7194.600000000001,Labor,0000 Uncategorized
22PSsVN4kqR7,Job 00399,Sand/Stain/Poly Application,labor,,4480,6272.000000000001,Labor,0000 Uncategorized
22PSsZExYAfW,Job 00400,Demo,subcontractor pricing,,1400,2029.9999999999998,Labor,0000 Uncategorized
22PSsZExYAfW,Job 00400,Electrical,subcontractor pricing,,2200,3190,Labor,0000 Uncategorized
22PSsZExYAfW,Job 00400,Drywall,subcontractor pricing,,2500,3624.9999999999995,Labor,0000 Uncategorized
22PSsZExYAfW,Job 00400,Carpentry/Interior Trim,subcontractor pricing,,1500,2175,Labor,0000 Uncategorized
22PSsZExYAfW,Job 00400,Exterior Trim,subcontractor pricing,,650,942.4999999999999,Labor,0000 Uncategorized
22PSsZExYAfW,Job 00400,Project Management Fees (multiple trades),Management fees,,0,1835,Labor,0000 Uncategorized
22PSsZExYAfW,Job 00400,Paint,subcontractor pricing,,1800,2610,Labor,0000 Uncategorized
22PSsZExYAfW,Job 00400,Reframe,subcontractor pricing,,2600,3769.9999999999995,Labor,0000 Uncategorized
22PSsZExYAfW,Job 00400,Demo,Labor and Materials,,1400,2029.9999999999998,Labor,0000 Uncategorized
22PSsZExYAfW,Job 00400,Reframe,Labor and Materials,,2600,3769.9999999999995,Labor,0000 Uncategorized
22PT5sTVxuYW,Job 00402,Electrical Repairs,Subcontractor Pricing,,800,1160,Labor,0000 Uncategorized
22PT5sTVxuYW,Job 00402,Plumbing Repairs,Subcontractor Pricing,,450,652.5,Labor,0000 Uncategorized
22PT5sTVxuYW,Job 00402,Electrical Repairs,Subcontractor Pricing,,800,1160,Labor,0000 Uncategorized
22PT5sTVxuYW,Job 00402,Plumbing Repairs,Subcontractor Pricing,,450,652.5,Labor,0000 Uncategorized
22PT7bu9rgA2,Job 00405,Tesla Wall Connector Install,subcontractor,,650,942.4999999999999,Labor,0000 Uncategorized
22PT7bu9rgA2,Job 00405,Tesla Wall Connector Install,subcontractor,,650,942.4999999999999,Labor,0000 Uncategorized
22PTAfcynakh,Job 00406,Deck Top Rail Replacement,2x4x8 PT,1,6.19,10.34,Materials,0000 Uncategorized
22PTAfcynakh,Job 00406,Deck Top Rail Replacement,2x8x8 PT,4,13.85,23.13,Materials,0000 Uncategorized
22PTAfcynakh,Job 00406,Deck Top Rail Replacement,Hourly Rate,4,55,89,Labor,0000 Uncategorized
22PTAfcynakh,Job 00406,Deck Top Rail Replacement,2x4x8 PT,1,6.19,10.34,Materials,0000 Uncategorized
22PTAfcynakh,Job 00406,Deck Top Rail Replacement,2x8x8 PT,4,13.85,23.13,Materials,0000 Uncategorized
22PTAfcynakh,Job 00406,Deck Top Rail Replacement,Hourly Rate,4,55,89,Labor,0000 Uncategorized
22PTAfcynakh,Job 00406,Deck Top Rail Replacement,2x4x8 PT,1,6.19,,Materials,0000 Uncategorized
22PTAfcynakh,Job 00406,Deck Top Rail Replacement,2x8x8 PT,4,13.85,,Materials,0000 Uncategorized
22PTAfcynakh,Job 00406,Deck Top Rail Replacement,Hourly Rate,4,55,,Labor,0000 Uncategorized
22PTAfcynakh,Job 00406,Deck Top Rail Replacement,2x4x8 PT,1,6.190000000000001,10.34,Materials,0000 Uncategorized
22PTAfcynakh,Job 00406,Deck Top Rail Replacement,2x8x8 PT,4,13.850000000000001,23.13,Materials,0000 Uncategorized
22PTAfcynakh,Job 00406,Deck Top Rail Replacement,Hourly Rate,4,54.99999999999999,89,Labor,0000 Uncategorized
22PTAfj7EHPW,Job 00407,Crawlspace Repairs,Subcontractor,,2800,4059.9999999999995,Labor,0000 Uncategorized
22PTAfj7EHPW,Job 00407,Electrical System Repairs,Miscellaneous,,100,165.00000000000003,Materials,0000 Uncategorized
22PTAfj7EHPW,Job 00407,Electrical System Repairs,Hourly Rate,8,55,89,Labor,0000 Uncategorized
22PTAfj7EHPW,Job 00407,Plumbing System Repairs,InSinkErator Badger 100 Standard Series 1/3 HP Continuous Feed Garbage Disposal,,119,198.73,Materials,0000 Uncategorized
22PTAfj7EHPW,Job 00407,Plumbing System Repairs,Hourly Rate,6,55,89,Labor,0000 Uncategorized
22PTAfj7EHPW,Job 00407,Plumbing System Repairs,Miscellaneous,,100,165.00000000000003,Materials,0000 Uncategorized
22PTAfj7EHPW,Job 00407,Crawlspace Repairs,Subcontractor,,2800,4059.9999999999995,Labor,0000 Uncategorized
22PTAfj7EHPW,Job 00407,Electrical System Repairs,Miscellaneous,,100,165.00000000000003,Materials,0000 Uncategorized
22PTAfj7EHPW,Job 00407,Electrical System Repairs,Hourly Rate,8,55,89,Labor,0000 Uncategorized
22PTAfj7EHPW,Job 00407,Declined,InSinkErator Badger 100 Standard Series 1/3 HP Continuous Feed Garbage Disposal,,119,198.73,Materials,0000 Uncategorized
22PTAfj7EHPW,Job 00407,Declined,Hourly Rate,6,55,89,Labor,0000 Uncategorized
22PTAfj7EHPW,Job 00407,Declined,Miscellaneous,,100,165.00000000000003,Materials,0000 Uncategorized
22PTAfj7EHPW,Job 00407,Electrical System Repairs,Miscellaneous,,100,,Materials,0000 Uncategorized
22PTAfj7EHPW,Job 00407,Electrical System Repairs,Hourly Rate,8,55,,Labor,0000 Uncategorized
22PTAfj7EHPW,Job 00407,Crawlspace Repairs,Subcontractor,,2800,4060,Labor,0000 Uncategorized
22PTAfj7EHPW,Job 00407,Electrical System Repairs,Miscellaneous,,100,165,Materials,0000 Uncategorized
22PTAfj7EHPW,Job 00407,Electrical System Repairs,Hourly Rate,8,54.99999999999999,89,Labor,0000 Uncategorized
22PTDBLgJkEn,Job 00408,Crawlspace Structural Repairs,subcontractor,,2000,2900,Labor,0000 Uncategorized
22PTDBLgJkEn,Job 00408,Crawlspace Barrier Install,subcontractor,1200,0.82,1.1889999999999998,Labor,0000 Uncategorized
22PTDBLgJkEn,Job 00408,Crawlspace Insulation Repairs,subcontractor,350,3.15,4.5675,Labor,0000 Uncategorized
22PTDBLgJkEn,Job 00408,Crawlspace Fungal Remediation,subcontractor,,750,1087.5,Labor,0000 Uncategorized
22PTDBLgJkEn,Job 00408,Plumbing Repairs,subcontractor,,1800,2571.4285714285716,Labor,0000 Uncategorized
22PTDBLgJkEn,Job 00408,Crawlspace Structural Repairs,subcontractor,,2000,2900,Labor,0000 Uncategorized
22PTDBLgJkEn,Job 00408,Crawlspace Barrier Install,subcontractor,1200,0.82,1.1889999999999998,Labor,0000 Uncategorized
22PTDBLgJkEn,Job 00408,Crawlspace Insulation Repairs,subcontractor,350,3.15,4.5675,Labor,0000 Uncategorized
22PTDBLgJkEn,Job 00408,Crawlspace Fungal Remediation,subcontractor,,750,1087.5,Labor,0000 Uncategorized
22PTDBLgJkEn,Job 00408,Plumbing Repairs,subcontractor,,1800,2571.4285714285716,Labor,0000 Uncategorized
22PTGkbUby2N,Job 00410,Crawlspace Fungal Mitigation,Subcontractor,,975,1413.75,Labor,0000 Uncategorized
22PTGkbUby2N,Job 00410,Crawlspace Floor Insulation Install,Subcontractor,,3225,4676.25,Labor,0000 Uncategorized
22PTGkbUby2N,Job 00410,Exterior Painting,Subcontractor,,4500,6525,Labor,0000 Uncategorized
22PTGkbUby2N,Job 00410,Drip Edge Flashing Install,Drip Edge Flashing (White),25,11,18.150000000000002,Materials,0000 Uncategorized
22PTGkbUby2N,Job 00410,Drip Edge Flashing Install,Hourly Rate,20,55,89,Labor,0000 Uncategorized
22PTGkbUby2N,Job 00410,Gutter Installation,Subcontractor,,2600,3769.9999999999995,Labor,0000 Uncategorized
22PTGkbUby2N,Job 00410,Exterior Trim Repair - Window,1-1/4 in. x 5-1/4 in. x 84 in. Vinyl Sill Moulding,,40.96,68.4,Materials,0000 Uncategorized
22PTGkbUby2N,Job 00410,Exterior Trim Repair - Window,2x4x8 PT,,6.19,10.34,Materials,0000 Uncategorized
22PTGkbUby2N,Job 00410,Exterior Trim Repair - Window,1-3/8 in. x 1-5/16 in. x 84 in. Vinyl Composite Sill Moulding Nosing,,18.96,31.66,Materials,0000 Uncategorized
22PTGkbUby2N,Job 00410,Exterior Trim Repair - Window,Composite Shim,,2.23,3.6795000000000004,Materials,0000 Uncategorized
22PTGkbUby2N,Job 00410,Exterior Trim Repair - Window,1050 Quick Dry Siliconized Acrylic Latex Caulk,,3.31,5.462,Materials,0000 Uncategorized
22PTGkbUby2N,Job 00410,Exterior Trim Repair - Window,3M Bondo Interior/ Exterior Waterproof 41 oz.,,31.68,52.272000000000006,Materials,0000 Uncategorized
22PTGkbUby2N,Job 00410,Exterior Trim Repair - Window,Hourly Rate,8,55,89,Labor,0000 Uncategorized
22PTGkbUby2N,Job 00410,Brick Foundation Mortar Repair,Subcontractor,,1500,2175,Labor,0000 Uncategorized
22PTGkbUby2N,Job 00410,Cap Gas Line,Hourly Rate,1,55,89,Labor,0000 Uncategorized
22PTGkbUby2N,Job 00410,Loose Toilet Repair,Subcontractor,,250,362.5,Labor,0000 Uncategorized
22PTGkbUby2N,Job 00410,Crawlspace Pipe Supports,Subcontractor,,150,217.49999999999997,Labor,0000 Uncategorized
22PTGnLipcJB,Job 00411,3.4.1 - Kickout Flashing Install,Grip-Rite#11 x 1-1/4 in. Electro-Galvanized Steel Roofing Nails (1 lb.-Pack),,4.98,8.32,Materials,0000 Uncategorized
22PTGnLipcJB,Job 00411,3.4.1 - Kickout Flashing Install,Henry 208R Rubberized Wet Patch 10.1 oz Roof Cement Leak Repair,,7.24,12.09,Materials,0000 Uncategorized
22PTGnLipcJB,Job 00411,3.4.1 - Kickout Flashing Install,Black Kickout Flashing,2,12.01,20.06,Materials,0000 Uncategorized
22PTGnLipcJB,Job 00411,3.4.1 - Kickout Flashing Install,Hourly Rate,4,55,89,Labor,0000 Uncategorized
22PTGnLipcJB,Job 00411,3.5.1 - Chimney Cap Replacement,Chimney Cap,,400,668,Materials,0000 Uncategorized
22PTGnLipcJB,Job 00411,3.5.1 - Chimney Cap Replacement,Hourly Rate,6,55,89,Labor,0000 Uncategorized
22PTGnLipcJB,Job 00411,4.3.1 - Loose Vinyl Siding Repair,Hourly Rate,4,55,89,Labor,0000 Uncategorized
22PTGnLipcJB,Job 00411,4.8.2 - Inspect Deck for Ledger Flashing,Hourly Rate,2,55,89,Labor,0000 Uncategorized
22PTGnLipcJB,Job 00411,4.8.3 - Deck and Home Connection Repair,1/2 in. Hot Dipped Galvanized Cut Washer (50-Box),,23.8,44.03,Materials,0000 Uncategorized
22PTGnLipcJB,Job 00411,4.8.3 - Deck and Home Connection Repair,Everbilt 1/2 in.-13 x 8 in. Galvanized Carriage Bolt (25-Pack),2,104.8,193.88,Materials,0000 Uncategorized
22PTGnLipcJB,Job 00411,4.8.3 - Deck and Home Connection Repair,Everbilt 1/2 in.-13 x 8 in. Galvanized Carriage Bolt (25-Pack),2,104.8,193.88,Materials,0000 Uncategorized
22PTGnLipcJB,Job 00411,4.8.3 - Deck and Home Connection Repair,"Red Heads 1/2"" x 5""",2,1.12,1.87,Materials,0000 Uncategorized
22PTGnLipcJB,Job 00411,4.8.3 - Deck and Home Connection Repair,Hourly Rate,18,55,89,Labor,0000 Uncategorized
22PTGnLipcJB,Job 00411,"4.8.4,5,6 - Deck Bracing and Support Repair",Miscellaneous,,500,825.0000000000001,Materials,0000 Uncategorized
22PTGnLipcJB,Job 00411,"4.8.4,5,6 - Deck Bracing and Support Repair",Hourly Rate,30,55,89,Labor,0000 Uncategorized
22PTGnLipcJB,Job 00411,"5.2.1, 5.3.1, 5.7.1 - Door and Window Adjustments",Hinge Screw #9 3 in. Oil-Rubbed Bronze Phillips Flat-Head Long Hinge Screw with Oversize Threads to Tighten Interior Doors (18-Pack),,16.22,30.01,Materials,0000 Uncategorized
22PTGnLipcJB,Job 00411,"5.2.1, 5.3.1, 5.7.1 - Door and Window Adjustments",Hourly Rate,5,55,89,Labor,0000 Uncategorized
22PTGnLipcJB,Job 00411,6.2.2 - Kitchen Subfloor Inspection,Hourly Rate,1,55,89,Labor,0000 Uncategorized
22PTGnLipcJB,Job 00411,6.8.1 - Newel Post Repair,Miscellaneous,,30,49.50000000000001,Materials,0000 Uncategorized
22PTGnLipcJB,Job 00411,6.8.1 - Newel Post Repair,Hourly Rate,3,55,89,Labor,0000 Uncategorized
22PTGnLipcJB,Job 00411,7.2.1 - Dishwasher High Loop Repair,Dishwasher Drain Hose Extension (1-Pack),,15.7,29.05,Materials,0000 Uncategorized
22PTGnLipcJB,Job 00411,7.2.1 - Dishwasher High Loop Repair,Hourly Rate,1,55,89,Labor,0000 Uncategorized
22PTQ3tSQAxW,Job 00414,Drywall Installation,Hourly Rate,16,55,89,Labor,0000 Uncategorized
22PTQ3tSQAxW,Job 00414,Drywall Installation,1/2 in. x 4 ft. x 8 ft. UltraLight Drywall,1,11.25,18.7875,Materials,710 Drywall
22PTQ3tSQAxW,Job 00414,Drywall Installation,"Drywall Screws 1 1/4""",0.25,29.98,50.06660000000001,Materials,710 Drywall
22PTQ3tSQAxW,Job 00414,Drywall Installation,Drywall Joint Tape,0.25,16.75,27.637500000000003,Materials,0000 Uncategorized
22PTQ3tSQAxW,Job 00414,Drywall Installation,Drywall Mud - USG Sheetrock 20 Joist Compound,1,17.92,29.926400000000005,Materials,710 Drywall
22PTQ3tSQAxW,Job 00414,Drywall Installation,Sanding Discs,1,8.97,14.800500000000003,Materials,0000 Uncategorized
22PTQ3tSQAxW,Job 00414,Drywall Installation,Strait-Flex 2-3/8 in. x 100 ft. Original Composite Flexible Corner Bead,0.25,36.98,61.76,Materials,0000 Uncategorized
22PTQ3tSQAxW,Job 00414,Drywall Installation,Owens Corning R-30 Faced Fiberglass Insulation Batt 16 in. x 48 in. (1 Bag),0.25,78.97,131.88,Materials,0000 Uncategorized
22PTS87WMtPM,Job 00415,Gas Leak Detection (Laundry Room/Water Heater),Hourly Rate,1,55,89,Labor,0000 Uncategorized
22PTS87WMtPM,Job 00415,Sink Drain Repairs,Hourly Rate,2,55,89,Labor,0000 Uncategorized
22PTS87WMtPM,Job 00415,Bath Exhaust Fan Replacement,Broan-NuTone 50 CFM Ceiling/Wall Mount Bathroom Exhaust Fan W/O Light,,45,75.15086206896551,Materials,0000 Uncategorized
22PTS87WMtPM,Job 00415,Bath Exhaust Fan Replacement,Hourly Rate,3,55,89,Labor,0000 Uncategorized
22PTS87WMtPM,Job 00415,Tile Grout Repair,Sanded Ceramic Tile Grout Caulk,,8.03,13.249500000000001,Materials,0000 Uncategorized
22PTS87WMtPM,Job 00415,Tile Grout Repair,Hourly Rate,4,55,89,Labor,0000 Uncategorized
22PTS87WMtPM,Job 00415,Sink Drain Stopper Repair,Hourly Rate,1,55,89,Labor,0000 Uncategorized
22PTS87WMtPM,Job 00415,Cabinet Hinge Adjustment,Hourly Rate,1,55,89,Labor,0000 Uncategorized
22PTS87WMtPM,Job 00415,Light Bulb Replacement,Light Bulb (Standard),,15,25.096153846153843,Materials,0000 Uncategorized
22PTS87WMtPM,Job 00415,Light Bulb Replacement,Hourly Rate,1,55,89,Labor,0000 Uncategorized
22PTS87WMtPM,Job 00415,Drywall Repairs,Ceiling White Paint,,42.49,70.96,Materials,0000 Uncategorized
22PTS87WMtPM,Job 00415,Drywall Repairs,Custom Gallon Paint/Stain,,60,99.00000000000001,Materials,2300 Painting
22PTS87WMtPM,Job 00415,Drywall Repairs,Hourly Rate,6,55,89,Labor,0000 Uncategorized
22PTS87WMtPM,Job 00415,LVP Flooring Repair,Hourly Rate,3,55,89,Labor,0000 Uncategorized
22PTS87WMtPM,Job 00415,Miscellaneous Door Adjustments,Hinge Screw #9 3 in. Oil-Rubbed Bronze Phillips Flat-Head Long Hinge Screw with Oversize Threads to Tighten Interior Doors (18-Pack),,16.22,30.01,Materials,0000 Uncategorized
22PTS87WMtPM,Job 00415,Miscellaneous Door Adjustments,Hourly Rate,2,55,89,Labor,0000 Uncategorized
22PTSF8z5aeV,Job 00417,Leak Evaluation,subcontractor,,325,471.24999999999994,Labor,0000 Uncategorized
22PTSF8z5aeV,Job 00417,Leak Evaluation,subcontractor,,325,471.24999999999994,Labor,0000 Uncategorized
22PTSF8z5aeV,Job 00417,Tile Grout Repair,Sanded Ceramic Tile Grout Caulk,1,8.03,13.249500000000001,Materials,0000 Uncategorized
22PTSF8z5aeV,Job 00417,Tile Grout Repair,Hourly Rate,3,55,89,Labor,0000 Uncategorized
22PTSF8z5aeV,Job 00417,Shower Door Weatherstripping,Hourly Rate,0,55,89,Labor,0000 Uncategorized
22PTSF8z5aeV,Job 00417,Shower Door Weatherstripping,Shower Door Weatherstipping,0,50,83.5117773019272,Materials,0000 Uncategorized
22PTSF8z5aeV,Job 00417,Drywall Repair,Hourly Rate,2,55,89,Labor,0000 Uncategorized
22PTSF8z5aeV,Job 00417,Drywall Repair,cover stain spray,,15,24.750000000000004,Labor,0000 Uncategorized
22PTSF8z5aeV,Job 00417,Tile Grout Repair,Sanded Ceramic Tile Grout Caulk,1,8.03,13.249500000000001,Materials,0000 Uncategorized
22PTSF8z5aeV,Job 00417,Tile Grout Repair,Hourly Rate,3,55,89,Labor,0000 Uncategorized
22PTSF8z5aeV,Job 00417,Drywall Repair,cover stain spray,,15,24.750000000000004,Labor,0000 Uncategorized
22PTSF8z5aeV,Job 00417,Drywall Repair,Hourly Rate,2,55,89,Labor,0000 Uncategorized
22PTSF8z5aeV,Job 00417,Leak Evaluation,subcontractor,,325,471.25,Labor,0000 Uncategorized
22PTTDJ3c6Y9,Job 00418,Exterior Door Hardware Repairs,Miscellaneous,,40,66.00000000000001,Materials,0000 Uncategorized
22PTTDJ3c6Y9,Job 00418,Exterior Door Hardware Repairs,Hourly Rate,2,55,89,Labor,0000 Uncategorized
22PTTDJ3c6Y9,Job 00418,Expansion Tank Installation,Subcontractor,,450,652.5,Labor,0000 Uncategorized
22PTTDJ3c6Y9,Job 00418,Water Heater Temperature Adjustment,Hourly Rate,1,55,89,Labor,0000 Uncategorized
22PTTDJ3c6Y9,Job 00418,Water Heater Replacement,Subcontractor,,2500,3624.9999999999995,Labor,0000 Uncategorized
22PTTDJ3c6Y9,Job 00418,Tub Spout Gap Repair,GE Advanced Silicone 2 10.1 oz. Clear Exterior/Interior Window and Door Sealant/Caulk,1,11.81,19.727375215146303,Materials,0000 Uncategorized
22PTTDJ3c6Y9,Job 00418,Tub Spout Gap Repair,Hourly Rate,1,55,89,Labor,0000 Uncategorized
22PTTDJ3c6Y9,Job 00418,Shower Head Replacement,Miscellaneous,,50,82.50000000000001,Materials,0000 Uncategorized
22PTTDJ3c6Y9,Job 00418,Shower Head Replacement,Hourly Rate,1,55,89,Labor,0000 Uncategorized
22PTTDJ3c6Y9,Job 00418,Cracked Grout/Caulk Repairs,GE Advanced Silicone 2 10.1 oz. Clear Exterior/Interior Window and Door Sealant/Caulk,1,11.81,19.727375215146303,Materials,0000 Uncategorized
22PTTDJ3c6Y9,Job 00418,Cracked Grout/Caulk Repairs,Hourly Rate,3,55,89,Labor,0000 Uncategorized
22PTTDJ3c6Y9,Job 00418,Replace Sink Faucet,Miscellaneous,,50,82.50000000000001,Materials,0000 Uncategorized
22PTTDJ3c6Y9,Job 00418,Replace Sink Faucet,Hourly Rate,3,55,89,Labor,0000 Uncategorized
22PTTDJ3c6Y9,Job 00418,Replace Shower Diverter,Hourly Rate,2,55,89,Labor,0000 Uncategorized
22PTTDJ3c6Y9,Job 00418,Replace Shower Diverter,Miscellaneous,,20,33.00000000000001,Materials,0000 Uncategorized
22PTTDJ3c6Y9,Job 00418,Vanity Top Replacement,Miscellaneous,,250,412.50000000000006,Materials,0000 Uncategorized
22PTTDJ3c6Y9,Job 00418,Vanity Top Replacement,Hourly Rate,4,55,89,Labor,0000 Uncategorized
22PTVZwcWXJA,Job 00419,Leaking Drain Pipe Repair (Crawlspace),subcontractor,,350,507.49999999999994,Labor,0000 Uncategorized
22PTVZwcWXJA,Job 00419,Loose Toilet Repair,subcontractor,,250,357.14285714285717,Labor,0000 Uncategorized
22PTVZwcWXJA,Job 00419,Water Heater Replacement (Gas),subcontractor,,2400,3479.9999999999995,Labor,0000 Uncategorized
22PTVZwcWXJA,Job 00419,Gas Bonding Installation,subcontractor,,450,652.5,Labor,0000 Uncategorized
22PTVZwcWXJA,Job 00419,Vapor Barrier Installation,subcontractor,,350,507.49999999999994,Labor,0000 Uncategorized
22PTVZwcWXJA,Job 00419,Vapor Barrier Installation,subcontractor,,1400,2029.9999999999998,Labor,0000 Uncategorized
22PTVZwcWXJA,Job 00419,CMU Repair (Crawlspace),subcontractor,,500,725,Labor,0000 Uncategorized
22PTVZwcWXJA,Job 00419,CMU Repair (Crawlspace),subcontractor,,500,725,Labor,0000 Uncategorized
22PTVZwcWXJA,Job 00419,Leaking Drain Pipe Repair (Crawlspace),subcontractor,,350,507.49999999999994,Labor,0000 Uncategorized
22PTVZwcWXJA,Job 00419,Loose Toilet Repair,subcontractor,,250,357.14285714285717,Labor,0000 Uncategorized
22PTVZwcWXJA,Job 00419,Water Heater Replacement (Gas),subcontractor,,2400,3479.9999999999995,Labor,0000 Uncategorized
22PTVimagMhC,Job 00420,Gutter/Downspout Replacement,Subcontractor,,4705,6681.1,Labor,0000 Uncategorized
22PTVimagMhC,Job 00420,Gutter/Downspout Replacement,Subcontractor,,4705,6681.1,Labor,0000 Uncategorized
22PTWU4nnJt7,Job 00421,Loose Vinyl Siding/Trim Repairs,Hourly Rate,6,55,89,Labor,0000 Uncategorized
22PTWU4nnJt7,Job 00421,Loose Shower Arm,Hourly Rate,1,55,89,Labor,0000 Uncategorized
22PTWU4nnJt7,Job 00421,Loose Shower Arm,Lexel Clear Paintable Solvent Caulk,,11.28,18.612000000000002,Materials,6000 Completion
22PTWU4nnJt7,Job 00421,Tub Spout Diverter Replacement,Bathtub Diverter Spout,2,33.98,47.56,Materials,0000 Uncategorized
22PTWU4nnJt7,Job 00421,Tub Spout Diverter Replacement,Hourly Rate,2,55,89,Labor,0000 Uncategorized
22PTWU4nnJt7,Job 00421,Flue Pipe Repair (Crawlspace),subcontractor,,350,507.49999999999994,Labor,0000 Uncategorized
22PTWU4nnJt7,Job 00421,Ungrounded Outlet Repairs,Hourly Rate,6,55,89,Labor,0000 Uncategorized
22PTWU4nnJt7,Job 00421,Drain Pipe Repair,subcontractor,,350,507.49999999999994,Labor,0000 Uncategorized
22PTWU4nnJt7,Job 00421,TPR Valve Pipe Replacement,subcontractor,,200,290,Labor,0000 Uncategorized
22PTWU4nnJt7,Job 00421,Fungal Remediation Options,Fungal Treatment (Fumigation Process),1200,0.65,1.0725000000000002,Materials,0000 Uncategorized
22PTWU4nnJt7,Job 00421,70 Pt Dehumidifier Installation,subcontractor,,2050,2972.5,Labor,0000 Uncategorized
22PTWU4nnJt7,Job 00421,70 Pt Dehumidifier Installation,subcontractor,,500,725,Labor,0000 Uncategorized
22PTWU4nnJt7,Job 00421,Loose Vinyl Siding/Trim Repairs,Hourly Rate,6,55,89,Labor,0000 Uncategorized
22PTZ9YAVRai,Job 00423,Brick and Mortar Repair,SAKRETE 10.3 fl. oz. Mortar Repair Sealant,2,6.18,10.32,Materials,0000 Uncategorized
22PTZ9YAVRai,Job 00423,Brick and Mortar Repair,Hourly Rate,2,55,89,Labor,0000 Uncategorized
22PTZ9YAVRai,Job 00423,Exterior Wood Rot Repairs,"Miratec 8"" x 16'",3,35.06,58.55020000000001,Materials,450 Siding & Trim
22PTZ9YAVRai,Job 00423,Exterior Wood Rot Repairs,Royal Mouldings 10 ft. x 1-63/64 in. x 1-15/64 in. Vinyl Brick Molding,2,21.14,34.88100000000001,Materials,1500 Doors & Windows
22PTZ9YAVRai,Job 00423,Exterior Wood Rot Repairs,Custom Gallon Paint/Stain,1,60,99.00000000000001,Materials,2300 Painting
22PTZ9YAVRai,Job 00423,Exterior Wood Rot Repairs,Vinyl Door Jamb,1,65.96,108.834,Materials,1500 Doors & Windows
22PTZ9YAVRai,Job 00423,Exterior Wood Rot Repairs,Miscellaneous,,200,330.00000000000006,Materials,0000 Uncategorized
22PTZ9YAVRai,Job 00423,Exterior Wood Rot Repairs,Hourly Rate,30,55,89,Labor,0000 Uncategorized
22PTZ9YAVRai,Job 00423,Bus Bar Repair,Neutral/Ground Bus Bar,,12.46,20.81,Materials,0000 Uncategorized
22PTZ9YAVRai,Job 00423,Bus Bar Repair,Hourly Rate,4,55,89,Labor,0000 Uncategorized
22PTZ9YAVRai,Job 00423,Exterior GFCI Outlet Installation,"20 Amp 125-Volt Duplex SmarTest Self-Test SmartlockPro Tamper Resistant GFCI Outlet, White",,23.6,43.66,Materials,0000 Uncategorized
22PTZ9YAVRai,Job 00423,Exterior GFCI Outlet Installation,1-Gang Weatherproof Cover,,8.62,14.4,Materials,0000 Uncategorized
22PTZ9YAVRai,Job 00423,Exterior GFCI Outlet Installation,Hourly Rate,2,55,89,Labor,0000 Uncategorized
22PTZ9YAVRai,Job 00423,Brick and Mortar Repair,SAKRETE 10.3 fl. oz. Mortar Repair Sealant,2,6.18,10.32,Materials,0000 Uncategorized
22PTZ9YAVRai,Job 00423,Brick and Mortar Repair,Hourly Rate,2,55,89,Labor,0000 Uncategorized
22PTZ9YAVRai,Job 00423,Exterior Wood Rot Repairs,"Miratec 8"" x 16'",3,35.06,58.55020000000001,Materials,450 Siding & Trim
22PTZ9YAVRai,Job 00423,Exterior Wood Rot Repairs,Royal Mouldings 10 ft. x 1-63/64 in. x 1-15/64 in. Vinyl Brick Molding,2,21.14,34.88100000000001,Materials,1500 Doors & Windows
22PTZ9YAVRai,Job 00423,Exterior Wood Rot Repairs,Custom Gallon Paint/Stain,1,60,99.00000000000001,Materials,2300 Painting
22PTZ9YAVRai,Job 00423,Exterior Wood Rot Repairs,Vinyl Door Jamb,1,65.96,108.834,Materials,1500 Doors & Windows
22PTZ9YAVRai,Job 00423,Exterior Wood Rot Repairs,Miscellaneous,,200,330.00000000000006,Materials,0000 Uncategorized
22PTZ9YAVRai,Job 00423,Exterior Wood Rot Repairs,Hourly Rate,30,55,89,Labor,0000 Uncategorized
22PTZ9YAVRai,Job 00423,Bus Bar Repair,Neutral/Ground Bus Bar,,12.46,20.81,Materials,0000 Uncategorized
22PTZ9YAVRai,Job 00423,Bus Bar Repair,Hourly Rate,4,55,89,Labor,0000 Uncategorized
22PTZ9YAVRai,Job 00423,Exterior GFCI Outlet Installation,"20 Amp 125-Volt Duplex SmarTest Self-Test SmartlockPro Tamper Resistant GFCI Outlet, White",,23.6,43.66,Materials,0000 Uncategorized
22PTZ9YAVRai,Job 00423,Exterior GFCI Outlet Installation,1-Gang Weatherproof Cover,,8.62,14.4,Materials,0000 Uncategorized
22PTZ9YAVRai,Job 00423,Exterior GFCI Outlet Installation,Hourly Rate,2,55,89,Labor,0000 Uncategorized
22PTZ9YAVRai,Job 00423,Brick and Mortar Repair,SAKRETE 10.3 fl. oz. Mortar Repair Sealant,2,6.18,,Materials,0000 Uncategorized
22PTZ9YAVRai,Job 00423,Brick and Mortar Repair,Hourly Rate,2,55,,Labor,0000 Uncategorized
22PTZ9YAVRai,Job 00423,Exterior Wood Rot Repairs,"Miratec 8"" x 16'",3,35.06,,Materials,450 Siding & Trim
22PTZ9YAVRai,Job 00423,Exterior Wood Rot Repairs,Royal Mouldings 10 ft. x 1-63/64 in. x 1-15/64 in. Vinyl Brick Molding,2,21.14,,Materials,1500 Doors & Windows
22PTZ9YAVRai,Job 00423,Exterior Wood Rot Repairs,Custom Gallon Paint/Stain,1,60,,Materials,2300 Painting
22PTZ9YAVRai,Job 00423,Exterior Wood Rot Repairs,Vinyl Door Jamb,1,65.96,,Materials,1500 Doors & Windows
22PTZ9YAVRai,Job 00423,Exterior Wood Rot Repairs,Miscellaneous,,200,,Materials,0000 Uncategorized
22PTZ9YAVRai,Job 00423,Exterior Wood Rot Repairs,Hourly Rate,30,55,,Labor,0000 Uncategorized
22PTZQA4Kd3R,Job 00424,Storm Door Handle Replacement,Miscellaneous,,75,123.75000000000001,Materials,0000 Uncategorized
22PTZQA4Kd3R,Job 00424,Storm Door Handle Replacement,Hourly Rate,1,55,89,Labor,0000 Uncategorized
22PTZQA4Kd3R,Job 00424,Doorbell Replacement,New Doorbell and Chimes,,50,83.50012509382036,Materials,0000 Uncategorized
22PTZQA4Kd3R,Job 00424,Doorbell Replacement,Hourly Rate,4,55,89,Labor,0000 Uncategorized
22PTZQA4Kd3R,Job 00424,Doorbell Replacement,New Doorbell and Chimes,,30,50.10007505629222,Materials,0000 Uncategorized
22PTZQA4Kd3R,Job 00424,Kitchen Sink Faucet Replacement,Plumbing fixture,1,150,247.50000000000003,Materials,0000 Uncategorized
22PTZQA4Kd3R,Job 00424,Kitchen Sink Faucet Replacement,Hourly Rate,2,55,89,Labor,0000 Uncategorized
22PTZQA4Kd3R,Job 00424,Kitchen Sink Faucet Replacement,Plumbing fixture,1,137.18,226.34700000000004,Materials,0000 Uncategorized
22PTZQA4Kd3R,Job 00424,Kitchen Light Fixture Replacement,Hourly Rate,4,55,89,Labor,0000 Uncategorized
22PTZQA4Kd3R,Job 00424,Kitchen Light Fixture Replacement,light fixtures,1,150,247.50000000000003,Materials,0000 Uncategorized
22PTZQA4Kd3R,Job 00424,Kitchen Light Fixture Replacement,light fixtures,1,-12.88,-21.252000000000006,Materials,0000 Uncategorized
22PTZQA4Kd3R,Job 00424,Kitchen Ceiling Paint Touchup,Hourly Rate,2,55,89,Labor,0000 Uncategorized
22PTZQA4Kd3R,Job 00424,Kitchen Ceiling Paint Touchup,White Oil-Based Interior/Exterior Primer and Sealer,0.5,34.98,57.717000000000006,Materials,0000 Uncategorized
22PTZQA4Kd3R,Job 00424,Smoke & Carbon Monoxide Detector Installation,Dual Smoke/Carbon Monoxide Detector (Battery Powered),2,30,50.09693053311793,Materials,0000 Uncategorized
22PTZQA4Kd3R,Job 00424,Smoke & Carbon Monoxide Detector Installation,Hourly Rate,1,55,89,Labor,0000 Uncategorized
22PTZQA4Kd3R,Job 00424,Bathtub Caulk Seal Replacement,GE Supreme Silicone Kitchen & Bath Caulk,,14.29,23.8643,Materials,510 Plumbing
22PTZQA4Kd3R,Job 00424,Bathtub Caulk Seal Replacement,Hourly Rate,2,55,89,Labor,0000 Uncategorized
22PTZQA4Kd3R,Job 00424,Exhaust Fan With Light Replacement,Broan 80 CFM Ceiling Bathroom Exhaust Fan with Light,1,75.05,125.33,Materials,0000 Uncategorized
22PTZQA4Kd3R,Job 00424,Exhaust Fan With Light Replacement,Hourly Rate,3,55,89,Labor,0000 Uncategorized
22PTZQA4Kd3R,Job 00424,Exhaust Fan With Light Replacement,Exhaust Fan with Light,1,60.5,101.03217854763491,Materials,0000 Uncategorized
22PTZQA4Kd3R,Job 00424,Minor Toilet Repairs,Hourly Rate,0.5,55,89,Labor,0000 Uncategorized
22PTZQA4Kd3R,Job 00424,Minor Toilet Repairs,toilet seat,2,25,41.25000000000001,Materials,0000 Uncategorized
22PTZQA4Kd3R,Job 00424,Storm Door Handle Replacement,Miscellaneous,,75,123.75000000000001,Materials,0000 Uncategorized
22PTZQA4Kd3R,Job 00424,Storm Door Handle Replacement,Hourly Rate,1,55,89,Labor,0000 Uncategorized
22PTsEktFJH8,Job 00433,Replace Bifold Door,Semi-gloss Ultra White Acrylic Interior/Exterior Door and Trim Paint (1-Gallon),0.5,33.12,54.648,Materials,2300 Painting
22PTsEktFJH8,Job 00433,Replace Bifold Door,Hourly Rate,4,55,89,Labor,0000 Uncategorized
22PTsEktFJH8,Job 00433,Replace Bifold Door,bifold door,1,171,282.15000000000003,Labor,0000 Uncategorized
22PTsEktFJH8,Job 00433,Wall Repairs and Paint Touchup,1050 Quick Dry Siliconized Acrylic Latex Caulk,1,3.31,5.462,Materials,0000 Uncategorized
22PTsEktFJH8,Job 00433,Wall Repairs and Paint Touchup,Custom Gallon Paint/Stain,0.5,60,99.00000000000001,Materials,2300 Painting
22PTsEktFJH8,Job 00433,Wall Repairs and Paint Touchup,Hourly Rate,2.5,55,89,Labor,0000 Uncategorized
22PTsEktFJH8,Job 00433,Bookshelf Prep and Paint Touchup,Custom Gallon Paint/Stain,0.5,60,99.00000000000001,Materials,2300 Painting
22PTsEktFJH8,Job 00433,Bookshelf Prep and Paint Touchup,Hourly Rate,3.5,55,89,Labor,0000 Uncategorized
22PTsEktFJH8,Job 00433,Interior Door Repair and Touchup,3M Bondo Interior/ Exterior Waterproof 41 oz.,0.5,31.68,52.272000000000006,Materials,0000 Uncategorized
22PTsEktFJH8,Job 00433,Interior Door Repair and Touchup,Semi-gloss Ultra White Acrylic Interior/Exterior Door and Trim Paint (1-Gallon),0.5,33.12,54.648,Materials,2300 Painting
22PTsEktFJH8,Job 00433,Interior Door Repair and Touchup,Hourly Rate,2,55,89,Labor,0000 Uncategorized
22PTsEktFJH8,Job 00433,Replace Bifold Door,Semi-gloss Ultra White Acrylic Interior/Exterior Door and Trim Paint (1-Gallon),0.5,33.12,54.648,Materials,2300 Painting
22PTsEktFJH8,Job 00433,Replace Bifold Door,Hourly Rate,4,55,89,Labor,0000 Uncategorized
22PTsEktFJH8,Job 00433,Replace Bifold Door,bifold door,1,171,282.15000000000003,Labor,0000 Uncategorized
22PTsEktFJH8,Job 00433,Wall Repairs and Paint Touchup,1050 Quick Dry Siliconized Acrylic Latex Caulk,1,3.31,5.462,Materials,0000 Uncategorized
22PTsEktFJH8,Job 00433,Wall Repairs and Paint Touchup,Custom Gallon Paint/Stain,0.5,60,99.00000000000001,Materials,2300 Painting
22PTsEktFJH8,Job 00433,Wall Repairs and Paint Touchup,Hourly Rate,2.5,55,89,Labor,0000 Uncategorized
22PTsEktFJH8,Job 00433,Bookshelf Prep and Paint Touchup,Custom Gallon Paint/Stain,0.5,60,99.00000000000001,Materials,2300 Painting
22PTsEktFJH8,Job 00433,Bookshelf Prep and Paint Touchup,Hourly Rate,3.5,55,89,Labor,0000 Uncategorized
22PTsEktFJH8,Job 00433,Interior Door Repair and Touchup,3M Bondo Interior/ Exterior Waterproof 41 oz.,0.5,31.68,52.272000000000006,Materials,0000 Uncategorized
22PTsEktFJH8,Job 00433,Interior Door Repair and Touchup,Semi-gloss Ultra White Acrylic Interior/Exterior Door and Trim Paint (1-Gallon),0.5,33.12,54.648,Materials,2300 Painting
22PTsEktFJH8,Job 00433,Interior Door Repair and Touchup,Hourly Rate,2,55,89,Labor,0000 Uncategorized
22PTsEktFJH8,Job 00433,Wall Repairs and Paint Touchup,1050 Quick Dry Siliconized Acrylic Latex Caulk,1,3.31,5.462,Materials,0000 Uncategorized
22PTsEktFJH8,Job 00433,Wall Repairs and Paint Touchup,Custom Gallon Paint/Stain,0.5,60,99.00000000000001,Materials,2300 Painting
22PTsEktFJH8,Job 00433,Wall Repairs and Paint Touchup,Hourly Rate,2.5,55,89,Labor,0000 Uncategorized
22PTsEktFJH8,Job 00433,Bookshelf Prep and Paint Touchup,Custom Gallon Paint/Stain,0.5,60,99.00000000000001,Materials,2300 Painting
22PTsEktFJH8,Job 00433,Bookshelf Prep and Paint Touchup,Hourly Rate,3.5,55,89,Labor,0000 Uncategorized
22PTugZFtXY4,Job 00434,6.6.1 - Dryer Vent Cleaning,Hourly Rate,3,55,89,Labor,0000 Uncategorized
22PTugZFtXY4,Job 00434,"8.2.1, 8.3.1 - Loose Tub Valve Handle Repair",Hourly Rate,1,55,89,Labor,0000 Uncategorized
22PTugZFtXY4,Job 00434,8.2.2 - Minor Toilet Repairs,Toilet Fill Valve,,20,33.39920948616601,Materials,0000 Uncategorized
22PTugZFtXY4,Job 00434,8.2.2 - Minor Toilet Repairs,Hourly Rate,1,55,89,Labor,0000 Uncategorized
22PTugZFtXY4,Job 00434,8.3.2 - Leaking Bathtub Sprayer Replacement,Hourly Rate,1.5,55,89,Labor,0000 Uncategorized
22PTugZFtXY4,Job 00434,8.3.2 - Leaking Bathtub Sprayer Replacement,Sprayer Replacement,1,75,107.14285714285715,Labor,0000 Uncategorized
22PTugZFtXY4,Job 00434,8.3.2 - Leaking Bathtub Sprayer Replacement,Sprayer Replacement,1,59.8,85.42857142857143,Labor,0000 Uncategorized
22PTugZFtXY4,Job 00434,9.5.1 - Cover Plate Replacement,1-Gang Blank Cover Plate,,0.68,1.14,Materials,0000 Uncategorized
22PTugZFtXY4,Job 00434,9.5.1 - Cover Plate Replacement,Hourly Rate,1,55,89,Labor,0000 Uncategorized
22PTugZFtXY4,Job 00434,15.1.1 - Refrigerant Line Insulation Repair,"1/2"" Refrigerant Line/Pipe Insulation",6,8.58,14.33,Materials,0000 Uncategorized
22PTugZFtXY4,Job 00434,15.1.1 - Refrigerant Line Insulation Repair,Hourly Rate,2,55,89,Labor,0000 Uncategorized
22PTugZFtXY4,Job 00434,8.3.4 - Bathtub Repair,GE Advanced Silicone 2 10.1 oz. Clear Exterior/Interior Window and Door Sealant/Caulk,0,11.81,19.727375215146303,Materials,0000 Uncategorized
22PTugZFtXY4,Job 00434,8.3.4 - Bathtub Repair,Hourly Rate,0,55,89,Labor,0000 Uncategorized
22PTugZFtXY4,Job 00434,Fence Removal,Hourly Rate,6,55,89,Labor,0000 Uncategorized
22PTugZFtXY4,Job 00434,20.7.1 - Bonding (pool electrical),Redland Electric,,250,362.5,Subcontractor,220 Subcontractor Labor
22PTugZFtXY4,Job 00434,Ceiling Fan Install,Redland Electric,,225,326.25,Subcontractor,220 Subcontractor Labor
22PTumFMfsfG,Job 00436,"2.7.1, 2.7.2 - Dutch Lap Vinyl Siding Repair/Replace",Dutch Lap Vinyl Siding,2,14.29,23.578500000000002,Materials,0000 Uncategorized
22PTumFMfsfG,Job 00436,"2.7.1, 2.7.2 - Dutch Lap Vinyl Siding Repair/Replace",Hourly Rate,3,55,89,Labor,0000 Uncategorized
22PTumFMfsfG,Job 00436,2.10.1 - Seal Exterior Gaps/Cracks,Deckmate 3 inch wood screw,1,12.98,21.417000000000005,Materials,410 Framing
22PTumFMfsfG,Job 00436,2.10.1 - Seal Exterior Gaps/Cracks,Lexel Clear Paintable Solvent Caulk,6,11.28,18.612000000000002,Materials,6000 Completion
22PTumFMfsfG,Job 00436,2.10.1 - Seal Exterior Gaps/Cracks,Hourly Rate,6,55,89,Labor,0000 Uncategorized
22PTumFMfsfG,Job 00436,2.9.1 - Exterior Painting,Hourly Rate,2,55,89,Labor,0000 Uncategorized
22PTumFMfsfG,Job 00436,2.9.1 - Exterior Painting,Semi-gloss Ultra White Acrylic Interior/Exterior Door and Trim Paint (1-Gallon),,33.12,54.648,Materials,2300 Painting
22PTumFMfsfG,Job 00436,"2.11.1, 2.12.1 - Deck Repairs",Miscellaneous,,50,82.50000000000001,Materials,0000 Uncategorized
22PTumFMfsfG,Job 00436,"2.11.1, 2.12.1 - Deck Repairs",Hourly Rate,4,55,89,Labor,0000 Uncategorized
22PTumFMfsfG,Job 00436,3.6.1 - Downspout Replacement,White Zip Screws,,5.55,9.27,Materials,0000 Uncategorized
22PTumFMfsfG,Job 00436,3.6.1 - Downspout Replacement,"3""x4"" White Aluminum Downspout",2,19.72,32.93,Materials,0000 Uncategorized
22PTumFMfsfG,Job 00436,3.6.1 - Downspout Replacement,Hourly Rate,2,55,89,Labor,0000 Uncategorized
22PTumFMfsfG,Job 00436,Vent Well Install,Crawlspace Medic,1,165,239.24999999999997,Subcontractor,0000 Uncategorized
22PTumFMfsfG,Job 00436,5.5.2 - Fungal Remediation Options,Fungal Treatment (Fumigation Process),1200,0.75,1.2375000000000003,Materials,0000 Uncategorized
22PTumFMfsfG,Job 00436,Gutters & Downspouts Cleaning/Downspout Extenders,Boom Lift Rental,,600,1002,Materials,0000 Uncategorized
22PTumFMfsfG,Job 00436,Gutters & Downspouts Cleaning/Downspout Extenders,Hourly Rate,,55,89,Labor,0000 Uncategorized
22PTumFMfsfG,Job 00436,"5.7.1, 5.7.2 - Replace Temporary Floor Shores with Permanent Shores",STL-JHD (Double) U-Head,5,76.5,126.22500000000002,Materials,0000 Uncategorized
22PTumFMfsfG,Job 00436,"5.7.1, 5.7.2 - Replace Temporary Floor Shores with Permanent Shores",Base Plate - 12,5,56.22,92.76300000000002,Materials,0000 Uncategorized
22PTumFMfsfG,Job 00436,"5.7.1, 5.7.2 - Replace Temporary Floor Shores with Permanent Shores",STL-22,5,276,455.4000000000001,Materials,0000 Uncategorized
22PTumFMfsfG,Job 00436,"5.7.1, 5.7.2 - Replace Temporary Floor Shores with Permanent Shores",2x10x10 PT,4,21.32,35.61,Materials,0000 Uncategorized
22PTumFMfsfG,Job 00436,"5.7.1, 5.7.2 - Replace Temporary Floor Shores with Permanent Shores",Hourly Rate,10,55,89,Labor,0000 Uncategorized
22PTumFMfsfG,Job 00436,5.8.2 - Crawl Space Insulation Repair,Hourly Rate,3,55,89,Labor,0000 Uncategorized
22PTumFMfsfG,Job 00436,5.8.2 - Crawl Space Insulation Repair,24 in. Wire Batt Supports,,52.07,86.96,Materials,0000 Uncategorized
22PTvM59ZgFv,Job 00438,6.7.2 - Gas Bonding Installation,subcontractor,,450,652.5,Labor,0000 Uncategorized
22PTvM59ZgFv,Job 00438,7.1.1 - Expansion Tank Installation,subcontractor,,350,507.49999999999994,Labor,0000 Uncategorized
22PTvM59ZgFv,Job 00438,7.1.2 - Water Heater Evaluation,subcontractor,,75,108.74999999999999,Labor,0000 Uncategorized
22PTvM59ZgFv,Job 00438,7.1.3 - TPR Valve Pipe Extension,subcontractor,,250,362.5,Labor,0000 Uncategorized
22PTvM59ZgFv,Job 00438,9.8.1 - Electrical Fixture Evaluation/Bulb Replacement,Light Bulb (Standard),3,5,8.365384615384615,Materials,0000 Uncategorized
22PTvM59ZgFv,Job 00438,9.8.1 - Electrical Fixture Evaluation/Bulb Replacement,Hourly Rate,1,55,89,Labor,0000 Uncategorized
22PTvM59ZgFv,Job 00438,10.4.1 - HVAC Duct Insulation Repair/Replace,Nashua Tape 2.83 in. x 10 yd. ASJ (All-Service Jacketing) Insulation Duct Tape,,8.24,15.24,Materials,0000 Uncategorized
22PTvM59ZgFv,Job 00438,10.4.1 - HVAC Duct Insulation Repair/Replace,Master Flow Water Based Mastic 0.91 Gal. Tub- Air Duct Sealant,,44.33,82.01,Materials,0000 Uncategorized
22PTvM59ZgFv,Job 00438,10.4.1 - HVAC Duct Insulation Repair/Replace,Hourly Rate,3,55,89,Labor,0000 Uncategorized
22PTvM59ZgFv,Job 00438,14.2.1 - Attic Framing Repairs,Miscellaneous supplies,,150,247.50000000000003,Materials,0000 Uncategorized
22PTvM59ZgFv,Job 00438,14.2.1 - Attic Framing Repairs,Hourly Rate,4,55,89,Labor,0000 Uncategorized
22PTvM59ZgFv,Job 00438,14.2.2 - Roof Leak Evaluation,Hourly Rate,1,55,89,Labor,0000 Uncategorized
22PTvM59ZgFv,Job 00438,6.7.2 - Gas Bonding Installation,subcontractor,,450,652.5,Labor,0000 Uncategorized
22PTvM59ZgFv,Job 00438,7.1.1 - Expansion Tank Installation,subcontractor,,350,507.49999999999994,Labor,0000 Uncategorized
22PTyZW6xZxS,Job 00441,Fascia/Shingle Molding Repair,"Cedar Board 1"" x 8""",8,3.2,5.344000000000001,Materials,450 Siding & Trim
22PTyZW6xZxS,Job 00441,Fascia/Shingle Molding Repair,Hourly Rate,2,55,89,Labor,0000 Uncategorized
22PTyZW6xZxS,Job 00441,Loose Vinyl Siding Repair,Hourly Rate,2,55,89,Labor,0000 Uncategorized
22PTyZW6xZxS,Job 00441,Flashing Repair,Amerimax Home Products FlashMate 10 oz. Flashing Sealant,1,6.78,11.32,Materials,0000 Uncategorized
22PTyZW6xZxS,Job 00441,Flashing Repair,Hourly Rate,1,55,89,Labor,0000 Uncategorized
22PTyZW6xZxS,Job 00441,Photos of Repair Items,photos,,,,Labor,0000 Uncategorized
22PTyZW6xZxS,Job 00441,Porch Screen Replacement,Screen door difference,1,-8.43,-13.909500000000001,Materials,0000 Uncategorized
22PTyZW6xZxS,Job 00441,Porch Screen Replacement,"Wood Screen Door - 32""",1,150,250.50057758952636,Materials,0000 Uncategorized
22PTyZW6xZxS,Job 00441,Porch Screen Replacement,Hourly Rate,8,55,89,Labor,0000 Uncategorized
22PTyZW6xZxS,Job 00441,Electrical Repairs,1-Gang Blank Cover Plate,1,0.68,1.1220000000000003,Materials,0000 Uncategorized
22PTyZW6xZxS,Job 00441,Electrical Repairs,1-Gang Weatherproof Cover,3,8.62,14.223,Materials,0000 Uncategorized
22PTyZW6xZxS,Job 00441,Electrical Repairs,15 Amp GFCI Outlet,3,22.36,36.894000000000005,Materials,0000 Uncategorized
22PTyZW6xZxS,Job 00441,Electrical Repairs,Hourly Rate,4,55,89,Labor,0000 Uncategorized
22PTyZW6xZxS,Job 00441,Fascia/Shingle Molding Repair,"Cedar Board 1"" x 8""",8,3.2,5.344000000000001,Materials,450 Siding & Trim
22PTyZW6xZxS,Job 00441,Fascia/Shingle Molding Repair,Hourly Rate,2,55,89,Labor,0000 Uncategorized
22PTyZW6xZxS,Job 00441,Loose Vinyl Siding Repair,Hourly Rate,2,55,89,Labor,0000 Uncategorized
22PTyZW6xZxS,Job 00441,Flashing Repair,Amerimax Home Products FlashMate 10 oz. Flashing Sealant,1,6.78,11.32,Materials,0000 Uncategorized
22PTyZW6xZxS,Job 00441,Flashing Repair,Hourly Rate,1,55,89,Labor,0000 Uncategorized
22PTyZW6xZxS,Job 00441,Porch Screen Replacement,"Wood Screen Door - 32""",,150,250.50057758952636,Materials,0000 Uncategorized
22PTyZW6xZxS,Job 00441,Porch Screen Replacement,Hourly Rate,1.5,55,89,Labor,0000 Uncategorized
22PU6MZg9tci,Job 00442,7.2.1 - Single Handle Shower Valve Replacement,Plumbers of Greenville,,250,357.14285714285717,Labor,0000 Uncategorized
22PU6MZg9tci,Job 00442,9.4.1 - Electrical Evaluation,Subcontractor,1,150,217.49999999999997,Labor,220 Subcontractor Labor
22PU6MZg9tci,Job 00442,"10.1.1, 10.5.1 - HVAC Shroud Sealing",Lexel Clear Paintable Solvent Caulk,,11.28,18.612000000000002,Materials,6000 Completion
22PU6MZg9tci,Job 00442,"10.1.1, 10.5.1 - HVAC Shroud Sealing",Hourly Rate,2,55,89,Labor,0000 Uncategorized
22PU6MZg9tci,Job 00442,"10.5.2, 10.5.3 - HVAC Duct Repairs",Nashua Tape 2.83 in. x 10 yd. ASJ (All-Service Jacketing) Insulation Duct Tape,,8.24,15.24,Materials,0000 Uncategorized
22PU6MZg9tci,Job 00442,"10.5.2, 10.5.3 - HVAC Duct Repairs",Master Flow Water Based Mastic 0.91 Gal. Tub- Air Duct Sealant,,44.33,82.01,Materials,0000 Uncategorized
22PU6MZg9tci,Job 00442,"10.5.2, 10.5.3 - HVAC Duct Repairs",Hourly Rate,3,55,89,Labor,0000 Uncategorized
22PU6MZg9tci,Job 00442,"12.2.1, 12.2.2 - Roof Leak Evaluation",Hourly Rate,2,55,89,Labor,0000 Uncategorized
22PU6MZg9tci,Job 00442,"7.7.1, 13.2.2-6 - Crawlspace Moisture Mitigation",Crawlspace Medic,,350,507.49999999999994,Labor,0000 Uncategorized
22PU6MZg9tci,Job 00442,"7.7.1, 13.2.2-6 - Crawlspace Moisture Mitigation",Crawlspace Medic,,1500,2175,Labor,0000 Uncategorized
22PU6MZg9tci,Job 00442,"7.7.1, 13.2.2-6 - Crawlspace Moisture Mitigation",Crawlspace Medic,,700,1014.9999999999999,Labor,0000 Uncategorized
22PU6MZg9tci,Job 00442,"7.7.1, 13.2.2-6 - Crawlspace Moisture Mitigation",Crawlspace Medic,,870,1261.5,Labor,0000 Uncategorized
22PU6MZg9tci,Job 00442,"7.7.1, 13.2.2-6 - Crawlspace Moisture Mitigation",Crawlspace Medic,,1875,2718.75,Labor,0000 Uncategorized
22PU6MZg9tci,Job 00442,7.2.1 - Single Handle Shower Valve Replacement,Plumbers of Greenville,,250,357.14285714285717,Labor,0000 Uncategorized
22PU6MZg9tci,Job 00442,9.4.1 - Electrical Evaluation,Subcontractor,1,150,217.49999999999997,Labor,220 Subcontractor Labor
22PU6MZg9tci,Job 00442,"10.1.1, 10.5.1 - HVAC Shroud Sealing",Lexel Clear Paintable Solvent Caulk,,11.28,18.612000000000002,Materials,6000 Completion
22PU6MZg9tci,Job 00442,"10.1.1, 10.5.1 - HVAC Shroud Sealing",Hourly Rate,2,55,89,Labor,0000 Uncategorized
22PU6MZg9tci,Job 00442,"10.5.2, 10.5.3 - HVAC Duct Repairs",Nashua Tape 2.83 in. x 10 yd. ASJ (All-Service Jacketing) Insulation Duct Tape,,8.24,15.24,Materials,0000 Uncategorized
22PU6MZg9tci,Job 00442,"10.5.2, 10.5.3 - HVAC Duct Repairs",Master Flow Water Based Mastic 0.91 Gal. Tub- Air Duct Sealant,,44.33,82.01,Materials,0000 Uncategorized
22PU6MZg9tci,Job 00442,"10.5.2, 10.5.3 - HVAC Duct Repairs",Hourly Rate,3,55,89,Labor,0000 Uncategorized
22PU6RafH6UZ,Job 00443,3.1.2 - Stone Veneer Repair,Liquid Nails Extreme Heavy Duty 10 oz. White Interior and Exterior Construction Adhesive,,12,20.048780487804876,Materials,0000 Uncategorized
22PU6RafH6UZ,Job 00443,3.1.2 - Stone Veneer Repair,Hourly Rate,1,55,89,Labor,0000 Uncategorized
22PU6RafH6UZ,Job 00443,"3.3.1, 3.4.1 - Exterior Door Jamb Repair",Semi-gloss Ultra White Acrylic Interior/Exterior Door and Trim Paint (1-Gallon),0.5,33.12,54.648,Materials,2300 Painting
22PU6RafH6UZ,Job 00443,"3.3.1, 3.4.1 - Exterior Door Jamb Repair",3M Bondo Interior/ Exterior Waterproof 41 oz.,0.5,31.68,52.272000000000006,Materials,0000 Uncategorized
22PU6RafH6UZ,Job 00443,"3.3.1, 3.4.1 - Exterior Door Jamb Repair",1050 Quick Dry Siliconized Acrylic Latex Caulk,1,3.31,5.462,Materials,0000 Uncategorized
22PU6RafH6UZ,Job 00443,"3.3.1, 3.4.1 - Exterior Door Jamb Repair",Composite Shim,1,2.23,3.6795000000000004,Materials,0000 Uncategorized
22PU6RafH6UZ,Job 00443,"3.3.1, 3.4.1 - Exterior Door Jamb Repair",Vinyl Door Jamb,0.5,65.96,108.834,Materials,1500 Doors & Windows
22PU6RafH6UZ,Job 00443,"3.3.1, 3.4.1 - Exterior Door Jamb Repair",Hourly Rate,6,55,89,Labor,0000 Uncategorized
22PU6RafH6UZ,Job 00443,5.1.1 - Shingle Repair,Henry 208R Rubberized Wet Patch 10.1 oz Roof Cement Leak Repair,,7.24,12.09,Materials,0000 Uncategorized
22PU6RafH6UZ,Job 00443,5.1.1 - Shingle Repair,Hourly Rate,,55,89,Labor,0000 Uncategorized
22PU6RafH6UZ,Job 00443,8.1.2 - Clogged Drain Repair,Hourly Rate,,55,89,Labor,0000 Uncategorized
22PU6RafH6UZ,Job 00443,9.8.2 - Light Bulb Replacement,Light Bulb (Standard),0,4,6.692307692307692,Materials,0000 Uncategorized
22PU6RafH6UZ,Job 00443,9.8.2 - Light Bulb Replacement,Hourly Rate,0,55,89,Labor,0000 Uncategorized
22PU6RafH6UZ,Job 00443,11.1.1 - Pipe Insulation Replacement,Everbilt1/2 in. x 6 ft. Foam Self-Seal Pipe Insulation,,2.95,4.93,Materials,0000 Uncategorized
22PU6RafH6UZ,Job 00443,11.1.1 - Pipe Insulation Replacement,Hourly Rate,1,55,89,Labor,0000 Uncategorized
22PU6RafH6UZ,Job 00443,12.1.1 - HVAC Evaluation,HVAC,,175,253.74999999999997,Subcontractor,110 Project Management
22PU6RafH6UZ,Job 00443,8.2.2 - Tub Faucet Repair,GE Advanced Silicone 2 10.1 oz. Clear Exterior/Interior Window and Door Sealant/Caulk,1,11.81,19.727375215146303,Materials,0000 Uncategorized
22PU6RafH6UZ,Job 00443,8.2.2 - Tub Faucet Repair,Hourly Rate,0.5,55,89,Labor,0000 Uncategorized
22PU6RafH6UZ,Job 00443,9.8.3 - Ceiling Fan Replacement,Hourly Rate,2.5,55,89,Labor,0000 Uncategorized
22PU6RafH6UZ,Job 00443,3.1.2 - Stone Veneer Repair,Liquid Nails Extreme Heavy Duty 10 oz. White Interior and Exterior Construction Adhesive,,12,20.048780487804876,Materials,0000 Uncategorized
22PU6RafH6UZ,Job 00443,3.1.2 - Stone Veneer Repair,Hourly Rate,1,55,89,Labor,0000 Uncategorized
22PUGAC85LEK,Job 00445,Photos of Repair Items,photos,,,,Labor,0000 Uncategorized
22PUGAC85LEK,Job 00445,Fascia/Soffit Repair (Wood),1-in x 12-in x 8-ft Unfinished S1S2E Cedar,1,37,61.790000000000006,Materials,720 Trim & Millwork
22PUGAC85LEK,Job 00445,Fascia/Soffit Repair (Wood),1-in x 8-in x 8-ft Unfinished #3 Better S1S2E Cedar,6,26,43.42000000000001,Materials,450 Siding & Trim
22PUGAC85LEK,Job 00445,Fascia/Soffit Repair (Wood),Dap Butyl-Flex 10.1 oz. White Gutter and Flashing Sealant,2,9.98,18.46,Materials,0000 Uncategorized
22PUGAC85LEK,Job 00445,Fascia/Soffit Repair (Wood),Hourly Rate,14,55,89,Labor,0000 Uncategorized
22PUGAC85LEK,Job 00445,Exterior Door Lower Jamb/Casing Repair,Royal Mouldings 10 ft. x 1-63/64 in. x 1-15/64 in. Vinyl Brick Molding,2,21.14,34.88100000000001,Materials,1500 Doors & Windows
22PUGAC85LEK,Job 00445,Exterior Door Lower Jamb/Casing Repair,3M Bondo Interior/ Exterior Waterproof 41 oz.,1,31.68,52.272000000000006,Materials,0000 Uncategorized
22PUGAC85LEK,Job 00445,Exterior Door Lower Jamb/Casing Repair,Composite Shim,1,2.23,3.6795000000000004,Materials,0000 Uncategorized
22PUGAC85LEK,Job 00445,Exterior Door Lower Jamb/Casing Repair,Vinyl Door Jamb,0.5,65.96,108.834,Materials,1500 Doors & Windows
22PUGAC85LEK,Job 00445,Exterior Door Lower Jamb/Casing Repair,Hourly Rate,4,55,89,Labor,0000 Uncategorized
22PUGAC85LEK,Job 00445,Fascia/Soffit Repair (Wood),1-in x 12-in x 8-ft Unfinished S1S2E Cedar,1,37,61.790000000000006,Materials,720 Trim & Millwork
22PUGAC85LEK,Job 00445,Fascia/Soffit Repair (Wood),1-in x 8-in x 8-ft Unfinished #3 Better S1S2E Cedar,6,26,43.42000000000001,Materials,450 Siding & Trim
22PUGAC85LEK,Job 00445,Fascia/Soffit Repair (Wood),Dap Butyl-Flex 10.1 oz. White Gutter and Flashing Sealant,2,9.98,18.46,Materials,0000 Uncategorized
22PUGAC85LEK,Job 00445,Fascia/Soffit Repair (Wood),Hourly Rate,14,55,89,Labor,0000 Uncategorized
22PUGAC85LEK,Job 00445,Exterior Door Lower Jamb/Casing Repair,Royal Mouldings 10 ft. x 1-63/64 in. x 1-15/64 in. Vinyl Brick Molding,2,21.14,34.88100000000001,Materials,1500 Doors & Windows
22PUGAC85LEK,Job 00445,Exterior Door Lower Jamb/Casing Repair,3M Bondo Interior/ Exterior Waterproof 41 oz.,1,31.68,52.272000000000006,Materials,0000 Uncategorized
22PUGAC85LEK,Job 00445,Exterior Door Lower Jamb/Casing Repair,Composite Shim,1,2.23,3.6795000000000004,Materials,0000 Uncategorized
22PUGAC85LEK,Job 00445,Exterior Door Lower Jamb/Casing Repair,Vinyl Door Jamb,0.5,65.96,108.834,Materials,1500 Doors & Windows
22PUGAC85LEK,Job 00445,Exterior Door Lower Jamb/Casing Repair,Hourly Rate,4,55,89,Labor,0000 Uncategorized
22PUGAC85LEK,Job 00445,Photos of Repair Items,photos,,0,0,Labor,0000 Uncategorized
22PUGAC85LEK,Job 00445,Fascia/Soffit Repair (Wood),1-in x 12-in x 8-ft Unfinished S1S2E Cedar,1,37,,Materials,720 Trim & Millwork
22PUGAC85LEK,Job 00445,Fascia/Soffit Repair (Wood),1-in x 8-in x 8-ft Unfinished #3 Better S1S2E Cedar,6,26,,Materials,450 Siding & Trim
22PUGAC85LEK,Job 00445,Fascia/Soffit Repair (Wood),Dap Butyl-Flex 10.1 oz. White Gutter and Flashing Sealant,2,9.98,,Materials,0000 Uncategorized
22PUGAC85LEK,Job 00445,Fascia/Soffit Repair (Wood),Hourly Rate,14,55,,Labor,0000 Uncategorized
22PUGAC85LEK,Job 00445,Exterior Door Lower Jamb/Casing Repair,Royal Mouldings 10 ft. x 1-63/64 in. x 1-15/64 in. Vinyl Brick Molding,2,21.14,,Materials,1500 Doors & Windows
22PUGAC85LEK,Job 00445,Exterior Door Lower Jamb/Casing Repair,3M Bondo Interior/ Exterior Waterproof 41 oz.,1,31.68,,Materials,0000 Uncategorized
22PUGAC85LEK,Job 00445,Exterior Door Lower Jamb/Casing Repair,Composite Shim,1,2.23,,Materials,0000 Uncategorized
22PUGAC85LEK,Job 00445,Exterior Door Lower Jamb/Casing Repair,Vinyl Door Jamb,0.5,65.96,,Materials,1500 Doors & Windows
22PUGAC85LEK,Job 00445,Exterior Door Lower Jamb/Casing Repair,Hourly Rate,4,55,,Labor,0000 Uncategorized
22PUGAC85LEK,Job 00445,Fascia/Soffit Repair (Wood),Hourly Rate,3.75,55,89,Labor,0000 Uncategorized
22PUGAC85LEK,Job 00445,Fascia/Soffit Repair (Wood),Lumber,1,35.96,59.33400000000001,Materials,0000 Uncategorized
22PUGAC85LEK,Job 00445,Fascia/Soffit Repair (Wood),Hourly Rate,3.75,55,89,Labor,0000 Uncategorized
22PUGAC85LEK,Job 00445,Fascia/Soffit Repair (Wood),Lumber,1,35.96,59.33400000000001,Materials,0000 Uncategorized
22PUGwM7aVj8,Job 00447,Towel Rack Repair,Hourly Rate,1,55,100,Labor,0000 Uncategorized
22PUGwM7aVj8,Job 00447,Towel Rack Repair,Hourly Rate,1,55.00000000000001,100,Labor,0000 Uncategorized
22PUKKMzFthv,Job 00448,Top Sash Replacement,Hourly Rate,1.5,55,89,Labor,0000 Uncategorized
22PUKKMzFthv,Job 00448,Top Sash Replacement,Taylors Windows - Replacement window sash,,140,231.00000000000003,Materials,0000 Uncategorized
22PUKKMzFthv,Job 00448,Top Sash Replacement,Hourly Rate,1.5,55,89,Labor,0000 Uncategorized
22PUKKMzFthv,Job 00448,Top Sash Replacement,Taylors Windows - Replacement window sash,,140,231.00000000000003,Materials,0000 Uncategorized
22PUKKMzFthv,Job 00448,Top Sash Replacement,Hourly Rate,1.5,54.99999999999999,89,Labor,0000 Uncategorized
22PUKKMzFthv,Job 00448,Top Sash Replacement,Taylors Windows - Replacement window sash,,140,231,Materials,0000 Uncategorized
22PUKWhLZUvN,Job 00449,Interior Drywall/Paint,Hourly Rate,16,55,89,Labor,0000 Uncategorized
22PUKWhLZUvN,Job 00449,Interior Drywall/Paint,Miscellaneous supplies,,100,165.00000000000003,Materials,0000 Uncategorized
22PUKWhLZUvN,Job 00449,Interior Drywall/Paint,Custom Gallon Paint/Stain,,60,99.00000000000001,Materials,2300 Painting
22PUKWhLZUvN,Job 00449,Interior Drywall/Paint,1050 Quick Dry Siliconized Acrylic Latex Caulk,1,3.31,5.462,Materials,0000 Uncategorized
22PUKWhLZUvN,Job 00449,Interior Drywall/Paint,Semi-gloss Ultra White Acrylic Interior/Exterior Door and Trim Paint (1-Gallon),,33.12,54.648,Materials,2300 Painting
22PUKWhLZUvN,Job 00449,Interior Drywall/Paint,Custom Gallon Paint/Stain,,60,99.00000000000001,Materials,2300 Painting
22PUKWhLZUvN,Job 00449,Porch Screen Door Repair (Sliding door screen),Hourly Rate,1.5,55,89,Labor,0000 Uncategorized
22PUKWhLZUvN,Job 00449,Porch Screen Door Repair (Sliding door screen),Phifer 48 in. x 25 ft. BetterVue Screen,,28.98,48.4,Materials,0000 Uncategorized
22PUKWhLZUvN,Job 00449,Interior Door Replacement,interior door,,60,99.00000000000001,Labor,0000 Uncategorized
22PUKWhLZUvN,Job 00449,Interior Door Replacement,Hourly Rate,3,55,89,Labor,0000 Uncategorized
22PUKWhLZUvN,Job 00449,Interior Drywall/Paint,Custom Gallon Paint/Stain,,60,99.00000000000001,Materials,2300 Painting
22PUKWhLZUvN,Job 00449,Interior Drywall/Paint,1050 Quick Dry Siliconized Acrylic Latex Caulk,1,3.31,5.462,Materials,0000 Uncategorized
22PUKWhLZUvN,Job 00449,Interior Drywall/Paint,Semi-gloss Ultra White Acrylic Interior/Exterior Door and Trim Paint (1-Gallon),,33.12,54.648,Materials,2300 Painting
22PUKWhLZUvN,Job 00449,Interior Drywall/Paint,Miscellaneous supplies,,100,165.00000000000003,Materials,0000 Uncategorized
22PUKWhLZUvN,Job 00449,Interior Drywall/Paint,Custom Gallon Paint/Stain,,60,99.00000000000001,Materials,2300 Painting
22PUKWhLZUvN,Job 00449,Interior Drywall/Paint,Hourly Rate,16,55,89,Labor,0000 Uncategorized
22PUKWhLZUvN,Job 00449,Porch Screen Door Repair (Sliding door screen),Phifer 48 in. x 25 ft. BetterVue Screen,,28.98,48.4,Materials,0000 Uncategorized
22PUKWhLZUvN,Job 00449,Porch Screen Door Repair (Sliding door screen),Hourly Rate,1.5,55,89,Labor,0000 Uncategorized
22PUKWhLZUvN,Job 00449,Interior Door Replacement,interior door,,60,99.00000000000001,Labor,0000 Uncategorized
22PUKWhLZUvN,Job 00449,Interior Door Replacement,Hourly Rate,3,55,89,Labor,0000 Uncategorized
22PUKWhLZUvN,Job 00449,Interior Drywall/Paint,Custom Gallon Paint/Stain,1,60,,Materials,2300 Painting
22PUKWhLZUvN,Job 00449,Interior Drywall/Paint,1050 Quick Dry Siliconized Acrylic Latex Caulk,1,3.31,,Materials,0000 Uncategorized
22PUKWhLZUvN,Job 00449,Interior Drywall/Paint,Semi-gloss Ultra White Acrylic Interior/Exterior Door and Trim Paint (1-Gallon),1,33.12,,Materials,2300 Painting
22PUKWhLZUvN,Job 00449,Interior Drywall/Paint,Miscellaneous supplies,,100,,Materials,0000 Uncategorized
22PUKWhLZUvN,Job 00449,Interior Drywall/Paint,Custom Gallon Paint/Stain,1,60,,Materials,2300 Painting
22PUKWhLZUvN,Job 00449,Interior Drywall/Paint,Hourly Rate,16,55,,Labor,0000 Uncategorized
22PUKWhLZUvN,Job 00449,Porch Screen Door Repair (Sliding door screen),Phifer 48 in. x 25 ft. BetterVue Screen,1,28.98,,Materials,0000 Uncategorized
22PUKWhLZUvN,Job 00449,Porch Screen Door Repair (Sliding door screen),Hourly Rate,1.5,55,,Labor,0000 Uncategorized
22PUKWhLZUvN,Job 00449,Interior Door Replacement,interior door,1,60,,Labor,0000 Uncategorized
22PUKWhLZUvN,Job 00449,Interior Door Replacement,Hourly Rate,3,55,,Labor,0000 Uncategorized
22PUKWhLZUvN,Job 00449,Post Project Cleaning,Subcontractor,1,925,1341.25,Labor,220 Subcontractor Labor
22PUNhrPzrkA,Job 00451,2.2 - Compression Jamb/Window Replacement,Window Replacement,3,300,519.0000000000001,Materials,0000 Uncategorized
22PUNhrPzrkA,Job 00451,2.2 - Compression Jamb/Window Replacement,Hourly Rate,8,55,89,Labor,0000 Uncategorized
22PUNhrPzrkA,Job 00451,8.2 - Crawlspace Pier/Girder Shim Install,Hourly Rate,3,55,89,Labor,0000 Uncategorized
22PUNhrPzrkA,Job 00451,Plumbing Repairs,Tile with Style,,450,642.8571428571429,Labor,0000 Uncategorized
22PUNhrPzrkA,Job 00451,Plumbing Repairs,Plumbing fixture,,250,412.50000000000006,Materials,0000 Uncategorized
22PUNhrPzrkA,Job 00451,Plumbing Repairs,Plumbing fixture,,100,165.00000000000003,Materials,0000 Uncategorized
22PUNhrPzrkA,Job 00451,Plumbing Repairs,Plumbers Of Greenville,,650,928.5714285714287,Labor,0000 Uncategorized
22PUNhrPzrkA,Job 00451,Electrical Repairs,Electrical Fixture Allowance,,400,667.9999999999999,Materials,0000 Uncategorized
22PUNhrPzrkA,Job 00451,Electrical Repairs,Electrical Fixture Allowance,,200,334,Materials,0000 Uncategorized
22PUNhrPzrkA,Job 00451,Electrical Repairs,Redland Electric,,1000,1450,Subcontractor,220 Subcontractor Labor
22PUNhrPzrkA,Job 00451,Crawlspace Repairs,Crawlspace medic,,3600,5220,Labor,0000 Uncategorized
22PUNhrPzrkA,Job 00451,Front Door Unit Replacement,Custom Order Exterior Door,,3000,4950,Materials,0000 Uncategorized
22PUNhrPzrkA,Job 00451,Front Door Unit Replacement,Miscellaneous,,250,412.50000000000006,Materials,0000 Uncategorized
22PUNhrPzrkA,Job 00451,Front Door Unit Replacement,Hourly Rate,16,55,89,Labor,0000 Uncategorized
22PUNhrPzrkA,Job 00451,Water Heater Replacement (Tanked Electric),Plumbers of greenville,,2800,4059.9999999999995,Labor,0000 Uncategorized
22PUNhrPzrkA,Job 00451,2.2 - Compression Jamb/Window Replacement,Window Replacement,3,300,519.0000000000001,Materials,0000 Uncategorized
22PUNhrPzrkA,Job 00451,2.2 - Compression Jamb/Window Replacement,Hourly Rate,8,55,89,Labor,0000 Uncategorized
22PUNhrPzrkA,Job 00451,8.2 - Crawlspace Pier/Girder Shim Install,Hourly Rate,3,55,89,Labor,0000 Uncategorized
22PUNhrPzrkA,Job 00451,Plumbing Repairs,Tile with Style,,450,642.8571428571429,Labor,0000 Uncategorized
22PUNhrPzrkA,Job 00451,Plumbing Repairs,Plumbing fixture,,250,412.50000000000006,Materials,0000 Uncategorized
22PUNhrPzrkA,Job 00451,Plumbing Repairs,Plumbing fixture,,100,165.00000000000003,Materials,0000 Uncategorized
22PUNhrPzrkA,Job 00451,Plumbing Repairs,Plumbers Of Greenville,,650,928.5714285714287,Labor,0000 Uncategorized
22PUNnEHvEU4,Job 00452,Attic Pull Down Stair Replacement,Attic Stair,,360,594.0000000000001,Labor,0000 Uncategorized
22PUNnEHvEU4,Job 00452,Attic Pull Down Stair Replacement,Hourly Rate,6,55,89,Labor,0000 Uncategorized
22PUNnEHvEU4,Job 00452,Attic Pull Down Stair Replacement,Semi-gloss Ultra White Acrylic Interior/Exterior Door and Trim Paint (1-Gallon),0.5,33.12,54.648,Materials,2300 Painting
22PUNnEHvEU4,Job 00452,Attic Pull Down Stair Replacement,Semi-gloss Ultra White Acrylic Interior/Exterior Door and Trim Paint (1-Gallon),0.5,33.12,54.648,Materials,2300 Painting
22PUNnEHvEU4,Job 00452,Attic Pull Down Stair Replacement,Attic Stair,,360,594.0000000000001,Labor,0000 Uncategorized
22PUNnEHvEU4,Job 00452,Attic Pull Down Stair Replacement,Hourly Rate,6,55,89,Labor,0000 Uncategorized
22PUNnEHvEU4,Job 00452,Attic Pull Down Stair Replacement,Semi-gloss Ultra White Acrylic Interior/Exterior Door and Trim Paint (1-Gallon),0.5,33.12,,Materials,2300 Painting
22PUNnEHvEU4,Job 00452,Attic Pull Down Stair Replacement,Attic Stair,,360,,Labor,0000 Uncategorized
22PUNnEHvEU4,Job 00452,Attic Pull Down Stair Replacement,Hourly Rate,6,55,,Labor,0000 Uncategorized
22PUNtKmEqSr,Job 00453,Front Door Replacement,Renew Painting,1,350,507.49999999999994,Labor,0000 Uncategorized
22PUNtKmEqSr,Job 00453,Front Door Replacement,Hourly Rate,16,55,89,Labor,0000 Uncategorized
22PUNtKmEqSr,Job 00453,Front Door Replacement,Custom Order Exterior Door,1,1650,2722.5,Materials,0000 Uncategorized
22PUNtKmEqSr,Job 00453,Front Door Replacement,Miscellaneous,1,150,247.50000000000003,Materials,0000 Uncategorized
22PUNtKmEqSr,Job 00453,Side Door Replacement,Renew Painting,1,250,362.5,Labor,0000 Uncategorized
22PUNtKmEqSr,Job 00453,Side Door Replacement,Hourly Rate,12,55,89,Labor,0000 Uncategorized
22PUNtKmEqSr,Job 00453,Side Door Replacement,Custom Order Exterior Door,1,850,1402.5,Materials,0000 Uncategorized
22PUNtKmEqSr,Job 00453,Side Door Replacement,Miscellaneous,1,100,165.00000000000003,Materials,0000 Uncategorized
22PUNtKmEqSr,Job 00453,Back Door Replacement - Declined,Renew Painting,1,250,362.5,Labor,0000 Uncategorized
22PUNtKmEqSr,Job 00453,Back Door Replacement - Declined,Hourly Rate,12,55,89,Labor,0000 Uncategorized
22PUNtKmEqSr,Job 00453,Back Door Replacement - Declined,Custom Order Exterior Door,1,850,1402.5,Materials,0000 Uncategorized
22PUNtKmEqSr,Job 00453,Back Door Replacement - Declined,Miscellaneous,1,100,165.00000000000003,Materials,0000 Uncategorized
22PUNtKmEqSr,Job 00453,Front Door Replacement,Miscellaneous,1,150,247.50000000000003,Materials,0000 Uncategorized
22PUNtKmEqSr,Job 00453,Front Door Replacement,Renew Painting,1,350,507.49999999999994,Labor,0000 Uncategorized
22PUNtKmEqSr,Job 00453,Front Door Replacement,Hourly Rate,16,55,89,Labor,0000 Uncategorized
22PUNtKmEqSr,Job 00453,Front Door Replacement,Custom Order Exterior Door,1,1650,2722.5,Materials,0000 Uncategorized
22PUNtKmEqSr,Job 00453,Side Door Replacement,Miscellaneous,1,100,165.00000000000003,Materials,0000 Uncategorized
22PUNtKmEqSr,Job 00453,Side Door Replacement,Renew Painting,1,250,362.5,Labor,0000 Uncategorized
22PUNtKmEqSr,Job 00453,Side Door Replacement,Hourly Rate,12,55,89,Labor,0000 Uncategorized
22PUNtKmEqSr,Job 00453,Side Door Replacement,Custom Order Exterior Door,1,850,1402.5,Materials,0000 Uncategorized
22PUNtKmEqSr,Job 00453,Scope Of Work,Scope Of Work,,,,Labor,0000 Uncategorized
22PUNtKmEqSr,Job 00453,Front Door Replacement,Miscellaneous,1,150,,Materials,0000 Uncategorized
22PUf9596dQb,Job 00458,Exterior Door Slab Replacement/Threshold Repair,Special Order Materials,,1200,1980.0000000000002,Materials,0000 Uncategorized
22PUf9596dQb,Job 00458,Exterior Door Slab Replacement/Threshold Repair,Hourly Rate,6,55,89,Labor,0000 Uncategorized
22PUiQiMEiCm,Job 00460,Wall Repair/Paint,Miscellaneous,,30,49.50000000000001,Materials,0000 Uncategorized
22PUiQiMEiCm,Job 00460,Wall Repair/Paint,Hourly Rate,3,55,89,Labor,0000 Uncategorized
22PUiQiMEiCm,Job 00460,Wall Repair/Paint,Custom Gallon Paint/Stain,0.5,60,99.00000000000001,Materials,2300 Painting
22PUiQiMEiCm,Job 00460,Wall Repair/Paint,Miscellaneous,,30,49.50000000000001,Materials,0000 Uncategorized
22PUiQiMEiCm,Job 00460,Wall Repair/Paint,Hourly Rate,3,55,89,Labor,0000 Uncategorized
22PUiQiMEiCm,Job 00460,Wall Repair/Paint,Custom Gallon Paint/Stain,0.5,60,99.00000000000001,Materials,2300 Painting
22PUiQiMEiCm,Job 00460,Wall Repair/Paint,Miscellaneous,,30,49.50000000000001,Materials,0000 Uncategorized
22PUiQiMEiCm,Job 00460,Wall Repair/Paint,Hourly Rate,3,55,89,Labor,0000 Uncategorized
22PUiQiMEiCm,Job 00460,Wall Repair/Paint,Custom Gallon Paint/Stain,0.5,60,,Materials,2300 Painting
22PUiQiMEiCm,Job 00460,Wall Repair/Paint,Hourly Rate,3,55,,Labor,0000 Uncategorized
22PUiQiMEiCm,Job 00460,Wall Repair/Paint,Drywall Mud - USG Sheetrock 20 Joist Compound,1,17.92,,Materials,710 Drywall
22PUiQiMEiCm,Job 00460,Wall Repair/Paint,Drywall Joint Tape,1,16.75,,Materials,0000 Uncategorized
22PUiQiMEiCm,Job 00460,Wall Repair/Paint,Plastic Sheeting,0.25,53.24,,Materials,0000 Uncategorized
22PUiQiMEiCm,Job 00460,Wall Repair/Paint,Floor Covering - Econo Runner,0.25,121.79,,Materials,0000 Uncategorized
22PUiQiMEiCm,Job 00460,Outlet/Cable Eliminate,Hourly Rate,1,55,89,Labor,210 In-House Labor
22PUiQiMEiCm,Job 00460,Outlet/Cable Eliminate,Subcontractor,1,150,217.49999999999997,Labor,220 Subcontractor Labor
22PUnKmBnBbA,Job 00461,Fascia/Soffit Repair (Wood),1-in x 8-in x 8-ft Unfinished #3 Better S1S2E Cedar,1,26,43.42000000000001,Materials,450 Siding & Trim
22PUnKmBnBbA,Job 00461,Fascia/Soffit Repair (Wood),Hourly Rate,4,55,89,Labor,0000 Uncategorized
22PUnKmBnBbA,Job 00461,Photos of Repair Items,photos,,,,Labor,0000 Uncategorized
22PUnKmBnBbA,Job 00461,Fascia/Soffit Repair (Wood),1-in x 8-in x 8-ft Unfinished #3 Better S1S2E Cedar,1,26,43.42000000000001,Materials,450 Siding & Trim
22PUnKmBnBbA,Job 00461,Fascia/Soffit Repair (Wood),Hourly Rate,4,55,89,Labor,0000 Uncategorized
22PUnKmBnBbA,Job 00461,Photos of Repair Items,photos,,0,0,Labor,0000 Uncategorized
22PUnL6ABkya,Job 00463,Fascia/Soffit Repair (Wood),1-in x 8-in x 8-ft Unfinished #3 Better S1S2E Cedar,3,26,43.42000000000001,Materials,450 Siding & Trim
22PUnL6ABkya,Job 00463,Fascia/Soffit Repair (Wood),Severe Weather 15/32-in x 4-ft x 8-ft CDX Pressure Treated Southern Yellow Pine Plywood Sheathing,2,48,79.20000000000002,Labor,0000 Uncategorized
22PUnL6ABkya,Job 00463,Fascia/Soffit Repair (Wood),Hourly Rate,10,55,89,Labor,0000 Uncategorized
22PUnL6ABkya,Job 00463,Gutter/Downspout Replacement,Apex Gutters,,1950,2827.5,Labor,0000 Uncategorized
22PUnL6ABkya,Job 00463,Foundation Vent Well Installation,Vigoro 0.5 cu. ft. Bagged Marble Chip Landscape Rock,,6.47,10.8,Materials,0000 Uncategorized
22PUnL6ABkya,Job 00463,Foundation Vent Well Installation,Hourly Rate,2,55,89,Labor,0000 Uncategorized
22PUnL6ABkya,Job 00463,Foundation Vent Well Installation,Amerimax Home Products18 in. x 12 in. Galvanized Steel Window Well,,19.98,32.97,Materials,0000 Uncategorized
22PUnL6ABkya,Job 00463,Fascia/Soffit Repair (Wood),1-in x 8-in x 8-ft Unfinished #3 Better S1S2E Cedar,3,26,43.42000000000001,Materials,450 Siding & Trim
22PUnL6ABkya,Job 00463,Fascia/Soffit Repair (Wood),Severe Weather 15/32-in x 4-ft x 8-ft CDX Pressure Treated Southern Yellow Pine Plywood Sheathing,2,48,79.20000000000002,Labor,0000 Uncategorized
22PUnL6ABkya,Job 00463,Fascia/Soffit Repair (Wood),Hourly Rate,10,55,89,Labor,0000 Uncategorized
22PUnL6ABkya,Job 00463,Gutter/Downspout Replacement,Apex Gutters,,1950,2827.5,Labor,0000 Uncategorized
22PUnL6ABkya,Job 00463,Foundation Vent Well Installation,Vigoro 0.5 cu. ft. Bagged Marble Chip Landscape Rock,,6.47,10.8,Materials,0000 Uncategorized
22PUnL6ABkya,Job 00463,Foundation Vent Well Installation,Hourly Rate,2,55,89,Labor,0000 Uncategorized
22PUnL6ABkya,Job 00463,Foundation Vent Well Installation,Amerimax Home Products18 in. x 12 in. Galvanized Steel Window Well,,19.98,32.97,Materials,0000 Uncategorized
22PUnL6ABkya,Job 00463,Bulldog Gutter Guard Screens,Apex Gutters,,900,1305,Labor,0000 Uncategorized
22PUnL6ABkya,Job 00463,Fascia/Soffit Repair (Wood),1-in x 8-in x 8-ft Unfinished #3 Better S1S2E Cedar,3,26,43.42000000000001,Materials,450 Siding & Trim
22PUnL6ABkya,Job 00463,Fascia/Soffit Repair (Wood),Severe Weather 15/32-in x 4-ft x 8-ft CDX Pressure Treated Southern Yellow Pine Plywood Sheathing,2,48,79.20000000000002,Labor,0000 Uncategorized
22PUnL6ABkya,Job 00463,Fascia/Soffit Repair (Wood),Hourly Rate,10,55,89,Labor,0000 Uncategorized
22PUnL6ABkya,Job 00463,Gutter/Downspout Replacement,Apex Gutters,,1950,2827.5,Labor,0000 Uncategorized
22PUnL6ABkya,Job 00463,Bulldog Gutter Guard Screens,Apex Gutters,,900,1305,Labor,0000 Uncategorized
22PUnLEMkv2V,Job 00464,Fascia/Soffit Repair (Wood),Severe Weather 15/32-in x 4-ft x 8-ft CDX Pressure Treated Southern Yellow Pine Plywood Sheathing,2,48,79.20000000000002,Labor,0000 Uncategorized
22PUnLEMkv2V,Job 00464,Fascia/Soffit Repair (Wood),Dap Butyl-Flex 10.1 oz. White Gutter and Flashing Sealant,2,9.98,18.46,Materials,0000 Uncategorized
22PUnLEMkv2V,Job 00464,Fascia/Soffit Repair (Wood),Hourly Rate,36,55,89,Labor,0000 Uncategorized
22PUnLEMkv2V,Job 00464,Fascia/Soffit Repair (Wood),1-in x 8-in x 8-ft Unfinished #3 Better S1S2E Cedar,3,26,43.42000000000001,Materials,450 Siding & Trim
22PUnLEMkv2V,Job 00464,Fascia/Soffit Repair (Wood),1-in x 12-in x 8-ft Unfinished S1S2E Cedar,2,37,61.790000000000006,Materials,720 Trim & Millwork
22PUnLEMkv2V,Job 00464,Window Trim Repair,2x4x8 PT,1,6.19,10.34,Materials,0000 Uncategorized
22PUnLEMkv2V,Job 00464,Window Trim Repair,Hourly Rate,2,55,89,Labor,0000 Uncategorized
22PUnLEMkv2V,Job 00464,Gutter/Roof Debris Removal,Hourly Rate,4,55,89,Labor,0000 Uncategorized
22PUnLEMkv2V,Job 00464,Loose Vinyl Siding Repair,Hourly Rate,3,55,89,Labor,0000 Uncategorized
22PUnLEMkv2V,Job 00464,Photos of Repair Items,Photos,,,,Labor,0000 Uncategorized
22PUnLEMkv2V,Job 00464,Fascia/Soffit Repair (Wood),1-in x 12-in x 8-ft Unfinished S1S2E Cedar,2,37,61.790000000000006,Materials,720 Trim & Millwork
22PUnLEMkv2V,Job 00464,Fascia/Soffit Repair (Wood),1-in x 8-in x 8-ft Unfinished #3 Better S1S2E Cedar,3,26,43.42000000000001,Materials,450 Siding & Trim
22PUnLEMkv2V,Job 00464,Fascia/Soffit Repair (Wood),Severe Weather 15/32-in x 4-ft x 8-ft CDX Pressure Treated Southern Yellow Pine Plywood Sheathing,2,48,79.20000000000002,Labor,0000 Uncategorized
22PUnLEMkv2V,Job 00464,Fascia/Soffit Repair (Wood),Dap Butyl-Flex 10.1 oz. White Gutter and Flashing Sealant,2,9.98,18.46,Materials,0000 Uncategorized
22PUnLEMkv2V,Job 00464,Fascia/Soffit Repair (Wood),Hourly Rate,36,55,89,Labor,0000 Uncategorized
22PUnLEMkv2V,Job 00464,Window Trim Repair,2x4x8 PT,1,6.19,10.34,Materials,0000 Uncategorized
22PUnLEMkv2V,Job 00464,Window Trim Repair,Hourly Rate,2,55,89,Labor,0000 Uncategorized
22PUnLEMkv2V,Job 00464,Gutter/Roof Debris Removal,Hourly Rate,4,55,89,Labor,0000 Uncategorized
22PUnLEMkv2V,Job 00464,Loose Vinyl Siding Repair,Hourly Rate,3,55,89,Labor,0000 Uncategorized
22PUnLEMkv2V,Job 00464,Photos of Repair Items,Photos,,0,0,Labor,0000 Uncategorized
22PUnLMSy9bR,Job 00465,Fascia Repairs,Hourly Rate,8,55,89,Labor,0000 Uncategorized
22PUnLMSy9bR,Job 00465,Fascia Repairs,"Cedar Board 1"" x 8""",16,3.2,5.344000000000001,Materials,450 Siding & Trim
22PUnLMSy9bR,Job 00465,Fascia Repairs,"Cedar Board 1"" x 10""",8,9.27,15.4809,Materials,450 Siding & Trim
22PUnLMSy9bR,Job 00465,Gable Vent Repair,Hourly Rate,2,55,89,Labor,0000 Uncategorized
22PUnLMSy9bR,Job 00465,Window Trim Repair,PVC Brick Moulding,4,14.46,24.15,Materials,0000 Uncategorized
22PUnLMSy9bR,Job 00465,Window Trim Repair,Hourly Rate,4,55,89,Labor,0000 Uncategorized
22PUnLMSy9bR,Job 00465,Photos of Repair Items,photos,,,,Labor,0000 Uncategorized
22PUnLMSy9bR,Job 00465,Fascia Repairs,Hourly Rate,8,55,89,Labor,0000 Uncategorized
22PUnLMSy9bR,Job 00465,Fascia Repairs,"Cedar Board 1"" x 8""",16,3.2,5.344000000000001,Materials,450 Siding & Trim
22PUnLMSy9bR,Job 00465,Fascia Repairs,"Cedar Board 1"" x 10""",8,9.27,15.4809,Materials,450 Siding & Trim
22PUnLMSy9bR,Job 00465,Gable Vent Repair,Hourly Rate,2,55,89,Labor,0000 Uncategorized
22PUnLMSy9bR,Job 00465,Window Trim Repair,PVC Brick Moulding,4,14.46,24.15,Materials,0000 Uncategorized
22PUnLMSy9bR,Job 00465,Window Trim Repair,Hourly Rate,4,55,89,Labor,0000 Uncategorized
22PUnLMSy9bR,Job 00465,Photos of Repair Items,photos,,0,0,Labor,0000 Uncategorized
22PUnLMSy9bR,Job 00465,Fascia Repairs,Hourly Rate,8,55,,Labor,0000 Uncategorized
22PUnLMSy9bR,Job 00465,Fascia Repairs,"Cedar Board 1"" x 8""",16,3.2,,Materials,450 Siding & Trim
22PUnLMSy9bR,Job 00465,Fascia Repairs,"Cedar Board 1"" x 10"" Ordered 4/14 from HD",8,9.27,,Materials,450 Siding & Trim
22PUnLMSy9bR,Job 00465,Gable Vent Repair,Hourly Rate,2,55,,Labor,0000 Uncategorized
22PUnLWNYkus,Job 00466,Fascia/Soffit Repair (Wood),1-in x 8-in x 8-ft Unfinished #3 Better S1S2E Cedar,2,26,43.42000000000001,Materials,450 Siding & Trim
22PUnLWNYkus,Job 00466,Fascia/Soffit Repair (Wood),Dap Butyl-Flex 10.1 oz. White Gutter and Flashing Sealant,1,9.98,18.46,Materials,0000 Uncategorized
22PUnLWNYkus,Job 00466,Fascia/Soffit Repair (Wood),Hourly Rate,5,55,89,Labor,0000 Uncategorized
22PUnLWNYkus,Job 00466,Vinyl Siding Repair,Hourly Rate,4,55,89,Labor,0000 Uncategorized
22PUnLWNYkus,Job 00466,Vinyl Siding Repair,"5/8"" x 1/2"" J Channel",1,15,25.05639097744361,Materials,0000 Uncategorized
22PUnLWNYkus,Job 00466,Garage Door Trim Repairs,Hourly Rate,1,55,89,Labor,0000 Uncategorized
22PUnLWNYkus,Job 00466,Garage Door Trim Repairs,7' White Garage Door Weatherstrip,,9.47,15.626,Materials,1600 Garage
22PUnLWNYkus,Job 00466,Photos of Repair Items,photos,,,,Labor,0000 Uncategorized
22PUnLWNYkus,Job 00466,Fascia/Soffit Repair (Wood),1-in x 8-in x 8-ft Unfinished #3 Better S1S2E Cedar,2,26,43.42000000000001,Materials,450 Siding & Trim
22PUnLWNYkus,Job 00466,Fascia/Soffit Repair (Wood),Dap Butyl-Flex 10.1 oz. White Gutter and Flashing Sealant,1,9.98,18.46,Materials,0000 Uncategorized
22PUnLWNYkus,Job 00466,Fascia/Soffit Repair (Wood),Hourly Rate,5,55,89,Labor,0000 Uncategorized
22PUnLWNYkus,Job 00466,Vinyl Siding Repair,"5/8"" x 1/2"" J Channel",1,15,25.05639097744361,Materials,0000 Uncategorized
22PUnLWNYkus,Job 00466,Vinyl Siding Repair,Hourly Rate,4,55,89,Labor,0000 Uncategorized
22PUnLWNYkus,Job 00466,Garage Door Trim Repairs,Hourly Rate,1,55,89,Labor,0000 Uncategorized
22PUnLWNYkus,Job 00466,Garage Door Trim Repairs,7' White Garage Door Weatherstrip,,9.47,15.626,Materials,1600 Garage
22PUnLWNYkus,Job 00466,Photos of Repair Items,photos,,0,0,Labor,0000 Uncategorized
22PUnLWNYkus,Job 00466,Fascia/Soffit Repair (Wood),1-in x 8-in x 8-ft Unfinished #3 Better S1S2E Cedar,2,26,,Materials,450 Siding & Trim
22PUnLWNYkus,Job 00466,Fascia/Soffit Repair (Wood),Dap Butyl-Flex 10.1 oz. White Gutter and Flashing Sealant,1,9.98,,Materials,0000 Uncategorized
22PUnLWNYkus,Job 00466,Fascia/Soffit Repair (Wood),Hourly Rate,5,55,,Labor,0000 Uncategorized
22PUnLWNYkus,Job 00466,Vinyl Siding Repair,"5/8"" x 1/2"" J Channel",1,15,,Materials,0000 Uncategorized
22PUnLWNYkus,Job 00466,Vinyl Siding Repair,Hourly Rate,4,55,,Labor,0000 Uncategorized
22PUnMBG42s8,Job 00467,Fascia/Soffit Repair (Wood),1-in x 8-in x 8-ft Unfinished #3 Better S1S2E Cedar,2,26,43.42000000000001,Materials,450 Siding & Trim
22PUnMBG42s8,Job 00467,Fascia/Soffit Repair (Wood),Severe Weather 15/32-in x 4-ft x 8-ft CDX Pressure Treated Southern Yellow Pine Plywood Sheathing,0.5,48,79.20000000000002,Labor,0000 Uncategorized
22PUnMBG42s8,Job 00467,Fascia/Soffit Repair (Wood),Dap Butyl-Flex 10.1 oz. White Gutter and Flashing Sealant,1,9.98,18.46,Materials,0000 Uncategorized
22PUnMBG42s8,Job 00467,Fascia/Soffit Repair (Wood),Hourly Rate,4,55,89,Labor,0000 Uncategorized
22PUnMBG42s8,Job 00467,Photos of Repair Items,photos,,,,Labor,0000 Uncategorized
22PUnMBG42s8,Job 00467,Fascia/Soffit Repair (Wood),1-in x 8-in x 8-ft Unfinished #3 Better S1S2E Cedar,2,26,43.42000000000001,Materials,450 Siding & Trim
22PUnMBG42s8,Job 00467,Fascia/Soffit Repair (Wood),Severe Weather 15/32-in x 4-ft x 8-ft CDX Pressure Treated Southern Yellow Pine Plywood Sheathing,0.5,48,79.20000000000002,Labor,0000 Uncategorized
22PUnMBG42s8,Job 00467,Fascia/Soffit Repair (Wood),Dap Butyl-Flex 10.1 oz. White Gutter and Flashing Sealant,1,9.98,18.46,Materials,0000 Uncategorized
22PUnMBG42s8,Job 00467,Fascia/Soffit Repair (Wood),Hourly Rate,4,55,89,Labor,0000 Uncategorized
22PUnMBG42s8,Job 00467,Photos of Repair Items,photos,,0,0,Labor,0000 Uncategorized
22PUnMBG42s8,Job 00467,Fascia/Soffit Repair (Wood),1-in x 8-in x 8-ft Unfinished #3 Better S1S2E Cedar,2,26,,Materials,450 Siding & Trim
22PUnMBG42s8,Job 00467,Fascia/Soffit Repair (Wood),Severe Weather 15/32-in x 4-ft x 8-ft CDX Pressure Treated Southern Yellow Pine Plywood Sheathing,0.5,48,,Labor,0000 Uncategorized
22PUnMBG42s8,Job 00467,Fascia/Soffit Repair (Wood),Dap Butyl-Flex 10.1 oz. White Gutter and Flashing Sealant,1,9.98,,Materials,0000 Uncategorized
22PUnMBG42s8,Job 00467,Fascia/Soffit Repair (Wood),Hourly Rate,4,55,,Labor,0000 Uncategorized
22PUnMBG42s8,Job 00467,Framing Repairs,Hourly Rate,7.38,55,89,Labor,0000 Uncategorized
22PUnMBG42s8,Job 00467,Framing Repairs,Black Kickout Flashing,1,12.01,19.8165,Materials,0000 Uncategorized
22PUnMBG42s8,Job 00467,Framing Repairs,2x4x10 Dimensional Lumber,1,5.62,9.273,Materials,0000 Uncategorized
22PUnMBG42s8,Job 00467,Framing Repairs,Hourly Rate,7.38,55,89,Labor,0000 Uncategorized
22PUnMBG42s8,Job 00467,Framing Repairs,Black Kickout Flashing,1,12.01,19.8165,Materials,0000 Uncategorized
22PUnMBG42s8,Job 00467,Framing Repairs,2x4x10 Dimensional Lumber,1,5.62,9.273,Materials,0000 Uncategorized
22PUnMBG42s8,Job 00467,Fascia/Soffit Repair (Wood),1-in x 8-in x 8-ft Unfinished #3 Better S1S2E Cedar,2,26.000000000000004,43.42,Materials,450 Siding & Trim
22PUnMBG42s8,Job 00467,Fascia/Soffit Repair (Wood),Severe Weather 15/32-in x 4-ft x 8-ft CDX Pressure Treated Southern Yellow Pine Plywood Sheathing,0.5,47.99999999999999,79.2,Labor,0000 Uncategorized
22PUnMBG42s8,Job 00467,Fascia/Soffit Repair (Wood),Dap Butyl-Flex 10.1 oz. White Gutter and Flashing Sealant,1,9.98,18.46,Materials,0000 Uncategorized
22PUnMBG42s8,Job 00467,Fascia/Soffit Repair (Wood),Hourly Rate,4,54.99999999999999,89,Labor,0000 Uncategorized
22PUnMBG42s8,Job 00467,Framing Repairs,Hourly Rate,7.38,55.00000000000001,89.00000000000001,Labor,0000 Uncategorized
22PUnMBG42s8,Job 00467,Framing Repairs,Black Kickout Flashing,1,12.009999999999998,19.82,Materials,0000 Uncategorized
22PUnMBG42s8,Job 00467,Framing Repairs,2x4x10 Dimensional Lumber,1,5.62,9.27,Materials,0000 Uncategorized
22PUnMHkGCh2,Job 00468,Fascia/Soffit Repair (Wood),1-in x 8-in x 8-ft Unfinished #3 Better S1S2E Cedar,1,26,43.42000000000001,Materials,450 Siding & Trim
22PUnMHkGCh2,Job 00468,Fascia/Soffit Repair (Wood),Dap Butyl-Flex 10.1 oz. White Gutter and Flashing Sealant,1,9.98,18.46,Materials,0000 Uncategorized
22PUnMHkGCh2,Job 00468,Fascia/Soffit Repair (Wood),Hourly Rate,9,55,89,Labor,0000 Uncategorized
22PUnMHkGCh2,Job 00468,Foundation Vent Well Installation/Repairs,Lexel Clear Paintable Solvent Caulk,2,11.28,18.612000000000002,Materials,6000 Completion
22PUnMHkGCh2,Job 00468,Foundation Vent Well Installation/Repairs,Vigoro 0.5 cu. ft. Bagged Marble Chip Landscape Rock,3,6.47,10.8,Materials,0000 Uncategorized
22PUnMHkGCh2,Job 00468,Foundation Vent Well Installation/Repairs,"16""x8"" Automatic Foundation Vent",,34.56,57.02,Materials,0000 Uncategorized
22PUnMHkGCh2,Job 00468,Foundation Vent Well Installation/Repairs,Hourly Rate,4,55,89,Labor,0000 Uncategorized
22PUnMHkGCh2,Job 00468,Photos of Repair Items,photos,,,,Labor,0000 Uncategorized
22PUnMHkGCh2,Job 00468,Fascia/Soffit Repair (Wood),1-in x 8-in x 8-ft Unfinished #3 Better S1S2E Cedar,1,26,43.42000000000001,Materials,450 Siding & Trim
22PUnMHkGCh2,Job 00468,Fascia/Soffit Repair (Wood),Dap Butyl-Flex 10.1 oz. White Gutter and Flashing Sealant,1,9.98,18.46,Materials,0000 Uncategorized
22PUnMHkGCh2,Job 00468,Fascia/Soffit Repair (Wood),Hourly Rate,9,55,89,Labor,0000 Uncategorized
22PUnMHkGCh2,Job 00468,Foundation Vent Well Installation/Repairs,Lexel Clear Paintable Solvent Caulk,2,11.28,18.612000000000002,Materials,6000 Completion
22PUnMHkGCh2,Job 00468,Foundation Vent Well Installation/Repairs,Vigoro 0.5 cu. ft. Bagged Marble Chip Landscape Rock,3,6.47,10.8,Materials,0000 Uncategorized
22PUnMHkGCh2,Job 00468,Foundation Vent Well Installation/Repairs,"16""x8"" Automatic Foundation Vent",,34.56,57.02,Materials,0000 Uncategorized
22PUnMHkGCh2,Job 00468,Foundation Vent Well Installation/Repairs,Hourly Rate,4,55,89,Labor,0000 Uncategorized
22PUnMHkGCh2,Job 00468,Photos of Repair Items,photos,,0,0,Labor,0000 Uncategorized
22PUnMHkGCh2,Job 00468,Fascia/Soffit Repair (Wood),1-in x 8-in x 8-ft Unfinished #3 Better S1S2E Cedar,1,26,,Materials,450 Siding & Trim
22PUnMHkGCh2,Job 00468,Fascia/Soffit Repair (Wood),Dap Butyl-Flex 10.1 oz. White Gutter and Flashing Sealant,1,9.98,,Materials,0000 Uncategorized
22PUnMHkGCh2,Job 00468,Fascia/Soffit Repair (Wood),Hourly Rate,9,55,,Labor,0000 Uncategorized
22PUnMHkGCh2,Job 00468,Foundation Vent Well Installation/Repairs,Lexel Clear Paintable Solvent Caulk,2,11.28,,Materials,6000 Completion
22PUnMHkGCh2,Job 00468,Foundation Vent Well Installation/Repairs,Vigoro 0.5 cu. ft. Bagged Marble Chip Landscape Rock,3,6.47,,Materials,0000 Uncategorized
22PUnMHkGCh2,Job 00468,Foundation Vent Well Installation/Repairs,"16""x8"" Automatic Foundation Vent",1,34.56,,Materials,0000 Uncategorized
22PUnMHkGCh2,Job 00468,Foundation Vent Well Installation/Repairs,Hourly Rate,4,55,,Labor,0000 Uncategorized
22PUnMHkGCh2,Job 00468,Fascia/Soffit Repair (Wood),1-in x 8-in x 8-ft Unfinished #3 Better S1S2E Cedar,1,26.000000000000004,43.42,Materials,450 Siding & Trim
22PUnMHkGCh2,Job 00468,Fascia/Soffit Repair (Wood),Dap Butyl-Flex 10.1 oz. White Gutter and Flashing Sealant,1,9.98,18.46,Materials,0000 Uncategorized
22PUnMHkGCh2,Job 00468,Fascia/Soffit Repair (Wood),Hourly Rate,9,54.99999999999999,89,Labor,0000 Uncategorized
22PUnMHkGCh2,Job 00468,Foundation Vent Well Installation/Repairs,Lexel Clear Paintable Solvent Caulk,2,11.28,18.61,Materials,6000 Completion
22PUnMHkGCh2,Job 00468,Foundation Vent Well Installation/Repairs,Vigoro 0.5 cu. ft. Bagged Marble Chip Landscape Rock,3,6.47,10.799999999999999,Materials,0000 Uncategorized
22PUnMHkGCh2,Job 00468,Foundation Vent Well Installation/Repairs,"16""x8"" Automatic Foundation Vent",,34.56,57.02,Materials,0000 Uncategorized
22PUnMHkGCh2,Job 00468,Foundation Vent Well Installation/Repairs,Hourly Rate,4,54.99999999999999,89,Labor,0000 Uncategorized
22PUnMNsLFF5,Job 00469,Fascia/Soffit Repair (Wood),1-in x 8-in x 8-ft Unfinished #3 Better S1S2E Cedar,2,26,43.42000000000001,Materials,450 Siding & Trim
22PUnMNsLFF5,Job 00469,Fascia/Soffit Repair (Wood),Dap Butyl-Flex 10.1 oz. White Gutter and Flashing Sealant,1,9.98,18.46,Materials,0000 Uncategorized
22PUnMNsLFF5,Job 00469,Fascia/Soffit Repair (Wood),Hourly Rate,6,55,89,Labor,0000 Uncategorized
22PUnMNsLFF5,Job 00469,Photos of Repair Items,photos,,,,Labor,0000 Uncategorized
22PUnMNsLFF5,Job 00469,Fascia/Soffit Repair (Wood),1-in x 8-in x 8-ft Unfinished #3 Better S1S2E Cedar,2,26,43.42000000000001,Materials,450 Siding & Trim
22PUnMNsLFF5,Job 00469,Fascia/Soffit Repair (Wood),Dap Butyl-Flex 10.1 oz. White Gutter and Flashing Sealant,1,9.98,18.46,Materials,0000 Uncategorized
22PUnMNsLFF5,Job 00469,Fascia/Soffit Repair (Wood),Hourly Rate,6,55,89,Labor,0000 Uncategorized
22PUnMNsLFF5,Job 00469,Photos of Repair Items,photos,,0,0,Labor,0000 Uncategorized
22PUnMNsLFF5,Job 00469,Fascia/Soffit Repair (Wood),1-in x 8-in x 8-ft Unfinished #3 Better S1S2E Cedar,2,26,,Materials,450 Siding & Trim
22PUnMNsLFF5,Job 00469,Fascia/Soffit Repair (Wood),Dap Butyl-Flex 10.1 oz. White Gutter and Flashing Sealant,1,9.98,,Materials,0000 Uncategorized
22PUnMNsLFF5,Job 00469,Fascia/Soffit Repair (Wood),Hourly Rate,6,55,,Labor,0000 Uncategorized
22PUnMNsLFF5,Job 00469,Fascia/Soffit Repair (Wood),1-in x 8-in x 8-ft Unfinished #3 Better S1S2E Cedar,0.25,26,43.42000000000001,Materials,450 Siding & Trim
22PUnMNsLFF5,Job 00469,Fascia/Soffit Repair (Wood),Hourly Rate,2,55,89,Labor,0000 Uncategorized
22PUnMNsLFF5,Job 00469,Fascia/Soffit Repair (Wood),1-in x 8-in x 8-ft Unfinished #3 Better S1S2E Cedar,0.25,26,43.42000000000001,Materials,450 Siding & Trim
22PUnMNsLFF5,Job 00469,Fascia/Soffit Repair (Wood),Hourly Rate,2,55,89,Labor,0000 Uncategorized
22PUnMNsLFF5,Job 00469,Fascia/Soffit Repair (Wood),1-in x 8-in x 8-ft Unfinished #3 Better S1S2E Cedar,0.25,26,,Materials,450 Siding & Trim
22PUnMNsLFF5,Job 00469,Fascia/Soffit Repair (Wood),Hourly Rate,2,55,,Labor,0000 Uncategorized
22PUnMNsLFF5,Job 00469,Fascia/Soffit Repair (Wood),1-in x 8-in x 8-ft Unfinished #3 Better S1S2E Cedar,2,26.000000000000004,43.42,Materials,450 Siding & Trim
22PUnMNsLFF5,Job 00469,Fascia/Soffit Repair (Wood),Dap Butyl-Flex 10.1 oz. White Gutter and Flashing Sealant,1,9.98,18.46,Materials,0000 Uncategorized
22PUnMNsLFF5,Job 00469,Fascia/Soffit Repair (Wood),Hourly Rate,6,54.99999999999999,89,Labor,0000 Uncategorized
22PUnMNsLFF5,Job 00469,Fascia/Soffit Repair (Wood),1-in x 8-in x 8-ft Unfinished #3 Better S1S2E Cedar,0.25,26,43.44,Materials,450 Siding & Trim
22PUnMNsLFF5,Job 00469,Fascia/Soffit Repair (Wood),Hourly Rate,2,54.99999999999999,89,Labor,0000 Uncategorized
22PUnMXzNgqB,Job 00470,Fascia/Soffit Repair (Wood),1-in x 12-in x 8-ft Unfinished S1S2E Cedar,1,37,61.790000000000006,Materials,720 Trim & Millwork
22PUnMXzNgqB,Job 00470,Fascia/Soffit Repair (Wood),1-in x 8-in x 8-ft Unfinished #3 Better S1S2E Cedar,3,26,43.42000000000001,Materials,450 Siding & Trim
22PUnMXzNgqB,Job 00470,Fascia/Soffit Repair (Wood),Severe Weather 15/32-in x 4-ft x 8-ft CDX Pressure Treated Southern Yellow Pine Plywood Sheathing,1,48,79.20000000000002,Labor,0000 Uncategorized
22PUnMXzNgqB,Job 00470,Fascia/Soffit Repair (Wood),Dap Butyl-Flex 10.1 oz. White Gutter and Flashing Sealant,2,9.98,18.46,Materials,0000 Uncategorized
22PUnMXzNgqB,Job 00470,Fascia/Soffit Repair (Wood),Hourly Rate,12,55,89,Labor,0000 Uncategorized
22PUnMXzNgqB,Job 00470,Loose Vinyl Siding Repair,Hourly Rate,1.5,55,89,Labor,0000 Uncategorized
22PUnMXzNgqB,Job 00470,Photos of Repair Items,photos,,,,Labor,0000 Uncategorized
22PUnMXzNgqB,Job 00470,Firewall Flashing Repair,B&F,,400,580,Labor,0000 Uncategorized
22PUnMXzNgqB,Job 00470,Fascia/Soffit Repair (Wood),1-in x 12-in x 8-ft Unfinished S1S2E Cedar,1,37,61.790000000000006,Materials,720 Trim & Millwork
22PUnMXzNgqB,Job 00470,Fascia/Soffit Repair (Wood),1-in x 8-in x 8-ft Unfinished #3 Better S1S2E Cedar,3,26,43.42000000000001,Materials,450 Siding & Trim
22PUnMXzNgqB,Job 00470,Fascia/Soffit Repair (Wood),Severe Weather 15/32-in x 4-ft x 8-ft CDX Pressure Treated Southern Yellow Pine Plywood Sheathing,1,48,79.20000000000002,Labor,0000 Uncategorized
22PUnMXzNgqB,Job 00470,Fascia/Soffit Repair (Wood),Dap Butyl-Flex 10.1 oz. White Gutter and Flashing Sealant,2,9.98,18.46,Materials,0000 Uncategorized
22PUnMXzNgqB,Job 00470,Fascia/Soffit Repair (Wood),Hourly Rate,12,55,89,Labor,0000 Uncategorized
22PUnMXzNgqB,Job 00470,Loose Vinyl Siding Repair,Hourly Rate,1.5,55,89,Labor,0000 Uncategorized
22PUnMXzNgqB,Job 00470,Firewall Flashing Repair,Roof Replacement,,400,580,Labor,0000 Uncategorized
22PUnMXzNgqB,Job 00470,Photos of Repair Items,photos,,0,0,Labor,0000 Uncategorized
22PUnMXzNgqB,Job 00470,Fascia/Soffit Repair (Wood),1-in x 12-in x 8-ft Unfinished S1S2E Cedar,1,37,,Materials,720 Trim & Millwork
22PUnMXzNgqB,Job 00470,Fascia/Soffit Repair (Wood),1-in x 8-in x 8-ft Unfinished #3 Better S1S2E Cedar,3,26,,Materials,450 Siding & Trim
22PUnMXzNgqB,Job 00470,Fascia/Soffit Repair (Wood),Severe Weather 15/32-in x 4-ft x 8-ft CDX Pressure Treated Southern Yellow Pine Plywood Sheathing,1,48,,Labor,0000 Uncategorized
22PUnMXzNgqB,Job 00470,Fascia/Soffit Repair (Wood),Dap Butyl-Flex 10.1 oz. White Gutter and Flashing Sealant,2,9.98,,Materials,0000 Uncategorized
22PUnMXzNgqB,Job 00470,Fascia/Soffit Repair (Wood),Hourly Rate,12,55,,Labor,0000 Uncategorized
22PUnMXzNgqB,Job 00470,Loose Vinyl Siding Repair,Hourly Rate,1.5,55,,Labor,0000 Uncategorized
22PUnMdVhP4f,Job 00471,Fascia/Soffit Repair (Wood),1-in x 8-in x 8-ft Unfinished #3 Better S1S2E Cedar,1,26,43.42000000000001,Materials,450 Siding & Trim
22PUnMdVhP4f,Job 00471,Fascia/Soffit Repair (Wood),Hourly Rate,2,55,89,Labor,0000 Uncategorized
22PUnMdVhP4f,Job 00471,Photos of Repair Items,photos,,,,Labor,0000 Uncategorized
22PUnMdVhP4f,Job 00471,Fascia/Soffit Repair (Wood),1-in x 8-in x 8-ft Unfinished #3 Better S1S2E Cedar,1,26,43.42000000000001,Materials,450 Siding & Trim
22PUnMdVhP4f,Job 00471,Fascia/Soffit Repair (Wood),Hourly Rate,2,55,89,Labor,0000 Uncategorized
22PUnMdVhP4f,Job 00471,Photos of Repair Items,photos,,0,0,Labor,0000 Uncategorized
22PUnMdVhP4f,Job 00471,Fascia/Soffit Repair (Wood),1-in x 8-in x 8-ft Unfinished #3 Better S1S2E Cedar,1,26,,Materials,450 Siding & Trim
22PUnMdVhP4f,Job 00471,Fascia/Soffit Repair (Wood),Hourly Rate,2,55,,Labor,0000 Uncategorized
22PUnMdVhP4f,Job 00471,Framing Repairs,2x4x8 Prime Whitewood Stud,1,5.43,9.07,Materials,0000 Uncategorized
22PUnMdVhP4f,Job 00471,Framing Repairs,Hourly Rate,2.12,55,89,Labor,0000 Uncategorized
22PUnMdVhP4f,Job 00471,Framing Repairs,2x4x8 Prime Whitewood Stud,1,5.43,9.07,Materials,0000 Uncategorized
22PUnMdVhP4f,Job 00471,Framing Repairs,Hourly Rate,2.12,55,89,Labor,0000 Uncategorized
22PUnMdVhP4f,Job 00471,Fascia/Soffit Repair (Wood),1-in x 8-in x 8-ft Unfinished #3 Better S1S2E Cedar,1,26.000000000000004,43.42,Materials,450 Siding & Trim
22PUnMdVhP4f,Job 00471,Fascia/Soffit Repair (Wood),Hourly Rate,2,54.99999999999999,89,Labor,0000 Uncategorized
22PUnMdVhP4f,Job 00471,Framing Repairs,2x4x8 Prime Whitewood Stud,1,5.43,9.07,Materials,0000 Uncategorized
22PUnMdVhP4f,Job 00471,Framing Repairs,Hourly Rate,2.12,54.99999999999999,89,Labor,0000 Uncategorized
22PUnMjLjd95,Job 00472,Fascia/Soffit Repair (Wood),1-in x 8-in x 8-ft Unfinished #3 Better S1S2E Cedar,1,26,43.42000000000001,Materials,450 Siding & Trim
22PUnMjLjd95,Job 00472,Fascia/Soffit Repair (Wood),Severe Weather 15/32-in x 4-ft x 8-ft CDX Pressure Treated Southern Yellow Pine Plywood Sheathing,2,48,79.20000000000002,Labor,0000 Uncategorized
22PUnMjLjd95,Job 00472,Fascia/Soffit Repair (Wood),Dap Butyl-Flex 10.1 oz. White Gutter and Flashing Sealant,1,9.98,18.46,Materials,0000 Uncategorized
22PUnMjLjd95,Job 00472,Fascia/Soffit Repair (Wood),Hourly Rate,12,55,89,Labor,0000 Uncategorized
22PUnMjLjd95,Job 00472,Photos of Repair Items,photos,,,,Labor,0000 Uncategorized
22PUnMjLjd95,Job 00472,Fascia/Soffit Repair (Wood),1-in x 8-in x 8-ft Unfinished #3 Better S1S2E Cedar,1,26,43.42000000000001,Materials,450 Siding & Trim
22PUnMjLjd95,Job 00472,Fascia/Soffit Repair (Wood),Severe Weather 15/32-in x 4-ft x 8-ft CDX Pressure Treated Southern Yellow Pine Plywood Sheathing,2,48,79.20000000000002,Labor,0000 Uncategorized
22PUnMjLjd95,Job 00472,Fascia/Soffit Repair (Wood),Dap Butyl-Flex 10.1 oz. White Gutter and Flashing Sealant,1,9.98,18.46,Materials,0000 Uncategorized
22PUnMjLjd95,Job 00472,Fascia/Soffit Repair (Wood),Hourly Rate,12,55,89,Labor,0000 Uncategorized
22PUnMjLjd95,Job 00472,Photos of Repair Items,photos,,0,0,Labor,0000 Uncategorized
22PUnMjLjd95,Job 00472,Fascia/Soffit Repair (Wood),1-in x 8-in x 8-ft Unfinished #3 Better S1S2E Cedar,1,26,,Materials,450 Siding & Trim
22PUnMjLjd95,Job 00472,Fascia/Soffit Repair (Wood),Severe Weather 15/32-in x 4-ft x 8-ft CDX Pressure Treated Southern Yellow Pine Plywood Sheathing,2,48,,Labor,0000 Uncategorized
22PUnMjLjd95,Job 00472,Fascia/Soffit Repair (Wood),Dap Butyl-Flex 10.1 oz. White Gutter and Flashing Sealant,1,9.98,,Materials,0000 Uncategorized
22PUnMjLjd95,Job 00472,Fascia/Soffit Repair (Wood),Hourly Rate,12,55,,Labor,0000 Uncategorized
22PUnMjLjd95,Job 00472,Fascia/Soffit Repair (Wood),1-in x 8-in x 8-ft Unfinished #3 Better S1S2E Cedar,1,26.000000000000004,43.42,Materials,450 Siding & Trim
22PUnMjLjd95,Job 00472,Fascia/Soffit Repair (Wood),Severe Weather 15/32-in x 4-ft x 8-ft CDX Pressure Treated Southern Yellow Pine Plywood Sheathing,2,47.99999999999999,79.2,Labor,0000 Uncategorized
22PUnMjLjd95,Job 00472,Fascia/Soffit Repair (Wood),Dap Butyl-Flex 10.1 oz. White Gutter and Flashing Sealant,1,9.98,18.46,Materials,0000 Uncategorized
22PUnMjLjd95,Job 00472,Fascia/Soffit Repair (Wood),Hourly Rate,12,54.99999999999999,89,Labor,0000 Uncategorized
22PUnMw4zwzv,Job 00473,Fascia/Soffit Repair (Wood),1-in x 12-in x 8-ft Unfinished S1S2E Cedar,1,37,61.790000000000006,Materials,720 Trim & Millwork
22PUnMw4zwzv,Job 00473,Fascia/Soffit Repair (Wood),1-in x 8-in x 8-ft Unfinished #3 Better S1S2E Cedar,3,26,43.42000000000001,Materials,450 Siding & Trim
22PUnMw4zwzv,Job 00473,Fascia/Soffit Repair (Wood),Severe Weather 15/32-in x 4-ft x 8-ft CDX Pressure Treated Southern Yellow Pine Plywood Sheathing,1,48,79.20000000000002,Labor,0000 Uncategorized
22PUnMw4zwzv,Job 00473,Fascia/Soffit Repair (Wood),Dap Butyl-Flex 10.1 oz. White Gutter and Flashing Sealant,1,9.98,18.46,Materials,0000 Uncategorized
22PUnMw4zwzv,Job 00473,Fascia/Soffit Repair (Wood),Hourly Rate,6,55,89,Labor,0000 Uncategorized
22PUnMw4zwzv,Job 00473,Photos of Repair Items,photos,,,,Labor,0000 Uncategorized
22PUnMw4zwzv,Job 00473,Fascia/Soffit Repair (Wood),1-in x 12-in x 8-ft Unfinished S1S2E Cedar,1,37,61.790000000000006,Materials,720 Trim & Millwork
22PUnMw4zwzv,Job 00473,Fascia/Soffit Repair (Wood),1-in x 8-in x 8-ft Unfinished #3 Better S1S2E Cedar,3,26,43.42000000000001,Materials,450 Siding & Trim
22PUnMw4zwzv,Job 00473,Fascia/Soffit Repair (Wood),Severe Weather 15/32-in x 4-ft x 8-ft CDX Pressure Treated Southern Yellow Pine Plywood Sheathing,1,48,79.20000000000002,Labor,0000 Uncategorized
22PUnMw4zwzv,Job 00473,Fascia/Soffit Repair (Wood),Dap Butyl-Flex 10.1 oz. White Gutter and Flashing Sealant,1,9.98,18.46,Materials,0000 Uncategorized
22PUnMw4zwzv,Job 00473,Fascia/Soffit Repair (Wood),Hourly Rate,6,55,89,Labor,0000 Uncategorized
22PUnMw4zwzv,Job 00473,Photos of Repair Items,photos,,0,0,Labor,0000 Uncategorized
22PUnMw4zwzv,Job 00473,Fascia/Soffit Repair (Wood),1-in x 12-in x 8-ft Unfinished S1S2E Cedar,1,37,,Materials,720 Trim & Millwork
22PUnMw4zwzv,Job 00473,Fascia/Soffit Repair (Wood),1-in x 8-in x 8-ft Unfinished #3 Better S1S2E Cedar,3,26,,Materials,450 Siding & Trim
22PUnMw4zwzv,Job 00473,Fascia/Soffit Repair (Wood),Severe Weather 15/32-in x 4-ft x 8-ft CDX Pressure Treated Southern Yellow Pine Plywood Sheathing,1,48,,Labor,0000 Uncategorized
22PUnMw4zwzv,Job 00473,Fascia/Soffit Repair (Wood),Dap Butyl-Flex 10.1 oz. White Gutter and Flashing Sealant,1,9.98,,Materials,0000 Uncategorized
22PUnMw4zwzv,Job 00473,Fascia/Soffit Repair (Wood),Hourly Rate,6,55,,Labor,0000 Uncategorized
22PUnMw4zwzv,Job 00473,Framing Repairs,2x4x10 Dimensional Lumber,2,5.62,9.273,Materials,0000 Uncategorized
22PUnMw4zwzv,Job 00473,Framing Repairs,Hourly Rate,6,55,89,Labor,210 In-House Labor
22PUnMw4zwzv,Job 00473,Framing Repairs,2x4x10 Dimensional Lumber,2,5.62,9.273,Materials,0000 Uncategorized
22PUnMw4zwzv,Job 00473,Framing Repairs,Hourly Rate,6,55,89,Labor,210 In-House Labor
22PUnMw4zwzv,Job 00473,Fascia/Soffit Repair (Wood),1-in x 12-in x 8-ft Unfinished S1S2E Cedar,1,37,61.79,Materials,720 Trim & Millwork
22PUnMw4zwzv,Job 00473,Fascia/Soffit Repair (Wood),1-in x 8-in x 8-ft Unfinished #3 Better S1S2E Cedar,3,26,43.419999999999995,Materials,450 Siding & Trim
22PUnMw4zwzv,Job 00473,Fascia/Soffit Repair (Wood),Severe Weather 15/32-in x 4-ft x 8-ft CDX Pressure Treated Southern Yellow Pine Plywood Sheathing,1,47.99999999999999,79.2,Labor,0000 Uncategorized
22PUnMw4zwzv,Job 00473,Fascia/Soffit Repair (Wood),Dap Butyl-Flex 10.1 oz. White Gutter and Flashing Sealant,1,9.98,18.46,Materials,0000 Uncategorized
22PUnMw4zwzv,Job 00473,Fascia/Soffit Repair (Wood),Hourly Rate,6,54.99999999999999,89,Labor,0000 Uncategorized
22PUnMw4zwzv,Job 00473,Framing Repairs,2x4x10 Dimensional Lumber,2,5.62,9.275,Materials,0000 Uncategorized
22PUnMw4zwzv,Job 00473,Framing Repairs,Hourly Rate,6,54.99999999999999,89,Labor,210 In-House Labor
22PUnNSp8j8c,Job 00474,Fascia/Soffit Repair (Wood),1-in x 8-in x 8-ft Unfinished #3 Better S1S2E Cedar,1,26,43.42000000000001,Materials,450 Siding & Trim
22PUnNSp8j8c,Job 00474,Fascia/Soffit Repair (Wood),Severe Weather 15/32-in x 4-ft x 8-ft CDX Pressure Treated Southern Yellow Pine Plywood Sheathing,1,48,79.20000000000002,Labor,0000 Uncategorized
22PUnNSp8j8c,Job 00474,Fascia/Soffit Repair (Wood),Dap Butyl-Flex 10.1 oz. White Gutter and Flashing Sealant,1,9.98,18.46,Materials,0000 Uncategorized
22PUnNSp8j8c,Job 00474,Fascia/Soffit Repair (Wood),Hourly Rate,5,55,89,Labor,0000 Uncategorized
22PUnNSp8j8c,Job 00474,Vinyl Siding Repair,Hourly Rate,3,55,89,Labor,0000 Uncategorized
22PUnNSp8j8c,Job 00474,Photos of Repair Items,photos,,,,Labor,0000 Uncategorized
22PUnNSp8j8c,Job 00474,Fascia/Soffit Repair (Wood),1-in x 8-in x 8-ft Unfinished #3 Better S1S2E Cedar,1,26,43.42000000000001,Materials,450 Siding & Trim
22PUnNSp8j8c,Job 00474,Fascia/Soffit Repair (Wood),Severe Weather 15/32-in x 4-ft x 8-ft CDX Pressure Treated Southern Yellow Pine Plywood Sheathing,1,48,79.20000000000002,Labor,0000 Uncategorized
22PUnNSp8j8c,Job 00474,Fascia/Soffit Repair (Wood),Dap Butyl-Flex 10.1 oz. White Gutter and Flashing Sealant,1,9.98,18.46,Materials,0000 Uncategorized
22PUnNSp8j8c,Job 00474,Fascia/Soffit Repair (Wood),Hourly Rate,5,55,89,Labor,0000 Uncategorized
22PUnNSp8j8c,Job 00474,Vinyl Siding Repair,Hourly Rate,3,55,89,Labor,0000 Uncategorized
22PUnNSp8j8c,Job 00474,Photos of Repair Items,photos,,0,0,Labor,0000 Uncategorized
22PUnNSp8j8c,Job 00474,Fascia/Soffit Repair (Wood),1-in x 8-in x 8-ft Unfinished #3 Better S1S2E Cedar,1,26,,Materials,450 Siding & Trim
22PUnNSp8j8c,Job 00474,Fascia/Soffit Repair (Wood),Severe Weather 15/32-in x 4-ft x 8-ft CDX Pressure Treated Southern Yellow Pine Plywood Sheathing,1,48,,Labor,0000 Uncategorized
22PUnNSp8j8c,Job 00474,Fascia/Soffit Repair (Wood),Dap Butyl-Flex 10.1 oz. White Gutter and Flashing Sealant,1,9.98,,Materials,0000 Uncategorized
22PUnNSp8j8c,Job 00474,Fascia/Soffit Repair (Wood),Hourly Rate,5,55,,Labor,0000 Uncategorized
22PUnNSp8j8c,Job 00474,Vinyl Siding Repair,Hourly Rate,3,55,,Labor,0000 Uncategorized
22PUnNSp8j8c,Job 00474,Vinyl Siding Repair,Vinyl siding,1,26,,Materials,450 Siding & Trim
22PUnNSp8j8c,Job 00474,Fascia/Soffit Repair (Wood),1-in x 8-in x 8-ft Unfinished #3 Better S1S2E Cedar,1,26.000000000000004,43.42,Materials,450 Siding & Trim
22PUnNSp8j8c,Job 00474,Fascia/Soffit Repair (Wood),Severe Weather 15/32-in x 4-ft x 8-ft CDX Pressure Treated Southern Yellow Pine Plywood Sheathing,1,47.99999999999999,79.2,Labor,0000 Uncategorized
22PUnNSp8j8c,Job 00474,Fascia/Soffit Repair (Wood),Dap Butyl-Flex 10.1 oz. White Gutter and Flashing Sealant,1,9.98,18.46,Materials,0000 Uncategorized
22PUnNSp8j8c,Job 00474,Fascia/Soffit Repair (Wood),Hourly Rate,5,54.99999999999999,89,Labor,0000 Uncategorized
22PUnNSp8j8c,Job 00474,Vinyl Siding Repair,Hourly Rate,3,54.99999999999999,89,Labor,0000 Uncategorized
22PUnNZi4hz8,Job 00475,Fascia/Soffit Repair (Wood),1-in x 12-in x 8-ft Unfinished S1S2E Cedar,1,37,61.790000000000006,Materials,720 Trim & Millwork
22PUnNZi4hz8,Job 00475,Fascia/Soffit Repair (Wood),Hourly Rate,6,55,89,Labor,0000 Uncategorized
22PUnNZi4hz8,Job 00475,Loose Vinyl Siding Repair,Hourly Rate,1,55,89,Labor,0000 Uncategorized
22PUnNZi4hz8,Job 00475,Photos of Repair Items,photos,,,,Labor,0000 Uncategorized
22PUnNZi4hz8,Job 00475,Fascia/Soffit Repair (Wood),1-in x 12-in x 8-ft Unfinished S1S2E Cedar,1,37,61.790000000000006,Materials,720 Trim & Millwork
22PUnNZi4hz8,Job 00475,Fascia/Soffit Repair (Wood),Hourly Rate,6,55,89,Labor,0000 Uncategorized
22PUnNZi4hz8,Job 00475,Loose Vinyl Siding Repair,Hourly Rate,1,55,89,Labor,0000 Uncategorized
22PUnNZi4hz8,Job 00475,Photos of Repair Items,photos,,0,0,Labor,0000 Uncategorized
22PUnNZi4hz8,Job 00475,Fascia/Soffit Repair (Wood),1-in x 12-in x 8-ft Unfinished S1S2E Cedar,1,37,,Materials,720 Trim & Millwork
22PUnNZi4hz8,Job 00475,Fascia/Soffit Repair (Wood),Hourly Rate,6,55,,Labor,0000 Uncategorized
22PUnNZi4hz8,Job 00475,Loose Vinyl Siding Repair,Hourly Rate,1,55,,Labor,0000 Uncategorized
22PUnNZi4hz8,Job 00475,Fascia/Soffit Repair (Wood),1-in x 12-in x 8-ft Unfinished S1S2E Cedar,1,37,61.79,Materials,720 Trim & Millwork
22PUnNZi4hz8,Job 00475,Fascia/Soffit Repair (Wood),Hourly Rate,6,54.99999999999999,89,Labor,0000 Uncategorized
22PUnNZi4hz8,Job 00475,Loose Vinyl Siding Repair,Hourly Rate,1,54.99999999999999,89,Labor,0000 Uncategorized
22PUnNfcqmbw,Job 00476,Fascia/Soffit Repair (Wood),1-in x 12-in x 8-ft Unfinished S1S2E Cedar,1,37,61.790000000000006,Materials,720 Trim & Millwork
22PUnNfcqmbw,Job 00476,Fascia/Soffit Repair (Wood),Hourly Rate,1.5,55,89,Labor,0000 Uncategorized
22PUnNfcqmbw,Job 00476,Photos of Repair Items,photos,,,,Labor,0000 Uncategorized
22PUnNfcqmbw,Job 00476,Fascia/Soffit Repair (Wood),1-in x 12-in x 8-ft Unfinished S1S2E Cedar,1,37,61.790000000000006,Materials,720 Trim & Millwork
22PUnNfcqmbw,Job 00476,Fascia/Soffit Repair (Wood),Hourly Rate,1.5,55,89,Labor,0000 Uncategorized
22PUnNfcqmbw,Job 00476,Photos of Repair Items,photos,,0,0,Labor,0000 Uncategorized
22PUnNfcqmbw,Job 00476,Fascia/Soffit Repair (Wood),1-in x 12-in x 8-ft Unfinished S1S2E Cedar,1,37,,Materials,720 Trim & Millwork
22PUnNfcqmbw,Job 00476,Fascia/Soffit Repair (Wood),Hourly Rate,1.5,55,,Labor,0000 Uncategorized
22PUnNfcqmbw,Job 00476,Fascia/Soffit Repair (Wood),1-in x 12-in x 8-ft Unfinished S1S2E Cedar,1,37,61.79,Materials,720 Trim & Millwork
22PUnNfcqmbw,Job 00476,Fascia/Soffit Repair (Wood),Hourly Rate,1.5,54.99999999999999,89,Labor,0000 Uncategorized
22PUnNuKc6iJ,Job 00477,Fascia/Soffit Repair (Wood),1-in x 8-in x 8-ft Unfinished #3 Better S1S2E Cedar,1,26,43.42000000000001,Materials,450 Siding & Trim
22PUnNuKc6iJ,Job 00477,Fascia/Soffit Repair (Wood),Dap Butyl-Flex 10.1 oz. White Gutter and Flashing Sealant,2,9.98,18.46,Materials,0000 Uncategorized
22PUnNuKc6iJ,Job 00477,Fascia/Soffit Repair (Wood),Hourly Rate,4,55,89,Labor,0000 Uncategorized
22PUnNuKc6iJ,Job 00477,Garage Door Framing/Trim Repairs,Hourly Rate,0.5,55,89,Labor,0000 Uncategorized
22PUnNuKc6iJ,Job 00477,Garage Door Framing/Trim Repairs,7' White Garage Door Weatherstrip,,9.47,15.626,Materials,1600 Garage
22PUnNuKc6iJ,Job 00477,Photos of Repair Items,photos,,,,Labor,0000 Uncategorized
22PUnNuKc6iJ,Job 00477,Fascia/Soffit Repair (Wood),1-in x 8-in x 8-ft Unfinished #3 Better S1S2E Cedar,1,26,43.42000000000001,Materials,450 Siding & Trim
22PUnNuKc6iJ,Job 00477,Fascia/Soffit Repair (Wood),Dap Butyl-Flex 10.1 oz. White Gutter and Flashing Sealant,2,9.98,18.46,Materials,0000 Uncategorized
22PUnNuKc6iJ,Job 00477,Fascia/Soffit Repair (Wood),Hourly Rate,4,55,89,Labor,0000 Uncategorized
22PUnNuKc6iJ,Job 00477,Garage Door Framing/Trim Repairs,Hourly Rate,0.5,55,89,Labor,0000 Uncategorized
22PUnNuKc6iJ,Job 00477,Garage Door Framing/Trim Repairs,7' White Garage Door Weatherstrip,,9.47,15.626,Materials,1600 Garage
22PUnNuKc6iJ,Job 00477,Photos of Repair Items,photos,,0,0,Labor,0000 Uncategorized
22PUnNuKc6iJ,Job 00477,Fascia/Soffit Repair (Wood),1-in x 8-in x 8-ft Unfinished #3 Better S1S2E Cedar,1,26,,Materials,450 Siding & Trim
22PUnNuKc6iJ,Job 00477,Fascia/Soffit Repair (Wood),Dap Butyl-Flex 10.1 oz. White Gutter and Flashing Sealant,2,9.98,,Materials,0000 Uncategorized
22PUnNuKc6iJ,Job 00477,Fascia/Soffit Repair (Wood),Hourly Rate,4,55,,Labor,0000 Uncategorized
22PUnNuKc6iJ,Job 00477,Garage Door Framing/Trim Repairs,Hourly Rate,0.5,55,,Labor,0000 Uncategorized
22PUnNuKc6iJ,Job 00477,Garage Door Framing/Trim Repairs,7' White Garage Door Weatherstrip,,9.47,,Materials,1600 Garage
22PUnNuKc6iJ,Job 00477,Fascia/Soffit Repair (Wood),1-in x 8-in x 8-ft Unfinished #3 Better S1S2E Cedar,1,26.000000000000004,43.42,Materials,450 Siding & Trim
22PUnNuKc6iJ,Job 00477,Fascia/Soffit Repair (Wood),Dap Butyl-Flex 10.1 oz. White Gutter and Flashing Sealant,2,9.98,18.46,Materials,0000 Uncategorized
22PUnNuKc6iJ,Job 00477,Fascia/Soffit Repair (Wood),Hourly Rate,4,54.99999999999999,89,Labor,0000 Uncategorized
22PUnNuKc6iJ,Job 00477,Garage Door Framing/Trim Repairs,Hourly Rate,0.5,54.99999999999999,89,Labor,0000 Uncategorized
22PUnNuKc6iJ,Job 00477,Garage Door Framing/Trim Repairs,7' White Garage Door Weatherstrip,,9.469999999999999,15.63,Materials,1600 Garage
22PUnNzsyUQg,Job 00478,Fascia/Soffit Repair (Wood),Hourly Rate,1.5,55,89,Labor,0000 Uncategorized
22PUnNzsyUQg,Job 00478,Photos of Repair Items,photos,,,,Labor,0000 Uncategorized
22PUnNzsyUQg,Job 00478,Fascia/Soffit Repair (Wood),Hourly Rate,1.5,55,89,Labor,0000 Uncategorized
22PUnNzsyUQg,Job 00478,Photos of Repair Items,photos,,0,0,Labor,0000 Uncategorized
22PUnNzsyUQg,Job 00478,Fascia/Soffit Repair (Wood),Hourly Rate,1.5,55,,Labor,0000 Uncategorized
22PUnNzsyUQg,Job 00478,Fascia/Soffit Repair (Wood),Hourly Rate,2,55,89,Labor,0000 Uncategorized
22PUnNzsyUQg,Job 00478,Fascia/Soffit Repair (Wood),1-in x 8-in x 8-ft Unfinished #3 Better S1S2E Cedar,0.25,26,43.42000000000001,Materials,450 Siding & Trim
22PUnNzsyUQg,Job 00478,Gutter Installation,Subcontractor,1,5346,7751.7,Labor,220 Subcontractor Labor
22PUnNzsyUQg,Job 00478,Fascia/Soffit Repair (Wood),Hourly Rate,2,55,89,Labor,0000 Uncategorized
22PUnNzsyUQg,Job 00478,Fascia/Soffit Repair (Wood),1-in x 8-in x 8-ft Unfinished #3 Better S1S2E Cedar,0.25,26,43.42000000000001,Materials,450 Siding & Trim
22PUnNzsyUQg,Job 00478,Gutter Repair,"5"" Gutter Seam Connector",2,8.34,13.93,Materials,0000 Uncategorized
22PUnNzsyUQg,Job 00478,Gutter Repair,Hourly Rate,5,55,89,Labor,210 In-House Labor
22PUnNzsyUQg,Job 00478,Gutter Repair,Dap Butyl-Flex 10.1 oz. White Gutter and Flashing Sealant,2,9.98,18.46,Materials,0000 Uncategorized
22PUnNzsyUQg,Job 00478,Fascia/Soffit Repair (Wood),Hourly Rate,1.5,54.99999999999999,89,Labor,0000 Uncategorized
22PUnP9erzid,Job 00479,Fascia/Soffit Repair (Wood),Hourly Rate,,55,89,Labor,0000 Uncategorized
22PUnP9erzid,Job 00479,Photos of Repair Items,photos,,,,Labor,0000 Uncategorized
22PUnP9erzid,Job 00479,Fascia/Soffit Repair (Wood),Hourly Rate,,55,89,Labor,0000 Uncategorized
22PUnP9erzid,Job 00479,Photos of Repair Items,photos,,0,0,Labor,0000 Uncategorized
22PUnPHt2uMX,Job 00480,Fascia/Soffit Repair (Wood),1-in x 12-in x 8-ft Unfinished S1S2E Cedar,0.5,37,61.790000000000006,Materials,720 Trim & Millwork
22PUnPHt2uMX,Job 00480,Fascia/Soffit Repair (Wood),1-in x 8-in x 8-ft Unfinished #3 Better S1S2E Cedar,2,26,43.42000000000001,Materials,450 Siding & Trim
22PUnPHt2uMX,Job 00480,Fascia/Soffit Repair (Wood),Hourly Rate,6,55,89,Labor,0000 Uncategorized
22PUnPHt2uMX,Job 00480,Photos of Repair Items,photos,,,,Labor,0000 Uncategorized
22PUnPHt2uMX,Job 00480,Fascia/Soffit Repair (Wood),1-in x 12-in x 8-ft Unfinished S1S2E Cedar,0.5,37,61.790000000000006,Materials,720 Trim & Millwork
22PUnPHt2uMX,Job 00480,Fascia/Soffit Repair (Wood),1-in x 8-in x 8-ft Unfinished #3 Better S1S2E Cedar,2,26,43.42000000000001,Materials,450 Siding & Trim
22PUnPHt2uMX,Job 00480,Fascia/Soffit Repair (Wood),Hourly Rate,6,55,89,Labor,0000 Uncategorized
22PUnPHt2uMX,Job 00480,Photos of Repair Items,photos,,0,0,Labor,0000 Uncategorized
22PUnPHt2uMX,Job 00480,Fascia/Soffit Repair (Wood),1-in x 12-in x 8-ft Unfinished S1S2E Cedar,0.5,37,,Materials,720 Trim & Millwork
22PUnPHt2uMX,Job 00480,Fascia/Soffit Repair (Wood),1-in x 8-in x 8-ft Unfinished #3 Better S1S2E Cedar,2,26,,Materials,450 Siding & Trim
22PUnPHt2uMX,Job 00480,Fascia/Soffit Repair (Wood),Hourly Rate,6,55,,Labor,0000 Uncategorized
22PUnPHt2uMX,Job 00480,Fascia/Soffit Repair (Wood),1-in x 12-in x 8-ft Unfinished S1S2E Cedar,0.5,37.00000000000001,61.8,Materials,720 Trim & Millwork
22PUnPHt2uMX,Job 00480,Fascia/Soffit Repair (Wood),1-in x 8-in x 8-ft Unfinished #3 Better S1S2E Cedar,2,26.000000000000004,43.42,Materials,450 Siding & Trim
22PUnPHt2uMX,Job 00480,Fascia/Soffit Repair (Wood),Hourly Rate,6,54.99999999999999,89,Labor,0000 Uncategorized
22PUnPPFpXts,Job 00481,Fascia/Soffit Repair (Wood),1-in x 8-in x 8-ft Unfinished #3 Better S1S2E Cedar,1,26,43.42000000000001,Materials,450 Siding & Trim
22PUnPPFpXts,Job 00481,Fascia/Soffit Repair (Wood),Hourly Rate,4,55,89,Labor,0000 Uncategorized
22PUnPPFpXts,Job 00481,Photos of Repair Items,photos,,,,Labor,0000 Uncategorized
22PUnPPFpXts,Job 00481,Fascia/Soffit Repair (Wood),1-in x 8-in x 8-ft Unfinished #3 Better S1S2E Cedar,1,26,43.42000000000001,Materials,450 Siding & Trim
22PUnPPFpXts,Job 00481,Fascia/Soffit Repair (Wood),Hourly Rate,4,55,89,Labor,0000 Uncategorized
22PUnPPFpXts,Job 00481,Photos of Repair Items,photos,,0,0,Labor,0000 Uncategorized
22PUnPPFpXts,Job 00481,Fascia/Soffit Repair (Wood),1-in x 8-in x 8-ft Unfinished #3 Better S1S2E Cedar,1,26,,Materials,450 Siding & Trim
22PUnPPFpXts,Job 00481,Fascia/Soffit Repair (Wood),Hourly Rate,4,55,,Labor,0000 Uncategorized
22PUnPPFpXts,Job 00481,Fascia/Soffit Repair (Wood) - Change Order,Hourly Rate,8,55,89,Labor,0000 Uncategorized
22PUnPPFpXts,Job 00481,Fascia/Soffit Repair (Wood) - Change Order,"Cedar Board 1"" x 10""",8,9.27,15.4809,Materials,450 Siding & Trim
22PUnPPFpXts,Job 00481,Fascia/Soffit Repair (Wood) - Change Order,1-in x 8-in x 8-ft Unfinished #3 Better S1S2E Cedar,2,26,43.42000000000001,Materials,450 Siding & Trim
22PUnPPFpXts,Job 00481,Fascia/Soffit Repair (Wood) - Change Order,1-in x 12-in x 8-ft Unfinished S1S2E Cedar,1,37,61.790000000000006,Materials,720 Trim & Millwork
22PUnPPFpXts,Job 00481,Fascia/Soffit Repair (Wood) - Change Order,Severe Weather 15/32-in x 4-ft x 8-ft CDX Pressure Treated Southern Yellow Pine Plywood Sheathing,1,48,79.20000000000002,Labor,0000 Uncategorized
22PUnPPFpXts,Job 00481,Fascia/Soffit Repair (Wood) - Change Order,Hourly Rate,8,55,89,Labor,0000 Uncategorized
22PUnPPFpXts,Job 00481,Fascia/Soffit Repair (Wood) - Change Order,"Cedar Board 1"" x 10""",8,9.27,15.4809,Materials,450 Siding & Trim
22PUnPPFpXts,Job 00481,Fascia/Soffit Repair (Wood) - Change Order,1-in x 8-in x 8-ft Unfinished #3 Better S1S2E Cedar,2,26,43.42000000000001,Materials,450 Siding & Trim
22PUnPPFpXts,Job 00481,Fascia/Soffit Repair (Wood) - Change Order,1-in x 12-in x 8-ft Unfinished S1S2E Cedar,1,37,61.790000000000006,Materials,720 Trim & Millwork
22PUnPPFpXts,Job 00481,Fascia/Soffit Repair (Wood) - Change Order,Severe Weather 15/32-in x 4-ft x 8-ft CDX Pressure Treated Southern Yellow Pine Plywood Sheathing,1,48,79.20000000000002,Labor,0000 Uncategorized
22PUnPPFpXts,Job 00481,Fascia/Soffit Repair (Wood) - Change Order,Hourly Rate,8,55,,Labor,0000 Uncategorized
22PUnPPFpXts,Job 00481,Fascia/Soffit Repair (Wood) - Change Order,"Cedar Board 1"" x 10""x8'",1,9.27,,Materials,450 Siding & Trim
22PUnPPFpXts,Job 00481,Fascia/Soffit Repair (Wood) - Change Order,1-in x 8-in x 8-ft Unfinished #3 Better S1S2E Cedar,2,26,,Materials,450 Siding & Trim
22PUnPPFpXts,Job 00481,Fascia/Soffit Repair (Wood) - Change Order,1-in x 12-in x 8-ft Unfinished S1S2E Cedar,1,37,,Materials,720 Trim & Millwork
22PUnPPFpXts,Job 00481,Fascia/Soffit Repair (Wood) - Change Order,Severe Weather 15/32-in x 4-ft x 8-ft CDX Pressure Treated Southern Yellow Pine Plywood Sheathing,1,48,,Labor,0000 Uncategorized
22PUnPPFpXts,Job 00481,Drywall Repair,White Oil-Based Interior/Exterior Primer and Sealer,1,34.98,57.717000000000006,Materials,0000 Uncategorized
22PUnPPFpXts,Job 00481,Drywall Repair,Return trip for finishing,1,55,89,Materials,0000 Uncategorized
22PUnPPFpXts,Job 00481,Drywall Repair,Sanding Discs,1,8.97,14.800500000000003,Materials,0000 Uncategorized
22PUnPPFpXts,Job 00481,Drywall Repair,1/2 in. x 4 ft. x 8 ft. UltraLight Drywall,1,11.25,18.7875,Materials,710 Drywall
22PUnPPFpXts,Job 00481,Drywall Repair,Drywall Joint Tape,1,16.75,27.637500000000003,Materials,0000 Uncategorized
22PUnPPFpXts,Job 00481,Drywall Repair,"Drywall Screws 1 1/4""",1,29.98,50.06660000000001,Materials,710 Drywall
22PUnPPFpXts,Job 00481,Drywall Repair,Drywall Mud - USG Sheetrock 20 Joist Compound,1,17.92,29.926400000000005,Materials,710 Drywall
22PUnPPFpXts,Job 00481,Drywall Repair,Hourly Rate,4,55,89,Labor,210 In-House Labor
22PUnPPFpXts,Job 00481,Fascia/Soffit Repair (Wood),1-in x 8-in x 8-ft Unfinished #3 Better S1S2E Cedar,1,26.000000000000004,43.42,Materials,450 Siding & Trim
22PUnPPFpXts,Job 00481,Fascia/Soffit Repair (Wood),Hourly Rate,4,54.99999999999999,89,Labor,0000 Uncategorized
22PUnPUERYQy,Job 00482,Fascia/Soffit Repair (Wood),Severe Weather 15/32-in x 4-ft x 8-ft CDX Pressure Treated Southern Yellow Pine Plywood Sheathing,0.5,48,79.20000000000002,Labor,0000 Uncategorized
22PUnPUERYQy,Job 00482,Fascia/Soffit Repair (Wood),Dap Butyl-Flex 10.1 oz. White Gutter and Flashing Sealant,1,9.98,18.46,Materials,0000 Uncategorized
22PUnPUERYQy,Job 00482,Fascia/Soffit Repair (Wood),Hourly Rate,8,55,89,Labor,0000 Uncategorized
22PUnPUERYQy,Job 00482,Fascia/Soffit Repair (Wood),1-in x 8-in x 8-ft Unfinished #3 Better S1S2E Cedar,2,26,43.42000000000001,Materials,450 Siding & Trim
22PUnPUERYQy,Job 00482,Fascia/Soffit Repair (Wood),1-in x 12-in x 8-ft Unfinished S1S2E Cedar,0.5,37,61.790000000000006,Materials,720 Trim & Millwork
22PUnPUERYQy,Job 00482,Photos of Repair Items,photos,,,,Labor,0000 Uncategorized
22PUnPUERYQy,Job 00482,Fascia/Soffit Repair (Wood),1-in x 8-in x 8-ft Unfinished #3 Better S1S2E Cedar,2,26,43.42000000000001,Materials,450 Siding & Trim
22PUnPUERYQy,Job 00482,Fascia/Soffit Repair (Wood),1-in x 12-in x 8-ft Unfinished S1S2E Cedar,0.5,37,61.790000000000006,Materials,720 Trim & Millwork
22PUnPUERYQy,Job 00482,Fascia/Soffit Repair (Wood),Severe Weather 15/32-in x 4-ft x 8-ft CDX Pressure Treated Southern Yellow Pine Plywood Sheathing,0.5,48,79.20000000000002,Labor,0000 Uncategorized
22PUnPUERYQy,Job 00482,Fascia/Soffit Repair (Wood),Dap Butyl-Flex 10.1 oz. White Gutter and Flashing Sealant,1,9.98,18.46,Materials,0000 Uncategorized
22PUnPUERYQy,Job 00482,Fascia/Soffit Repair (Wood),Hourly Rate,8,55,89,Labor,0000 Uncategorized
22PUnPUERYQy,Job 00482,Photos of Repair Items,photos,,0,0,Labor,0000 Uncategorized
22PUnPUERYQy,Job 00482,Fascia/Soffit Repair (Wood),1-in x 8-in x 8-ft Unfinished #3 Better S1S2E Cedar,2,26,,Materials,450 Siding & Trim
22PUnPUERYQy,Job 00482,Fascia/Soffit Repair (Wood),1-in x 12-in x 8-ft Unfinished S1S2E Cedar,0.5,37,,Materials,720 Trim & Millwork
22PUnPUERYQy,Job 00482,Fascia/Soffit Repair (Wood),Severe Weather 15/32-in x 4-ft x 8-ft CDX Pressure Treated Southern Yellow Pine Plywood Sheathing,0.5,48,,Labor,0000 Uncategorized
22PUnPUERYQy,Job 00482,Fascia/Soffit Repair (Wood),Dap Butyl-Flex 10.1 oz. White Gutter and Flashing Sealant,1,9.98,,Materials,0000 Uncategorized
22PUnPUERYQy,Job 00482,Fascia/Soffit Repair (Wood),Hourly Rate,8,55,,Labor,0000 Uncategorized
22PUnPUERYQy,Job 00482,Fascia/Soffit Repair (Wood),1-in x 8-in x 8-ft Unfinished #3 Better S1S2E Cedar,2,26,,Materials,450 Siding & Trim
22PUnPUERYQy,Job 00482,Fascia/Soffit Repair (Wood),1-in x 12-in x 8-ft Unfinished S1S2E Cedar,0.5,37,,Materials,720 Trim & Millwork
22PUnPUERYQy,Job 00482,Fascia/Soffit Repair (Wood),Severe Weather 15/32-in x 4-ft x 8-ft CDX Pressure Treated Southern Yellow Pine Plywood Sheathing,0.5,48,,Labor,0000 Uncategorized
22PUnPUERYQy,Job 00482,Fascia/Soffit Repair (Wood),Dap Butyl-Flex 10.1 oz. White Gutter and Flashing Sealant,1,9.98,,Materials,0000 Uncategorized
22PUnPUERYQy,Job 00482,Fascia/Soffit Repair (Wood),Hourly Rate,8,55,,Labor,0000 Uncategorized
22PUnPUERYQy,Job 00482,Fascia/Soffit Repair (Wood),1-in x 8-in x 8-ft Unfinished #3 Better S1S2E Cedar,2,26.000000000000004,43.42,Materials,450 Siding & Trim
22PUnPUERYQy,Job 00482,Fascia/Soffit Repair (Wood),1-in x 12-in x 8-ft Unfinished S1S2E Cedar,0.5,37.00000000000001,61.8,Materials,720 Trim & Millwork
22PUnPUERYQy,Job 00482,Fascia/Soffit Repair (Wood),Severe Weather 15/32-in x 4-ft x 8-ft CDX Pressure Treated Southern Yellow Pine Plywood Sheathing,0.5,47.99999999999999,79.2,Labor,0000 Uncategorized
22PUnPUERYQy,Job 00482,Fascia/Soffit Repair (Wood),Dap Butyl-Flex 10.1 oz. White Gutter and Flashing Sealant,1,9.98,18.46,Materials,0000 Uncategorized
22PUnPUERYQy,Job 00482,Fascia/Soffit Repair (Wood),Hourly Rate,8,54.99999999999999,89,Labor,0000 Uncategorized
22PUnPa23LHQ,Job 00483,Fascia/Soffit Repair (Wood),"Cedar Board 1"" x 8""",1,3.2,5.344000000000001,Materials,450 Siding & Trim
22PUnPa23LHQ,Job 00483,Fascia/Soffit Repair (Wood),Severe Weather 15/32-in x 4-ft x 8-ft CDX Pressure Treated Southern Yellow Pine Plywood Sheathing,1,48,79.20000000000002,Labor,0000 Uncategorized
22PUnPa23LHQ,Job 00483,Fascia/Soffit Repair (Wood),Dap Butyl-Flex 10.1 oz. White Gutter and Flashing Sealant,1,9.98,18.46,Materials,0000 Uncategorized
22PUnPa23LHQ,Job 00483,Fascia/Soffit Repair (Wood),Hourly Rate,6,55,89,Labor,0000 Uncategorized
22PUnPa23LHQ,Job 00483,Photos of Repair Items,photos,,,,Labor,0000 Uncategorized
22PUnPa23LHQ,Job 00483,Fascia/Soffit Repair (Wood),"Cedar Board 1"" x 8""",1,3.2,5.344000000000001,Materials,450 Siding & Trim
22PUnPa23LHQ,Job 00483,Fascia/Soffit Repair (Wood),Severe Weather 15/32-in x 4-ft x 8-ft CDX Pressure Treated Southern Yellow Pine Plywood Sheathing,1,48,79.20000000000002,Labor,0000 Uncategorized
22PUnPa23LHQ,Job 00483,Fascia/Soffit Repair (Wood),Dap Butyl-Flex 10.1 oz. White Gutter and Flashing Sealant,1,9.98,18.46,Materials,0000 Uncategorized
22PUnPa23LHQ,Job 00483,Fascia/Soffit Repair (Wood),Hourly Rate,6,55,89,Labor,0000 Uncategorized
22PUnPa23LHQ,Job 00483,Photos of Repair Items,photos,,0,0,Labor,0000 Uncategorized
22PUnPa23LHQ,Job 00483,Fascia/Soffit Repair (Wood),"Cedar Board 1"" x 8""",1,3.2,,Materials,450 Siding & Trim
22PUnPa23LHQ,Job 00483,Fascia/Soffit Repair (Wood),Severe Weather 15/32-in x 4-ft x 8-ft CDX Pressure Treated Southern Yellow Pine Plywood Sheathing,1,48,,Labor,0000 Uncategorized
22PUnPa23LHQ,Job 00483,Fascia/Soffit Repair (Wood),Dap Butyl-Flex 10.1 oz. White Gutter and Flashing Sealant,1,9.98,,Materials,0000 Uncategorized
22PUnPa23LHQ,Job 00483,Fascia/Soffit Repair (Wood),Hourly Rate,6,55,,Labor,0000 Uncategorized
22PUnPa23LHQ,Job 00483,Fascia/Soffit Repair (Wood),"Cedar Board 1"" x 8""",1,3.2000000000000006,5.34,Materials,450 Siding & Trim
22PUnPa23LHQ,Job 00483,Fascia/Soffit Repair (Wood),Severe Weather 15/32-in x 4-ft x 8-ft CDX Pressure Treated Southern Yellow Pine Plywood Sheathing,1,47.99999999999999,79.2,Labor,0000 Uncategorized
22PUnPa23LHQ,Job 00483,Fascia/Soffit Repair (Wood),Dap Butyl-Flex 10.1 oz. White Gutter and Flashing Sealant,1,9.98,18.46,Materials,0000 Uncategorized
22PUnPa23LHQ,Job 00483,Fascia/Soffit Repair (Wood),Hourly Rate,6,54.99999999999999,89,Labor,0000 Uncategorized
22PUnPgBA2MK,Job 00484,Fascia/Soffit Repair (Wood),"Cedar Board 1"" x 8""",1,3.2,5.344000000000001,Materials,450 Siding & Trim
22PUnPgBA2MK,Job 00484,Fascia/Soffit Repair (Wood),Hourly Rate,2,55,89,Labor,0000 Uncategorized
22PUnPgBA2MK,Job 00484,Photos of Repair Items,photos,,,,Labor,0000 Uncategorized
22PUnPgBA2MK,Job 00484,Fascia/Soffit Repair (Wood),"Cedar Board 1"" x 8""",1,3.2,5.344000000000001,Materials,450 Siding & Trim
22PUnPgBA2MK,Job 00484,Fascia/Soffit Repair (Wood),Hourly Rate,2,55,89,Labor,0000 Uncategorized
22PUnPgBA2MK,Job 00484,Photos of Repair Items,photos,,0,0,Labor,0000 Uncategorized
22PUnPgBA2MK,Job 00484,Fascia/Soffit Repair (Wood),"Cedar Board 1"" x 8""",1,3.2000000000000006,5.34,Materials,450 Siding & Trim
22PUnPgBA2MK,Job 00484,Fascia/Soffit Repair (Wood),Hourly Rate,2,54.99999999999999,89,Labor,0000 Uncategorized
22PUnY5FUWJU,Job 00485,Rotten Bandsil Repairs,2x10x8 ft PT,12,18.41,30.74,Materials,0000 Uncategorized
22PUnY5FUWJU,Job 00485,Rotten Bandsil Repairs,2 7/8 in HeadLoks,50,0.47,0.79,Materials,0000 Uncategorized
22PUnY5FUWJU,Job 00485,Rotten Bandsil Repairs,2x10 Joist Hanger,20,2.63,4.39,Materials,0000 Uncategorized
22PUnY5FUWJU,Job 00485,Rotten Bandsil Repairs,"2""x10"" Joist Hanger (Double)",10,6.78,11.32,Materials,0000 Uncategorized
22PUnY5FUWJU,Job 00485,Rotten Bandsil Repairs,Hourly Rate,65,55,89,Labor,0000 Uncategorized
22PUnY5FUWJU,Job 00485,Rotten Bandsil Repairs,Base Plate - 12,4,56.22,92.76300000000002,Materials,0000 Uncategorized
22PUnY5FUWJU,Job 00485,Rotten Bandsil Repairs,STL-22,4,276,455.4000000000001,Materials,0000 Uncategorized
22PUnY5FUWJU,Job 00485,Exterior Door Replacement,Miscellaneous supplies,,250,412.50000000000006,Materials,0000 Uncategorized
22PUnY5FUWJU,Job 00485,Exterior Door Replacement,Hourly Rate,12,55,89,Labor,0000 Uncategorized
22PUnY5FUWJU,Job 00485,Exterior Door Replacement,New French Door,,2000,3300.0000000000005,Materials,0000 Uncategorized
22PUnY5FUWJU,Job 00485,Rotten Bandsil Repairs,2x10x8 ft PT,12,18.41,30.74,Materials,0000 Uncategorized
22PUnY5FUWJU,Job 00485,Rotten Bandsil Repairs,2 7/8 in HeadLoks,50,0.47,0.79,Materials,0000 Uncategorized
22PUnY5FUWJU,Job 00485,Rotten Bandsil Repairs,2x10 Joist Hanger,20,2.63,4.39,Materials,0000 Uncategorized
22PUnY5FUWJU,Job 00485,Rotten Bandsil Repairs,"2""x10"" Joist Hanger (Double)",10,6.78,11.32,Materials,0000 Uncategorized
22PUnY5FUWJU,Job 00485,Rotten Bandsil Repairs,Temporary Bracing in Crawlspace,1,0,224.26,Materials,0000 Uncategorized
22PUnY5FUWJU,Job 00485,Rotten Bandsil Repairs,Hourly Rate,80,55,89,Labor,0000 Uncategorized
22PUnY5FUWJU,Job 00485,Exterior Door Replacement,Miscellaneous supplies,,250,412.50000000000006,Materials,0000 Uncategorized
22PUnY5FUWJU,Job 00485,Exterior Door Replacement,Hourly Rate,12,55,89,Labor,0000 Uncategorized
22PUnY5FUWJU,Job 00485,Exterior Door Replacement,New French Door,,2000,3300.0000000000005,Materials,0000 Uncategorized
22PUnY5FUWJU,Job 00485,Removed,Temporary Bracing in Crawlspace,1,0,224.26,Materials,0000 Uncategorized
22PUnY5FUWJU,Job 00485,Rotten Bandsil Repairs,Base Plate - 12,4,56.22,92.76300000000002,Materials,0000 Uncategorized
22PUnY5FUWJU,Job 00485,Rotten Bandsil Repairs,STL-22,4,276,455.4000000000001,Materials,0000 Uncategorized
22PUnY5FUWJU,Job 00485,Rotten Bandsil Repairs,2x10x8 ft PT,12,18.41,30.74,Materials,0000 Uncategorized
22PUnY5FUWJU,Job 00485,Rotten Bandsil Repairs,2 7/8 in HeadLoks,50,0.47,0.79,Materials,0000 Uncategorized
22PUnY5FUWJU,Job 00485,Rotten Bandsil Repairs,2x10 Joist Hanger,20,2.63,4.39,Materials,0000 Uncategorized
22PUnY5FUWJU,Job 00485,Rotten Bandsil Repairs,"2""x10"" Joist Hanger (Double)",10,6.78,11.32,Materials,0000 Uncategorized
22PUnY5FUWJU,Job 00485,Rotten Bandsil Repairs,Hourly Rate,65,55,89,Labor,0000 Uncategorized
22PUqpKAWfFF,Job 00486,Window Replacements (taylors windows),Sashco Big Stretch 10.5-oz Exterior and Specialty White Paintable Latex Caulk,1,9,14.850000000000001,Labor,0000 Uncategorized
22PUqpKAWfFF,Job 00486,Window Replacements (taylors windows),DynaFlex Elastomeric Caulk 10.1 OZ -  Qty 12 (Prefinished Colors),1,112,184.80000000000004,Materials,0000 Uncategorized
22PUqpKAWfFF,Job 00486,Window Replacements (taylors windows),1050 Quick Dry Siliconized Acrylic Latex Caulk,1,3.31,5.462,Materials,0000 Uncategorized
22PUqpKAWfFF,Job 00486,Window Replacements (taylors windows),14 Custom Order Windows,,8289,13676.850000000002,Materials,0000 Uncategorized
22PUqpKAWfFF,Job 00486,Window Replacements (taylors windows),Hourly Rate,70,55,89,Labor,0000 Uncategorized
22PUqpKAWfFF,Job 00486,Front Door Replacement,444 Casing per LF,16,2.17,3.58,Materials,0000 Uncategorized
22PUqpKAWfFF,Job 00486,Front Door Replacement,Custom Order Exterior Door,1,13815,17268.75,Materials,0000 Uncategorized
22PUqpKAWfFF,Job 00486,Front Door Replacement,Hourly Rate,20,55,89,Labor,0000 Uncategorized
22PUqpKAWfFF,Job 00486,Front Door Replacement,Miscellaneous,,100,165.00000000000003,Materials,0000 Uncategorized
22PUqpKAWfFF,Job 00486,Front Door Replacement,Front door handleset,1,350,577.5000000000001,Labor,0000 Uncategorized
22PUqpKAWfFF,Job 00486,Garage Door Replacement,Custom Order Exterior Door,1,650,1072.5,Materials,0000 Uncategorized
22PUqpKAWfFF,Job 00486,Garage Door Replacement,Hourly Rate,8,55,89,Labor,0000 Uncategorized
22PUqpKAWfFF,Job 00486,Window Replacements (andersen windows),Sashco Big Stretch 10.5-oz Exterior and Specialty White Paintable Latex Caulk,0,9,12.857142857142858,Labor,0000 Uncategorized
22PUqpKAWfFF,Job 00486,Window Replacements (andersen windows),1050 Quick Dry Siliconized Acrylic Latex Caulk,0,3.31,5.462,Materials,0000 Uncategorized
22PUqpKAWfFF,Job 00486,Window Replacements (andersen windows),Custom Order Windows,0,15681,24125,Materials,0000 Uncategorized
22PUqpKAWfFF,Job 00486,Window Replacements (andersen windows),Hourly Rate,0,55,89,Labor,0000 Uncategorized
22PUqpKAWfFF,Job 00486,Window Replacements (andersen windows),GE Advanced Silicone 2 10.1 oz. Clear Exterior/Interior Window and Door Sealant/Caulk,0,11.81,19.727375215146303,Materials,0000 Uncategorized
22PUqpKAWfFF,Job 00486,Window Replacements (taylors windows),Sashco Big Stretch 10.5-oz Exterior and Specialty White Paintable Latex Caulk,1,9,14.850000000000001,Labor,0000 Uncategorized
22PUqpKAWfFF,Job 00486,Window Replacements (taylors windows),DynaFlex Elastomeric Caulk 10.1 OZ -  Qty 12 (Prefinished Colors),,112,184.80000000000004,Materials,0000 Uncategorized
22PUqpKAWfFF,Job 00486,Window Replacements (taylors windows),1050 Quick Dry Siliconized Acrylic Latex Caulk,1,3.31,5.462,Materials,0000 Uncategorized
22PUqpKAWfFF,Job 00486,Window Replacements (taylors windows),Custom Order Windows,,8289,13676.850000000002,Materials,0000 Uncategorized
22PUqpKAWfFF,Job 00486,Window Replacements (taylors windows),Hourly Rate,70,55,89,Labor,0000 Uncategorized
22PUqpKAWfFF,Job 00486,Entry Door Hardware,Hourly Rate,4,55,89,Labor,0000 Uncategorized
22PUqpKAWfFF,Job 00486,Entry Door Hardware,Entry Door Knob & Dead Bolt,2,50,83.49860551595907,Materials,0000 Uncategorized
22PUqpKAWfFF,Job 00486,Entry Door Hardware,SC1 cylinders for new hardware,4,32.27,53.89,Materials,0000 Uncategorized
22PUqpKAWfFF,Job 00486,Front Door Replacement,front door handleset,,350,577.5000000000001,Labor,0000 Uncategorized
22PUqpKAWfFF,Job 00486,Front Door Replacement,Miscellaneous,,100,165.00000000000003,Materials,0000 Uncategorized
22PUqpKAWfFF,Job 00486,Front Door Replacement,444 Casing per LF,16,2.17,3.58,Materials,0000 Uncategorized
22PUqpKAWfFF,Job 00486,Front Door Replacement,Custom Order Exterior Door,,13815,17268.75,Materials,0000 Uncategorized
22PUqpKAWfFF,Job 00486,Front Door Replacement,Hourly Rate,20,55,89,Labor,0000 Uncategorized
22PUqpKAWfFF,Job 00486,Garage Door Replacement,Custom Order Exterior Door,,650,1072.5,Materials,0000 Uncategorized
22PUqpKAWfFF,Job 00486,Garage Door Replacement,Hourly Rate,8,55,89,Labor,0000 Uncategorized
22PUqpKAWfFF,Job 00486,Entry Door Hardware,Hourly Rate,4,55,89,Labor,0000 Uncategorized
22PUqpKAWfFF,Job 00486,Entry Door Hardware,Entry Door Knob & Dead Bolt,2,50,83.49860551595907,Materials,0000 Uncategorized
22PUqpKAWfFF,Job 00486,Entry Door Hardware,SC1 cylinders for new hardware,4,32.27,53.89,Materials,0000 Uncategorized
22PUqpKAWfFF,Job 00486,Declined,Sashco Big Stretch 10.5-oz Exterior and Specialty White Paintable Latex Caulk,0,9,12.857142857142858,Labor,0000 Uncategorized
22PUqpKAWfFF,Job 00486,Declined,1050 Quick Dry Siliconized Acrylic Latex Caulk,0,3.31,5.462,Materials,0000 Uncategorized
22PUqpKAWfFF,Job 00486,Declined,Custom Order Windows,0,15681,24125,Materials,0000 Uncategorized
22PUqpKAWfFF,Job 00486,Declined,Hourly Rate,0,55,89,Labor,0000 Uncategorized
22PUqpKAWfFF,Job 00486,Declined,GE Advanced Silicone 2 10.1 oz. Clear Exterior/Interior Window and Door Sealant/Caulk,0,11.81,19.727375215146303,Materials,0000 Uncategorized
22PV69ZPTUwP,Job 00487,Flooring Replacement,Greer Flooring,,9465,13251.000000000002,Labor,0000 Uncategorized
22PV69ZPTUwP,Job 00487,Interior Painting/Popcorn Removal,Living Room,,1750,2450.0000000000005,Labor,0000 Uncategorized
22PV69ZPTUwP,Job 00487,Interior Painting/Popcorn Removal,Breakfast Room,,1374,1923.6000000000004,Labor,0000 Uncategorized
22PV69ZPTUwP,Job 00487,Interior Painting/Popcorn Removal,Hallway,,1000,1400.0000000000002,Labor,0000 Uncategorized
22PV69ZPTUwP,Job 00487,Interior Painting/Popcorn Removal,Bedroom Left,,1510,2114.0000000000005,Labor,0000 Uncategorized
22PV69ZPTUwP,Job 00487,Interior Painting/Popcorn Removal,Bedroom Left (Bathroom),,733,1026.2,Labor,0000 Uncategorized
22PV69ZPTUwP,Job 00487,Interior Painting/Popcorn Removal,Bedroom Right,,1219,1706.6000000000001,Labor,0000 Uncategorized
22PV69ZPTUwP,Job 00487,Interior Painting/Popcorn Removal,Hall Bath,,532,744.8000000000001,Labor,0000 Uncategorized
22PV69ZPTUwP,Job 00487,Interior Painting/Popcorn Removal,Kitchen,,702,982.8000000000002,Labor,0000 Uncategorized
22PV69ZPTUwP,Job 00487,Interior Painting/Popcorn Removal,Back Patio,,816,1142.4,Labor,0000 Uncategorized
22PV69ZPTUwP,Job 00487,Interior Painting/Popcorn Removal,Drywall Repairs (throughout home),,537,751.8000000000001,Labor,0000 Uncategorized
22PV69ZPTUwP,Job 00487,Flooring Replacement,Greer Flooring,,9465,13251.000000000002,Labor,0000 Uncategorized
22PVDh3B6fSD,Job 00492,HVAC,HVAC Replacement,1,11161.64,16184.377999999999,Subcontractor,110 Project Management
22PVDh3B6fSD,Job 00492,HVAC,HVAC Ductwork - Back Room,1,1042.29,1511.3204999999998,Subcontractor,110 Project Management
22PVDh3B6fSD,Job 00492,HVAC,HVAC Blower Motor - Back Room,1,1350,1957.4999999999998,Subcontractor,110 Project Management
22PVDh3B6fSD,Job 00492,HVAC,HVAC Evaluation,1,170,246.49999999999997,Labor,220 Subcontractor Labor
22PVDh3B6fSD,Job 00492,Water Heater Replacement,Subcontractor,1,2750,3987.4999999999995,Labor,220 Subcontractor Labor
22PVDh3B6fSD,Job 00492,Electrical Work,Subcontractor,1,650,942.4999999999999,Labor,220 Subcontractor Labor
22PVDh3B6fSD,Job 00492,HVAC,HVAC Evaluation,1,170,246.49999999999997,Labor,220 Subcontractor Labor
22PVDh3B6fSD,Job 00492,HVAC,HVAC Replacement,1,11161.64,16184.377999999999,Subcontractor,110 Project Management
22PVDh3B6fSD,Job 00492,HVAC,HVAC Ductwork - Back Room,1,1042.29,1511.3204999999998,Subcontractor,110 Project Management
22PVDh3B6fSD,Job 00492,HVAC,HVAC Blower Motor - Back Room,1,1350,1957.4999999999998,Subcontractor,110 Project Management
22PVDh3B6fSD,Job 00492,Water Heater Replacement,Subcontractor,1,2750,3987.4999999999995,Labor,220 Subcontractor Labor
22PVDh3B6fSD,Job 00492,HVAC,HVAC Evaluation,1,170,246.49999999999997,Labor,220 Subcontractor Labor
22PVDh3B6fSD,Job 00492,Electrical Work,Subcontractor,1,650,942.4999999999999,Labor,220 Subcontractor Labor
22PVDh3B6fSD,Job 00492,Water Heater Replacement,Subcontractor,1,2750,3987.5,Labor,220 Subcontractor Labor
22PVDh3B6fSD,Job 00492,HVAC,HVAC Evaluation,1,170,246.5,Labor,220 Subcontractor Labor
22PVDh3B6fSD,Job 00492,Electrical Work,Subcontractor,1,650,942.5,Labor,220 Subcontractor Labor
22PVGBYNsQXg,Job 00493,Electrical Repairs,Redland Electric,,500,725,Subcontractor,220 Subcontractor Labor
22PVGBYNsQXg,Job 00493,Electrical Repairs,Redland Electric,,400,580,Subcontractor,220 Subcontractor Labor
22PVGBYNsQXg,Job 00493,Electrical Repairs,Redland Electric,,500,725,Subcontractor,220 Subcontractor Labor
22PVGBYNsQXg,Job 00493,Electrical Repairs,Redland Electric,,400,580,Subcontractor,220 Subcontractor Labor
22PVGwihJuZp,Job 00495,Exterior Trim Repairs,Trim Material,,40,66.00000000000001,Labor,0000 Uncategorized
22PVGwihJuZp,Job 00495,Exterior Trim Repairs,Hourly Rate,6,55,89,Labor,0000 Uncategorized
22PVGwihJuZp,Job 00495,Exterior Trim Repairs,Trim Material,,40,66.00000000000001,Labor,0000 Uncategorized
22PVGwihJuZp,Job 00495,Exterior Trim Repairs,Hourly Rate,6,55,89,Labor,0000 Uncategorized
22PVGwihJuZp,Job 00495,Exterior Trim Repairs,Fascia,1,40,,Labor,0000 Uncategorized
22PVGwihJuZp,Job 00495,Exterior Trim Repairs,Hourly Rate,6,55,,Labor,0000 Uncategorized
22PVGwihJuZp,Job 00495,Exterior Trim Repairs,Crown moulding,2,40,,Labor,0000 Uncategorized
22PVGwihJuZp,Job 00495,Exterior Trim Repairs,Trim Material,,40,66.00000000000001,Labor,0000 Uncategorized
22PVGwihJuZp,Job 00495,Exterior Trim Repairs,Hourly Rate,6,55,89,Labor,0000 Uncategorized
22PVKVC9GBYA,Job 00496,Exterior Trim Repair,1x10x18 Vinyl Trim Plank,0.5,94.5,157.82,Materials,0000 Uncategorized
22PVKVC9GBYA,Job 00496,Exterior Trim Repair,Hourly Rate,10,55,89,Labor,0000 Uncategorized
22PVKVC9GBYA,Job 00496,Exterior Gap Sealing,Hydraulic Cement,,19.93,33.29,Materials,0000 Uncategorized
22PVKVC9GBYA,Job 00496,Exterior Gap Sealing,Sashco Big Stretch 10.5-oz Exterior and Specialty White Paintable Latex Caulk,4,9,12.857142857142858,Labor,0000 Uncategorized
22PVKVC9GBYA,Job 00496,Exterior Gap Sealing,Hourly Rate,5,55,89,Labor,0000 Uncategorized
22PVKVC9GBYA,Job 00496,Exterior Trim Repair,1x10x18 Vinyl Trim Plank,0.5,94.50000000000001,157.82,Materials,0000 Uncategorized
22PVKVC9GBYA,Job 00496,Exterior Trim Repair,Hourly Rate,10,54.99999999999999,89,Labor,0000 Uncategorized
22PVKVC9GBYA,Job 00496,Exterior Gap Sealing,Hydraulic Cement,,19.929999999999996,33.29,Materials,0000 Uncategorized
22PVKVC9GBYA,Job 00496,Exterior Gap Sealing,Sashco Big Stretch 10.5-oz Exterior and Specialty White Paintable Latex Caulk,4,9,12.8575,Labor,0000 Uncategorized
22PVKVC9GBYA,Job 00496,Exterior Gap Sealing,Hourly Rate,5,54.99999999999999,89,Labor,0000 Uncategorized
22PVbYjhjjv9,Job 00503,Window Glazing Repairs,Lasko Window Glazing Points,2,2.48,4.14,Materials,0000 Uncategorized
22PVbYjhjjv9,Job 00503,Window Glazing Repairs,DAP 10.1 oz. Latex Window Glazing,8,8.14,13.59,Materials,0000 Uncategorized
22PVbYjhjjv9,Job 00503,Window Glazing Repairs,Hourly Rate,154,55,89,Labor,0000 Uncategorized
22PVbYjhjjv9,Job 00503,Window Glazing Repairs,Renew Painting,,3700,5365,Labor,0000 Uncategorized
22PVbYjhjjv9,Job 00503,Window Glazing Repairs,Miscellaneous,,300,495.00000000000006,Materials,0000 Uncategorized
22PVbYjhjjv9,Job 00503,Window Glazing Repairs,White Oil-Based Interior/Exterior Primer and Sealer,,34.98,57.717000000000006,Materials,0000 Uncategorized
22PVbYjhjjv9,Job 00503,Window Sil Rot Repair,Miscellaneous,,50,82.50000000000001,Materials,0000 Uncategorized
22PVbYjhjjv9,Job 00503,Window Sil Rot Repair,Hourly Rate,4,55,89,Labor,0000 Uncategorized
22PVbYjhjjv9,Job 00503,Window Glazing Repairs,White Oil-Based Interior/Exterior Primer and Sealer,,34.98,57.717000000000006,Materials,0000 Uncategorized
22PVbYjhjjv9,Job 00503,Window Glazing Repairs,Miscellaneous,,300,495.00000000000006,Materials,0000 Uncategorized
22PVbYjhjjv9,Job 00503,Window Glazing Repairs,Lasko Window Glazing Points,2,2.48,4.14,Materials,0000 Uncategorized
22PVbYjhjjv9,Job 00503,Window Glazing Repairs,DAP 10.1 oz. Latex Window Glazing,8,8.14,13.59,Materials,0000 Uncategorized
22PVbYjhjjv9,Job 00503,Window Glazing Repairs,Hourly Rate,150,55,89,Labor,0000 Uncategorized
22PVbYjhjjv9,Job 00503,Window Glazing Repairs,Renew Painting,,3700,5365,Labor,0000 Uncategorized
22PVbYjhjjv9,Job 00503,Window Sil Rot Repair,Miscellaneous,,50,82.50000000000001,Materials,0000 Uncategorized
22PVbYjhjjv9,Job 00503,Window Sil Rot Repair,Hourly Rate,4,55,89,Labor,0000 Uncategorized
22PVbYjhjjv9,Job 00503,Custom Window Screens,Custom Order Product,15,75,123.75000000000001,Materials,0000 Uncategorized
22PVbYjhjjv9,Job 00503,Custom Window Screens,Hourly Rate,4,55,89,Labor,0000 Uncategorized
22PVbYjhjjv9,Job 00503,Window Glazing Repairs,White Oil-Based Interior/Exterior Primer and Sealer,,34.98,57.717000000000006,Materials,0000 Uncategorized
22PVbYjhjjv9,Job 00503,Window Glazing Repairs,Miscellaneous,,300,495.00000000000006,Materials,0000 Uncategorized
22PVbYjhjjv9,Job 00503,Window Glazing Repairs,Lasko Window Glazing Points,2,2.48,4.14,Materials,0000 Uncategorized
22PVbYjhjjv9,Job 00503,Window Glazing Repairs,DAP 10.1 oz. Latex Window Glazing,8,8.14,13.59,Materials,0000 Uncategorized
22PVbYjhjjv9,Job 00503,Window Glazing Repairs,Hourly Rate,154,55,89,Labor,0000 Uncategorized
22PVbYjhjjv9,Job 00503,Window Glazing Repairs,Renew Painting,,3700,5365,Labor,0000 Uncategorized
22PVbYjhjjv9,Job 00503,Window Sil Rot Repair,Miscellaneous,,50,82.50000000000001,Materials,0000 Uncategorized
22PVbYjhjjv9,Job 00503,Window Sil Rot Repair,Hourly Rate,4,55,89,Labor,0000 Uncategorized
22PVbYjhjjv9,Job 00503,Custom Window Screens,Custom Order Product,15,75,123.75000000000001,Materials,0000 Uncategorized
22PVbYjhjjv9,Job 00503,Custom Window Screens,Hourly Rate,4,55,89,Labor,0000 Uncategorized
22PVbYjhjjv9,Job 00503,Replacement Windows,Hourly Rate,80,55,89,Labor,210 In-House Labor
22PVbYjhjjv9,Job 00503,Replacement Windows,Custom Order Windows,,24000,32400,Materials,0000 Uncategorized
22PVbZKhMDkP,Job 00505,Hardwood Flooring Repair/Refinish,Repair Missing Hardwoods,,725,1051.25,Labor,0000 Uncategorized
22PVbZKhMDkP,Job 00505,Hardwood Flooring Repair/Refinish,Sand and Finish Hardwoods,,5075,7358.749999999999,Labor,0000 Uncategorized
22PVbZKhMDkP,Job 00505,Hardwood Flooring Repair/Refinish,Shoe Molding Supply/Install,,1115,1616.75,Labor,0000 Uncategorized
22PVbZKhMDkP,Job 00505,Drywall Repairs,Install New Drywall/Tape/Mud/Sand,,1800,2610,Labor,0000 Uncategorized
22PVbZKhMDkP,Job 00505,Interior Paint,Caulk and Paint Walls/Trim/Ceiling,,2200,3190,Labor,0000 Uncategorized
22PVbZKhMDkP,Job 00505,Trim Repairs/Insulation Repairs,"5 1/4"" Speed Base Baseboard",32,2.49,4.16,Materials,0000 Uncategorized
22PVbZKhMDkP,Job 00505,Trim Repairs/Insulation Repairs,R-13 Kraft Faced Fiberglass Insulation Batt 15 in. x 93 in.,2,75.98,126.89,Materials,0000 Uncategorized
22PVbZKhMDkP,Job 00505,Trim Repairs/Insulation Repairs,Install Trim and Insulation,8,55,89,Labor,0000 Uncategorized
22PVbZKhMDkP,Job 00505,Hardwood Flooring Repair/Refinish,Repair Missing Hardwoods,,725,1051.25,Labor,0000 Uncategorized
22PVbZKhMDkP,Job 00505,Hardwood Flooring Repair/Refinish,Sand and Finish Hardwoods,,5075,7358.749999999999,Labor,0000 Uncategorized
22PVbZKhMDkP,Job 00505,Hardwood Flooring Repair/Refinish,Shoe Molding Supply/Install,,1115,1616.75,Labor,0000 Uncategorized
22PVbZKhMDkP,Job 00505,Trim Repairs/Insulation Repairs,Install Trim and Insulation,8,55,89,Labor,0000 Uncategorized
22PVbZKhMDkP,Job 00505,Trim Repairs/Insulation Repairs,"5 1/4"" Speed Base Baseboard",32,2.49,4.16,Materials,0000 Uncategorized
22PVbZKhMDkP,Job 00505,Trim Repairs/Insulation Repairs,R-13 Kraft Faced Fiberglass Insulation Batt 15 in. x 93 in.,2,75.98,126.89,Materials,0000 Uncategorized
22PVbZKhMDkP,Job 00505,Drywall Repairs,Install New Drywall/Tape/Mud/Sand,,1800,2610,Labor,0000 Uncategorized
22PVbZKhMDkP,Job 00505,Interior Paint,Caulk and Paint Walls/Trim/Ceiling,,2200,3190,Labor,0000 Uncategorized
22PVbaxw6UDy,Job 00506,Remove and Replace Attic Stair in Garage,Woodgrain Millwork RB3 1-1/16 in. D x 3-1/2 in. W,3,14.37,23.710500000000003,Materials,0000 Uncategorized
22PVbaxw6UDy,Job 00506,Remove and Replace Attic Stair in Garage,Attic Stair,,1350,2227.5000000000005,Materials,0000 Uncategorized
22PVbaxw6UDy,Job 00506,Remove and Replace Attic Stair in Garage,Labor,18,55,89,Labor,0000 Uncategorized
22PVbaxw6UDy,Job 00506,Remove and Replace Attic Stair in Garage,Semi-gloss Ultra White Acrylic Interior/Exterior Door and Trim Paint (1-Gallon),0.25,33.12,54.648,Materials,2300 Painting
22PVbaxw6UDy,Job 00506,Remove and Replace Attic Stair in Garage,1050 Quick Dry Siliconized Acrylic Latex Caulk,1,3.31,5.462,Materials,0000 Uncategorized
22PVbaxw6UDy,Job 00506,Remove and Replace Attic Stair in Garage,Framing Material,,45,75.15,Materials,0000 Uncategorized
22PVbaxw6UDy,Job 00506,Install Materials,Woodgrain Millwork RB3 1-1/16 in. D x 3-1/2 in. W,3,14.37,23.710500000000003,Materials,0000 Uncategorized
22PVbaxw6UDy,Job 00506,Install Materials,Semi-gloss Ultra White Acrylic Interior/Exterior Door and Trim Paint (1-Gallon),0.25,33.12,54.648,Materials,2300 Painting
22PVbaxw6UDy,Job 00506,Install Materials,1050 Quick Dry Siliconized Acrylic Latex Caulk,1,3.31,5.462,Materials,0000 Uncategorized
22PVbaxw6UDy,Job 00506,Install Materials,Framing Material,,45,75.15,Materials,0000 Uncategorized
22PVbaxw6UDy,Job 00506,Remove and Replace Attic Stair in Garage,Framing Material,,45,75.15,Materials,0000 Uncategorized
22PVbaxw6UDy,Job 00506,Remove and Replace Attic Stair in Garage,Semi-gloss Ultra White Acrylic Interior/Exterior Door and Trim Paint (1-Gallon),0.25,33.12,54.648,Materials,2300 Painting
22PVbaxw6UDy,Job 00506,Remove and Replace Attic Stair in Garage,1050 Quick Dry Siliconized Acrylic Latex Caulk,1,3.31,5.462,Materials,0000 Uncategorized
22PVbaxw6UDy,Job 00506,Remove and Replace Attic Stair in Garage,Woodgrain Millwork RB3 1-1/16 in. D x 3-1/2 in. W,3,14.37,23.710500000000003,Materials,0000 Uncategorized
22PVbaxw6UDy,Job 00506,Remove and Replace Attic Stair in Garage,Attic Stair,,1350,2227.5000000000005,Materials,0000 Uncategorized
22PVbaxw6UDy,Job 00506,Remove and Replace Attic Stair in Garage,Labor,18,55,89,Labor,0000 Uncategorized
22PVbaxw6UDy,Job 00506,Install Materials,Framing Material,,45,75.15,Materials,0000 Uncategorized
22PVbaxw6UDy,Job 00506,Install Materials,Semi-gloss Ultra White Acrylic Interior/Exterior Door and Trim Paint (1-Gallon),0.25,33.12,54.648,Materials,2300 Painting
22PVbaxw6UDy,Job 00506,Install Materials,1050 Quick Dry Siliconized Acrylic Latex Caulk,1,3.31,5.462,Materials,0000 Uncategorized
22PVbaxw6UDy,Job 00506,Install Materials,Woodgrain Millwork RB3 1-1/16 in. D x 3-1/2 in. W,3,14.37,23.710500000000003,Materials,0000 Uncategorized
22PVhwsUK8kc,Job 00508,Entry Door Hardware Replacement,Hourly Rate,1.5,55,89,Labor,0000 Uncategorized
22PVhwsUK8kc,Job 00508,Entry Door Hardware Replacement,Hourly Rate,1.5,55,89,Labor,0000 Uncategorized
22PVhwsUK8kc,Job 00508,Entry Door Hardware Replacement,Hourly Rate,1.5,55,,Labor,0000 Uncategorized
22PVhwsUK8kc,Job 00508,Entry Door Hardware Replacement,Hourly Rate,1.5,54.99999999999999,89,Labor,0000 Uncategorized
22PVirDhpyaY,Job 00509,Refinish Stairs/New Runner,Remove Existing Runner/Staples,,150,217.49999999999997,Labor,0000 Uncategorized
22PVirDhpyaY,Job 00509,Refinish Stairs/New Runner,Sand and Finish Open Treads (15),,1500,2175,Labor,0000 Uncategorized
22PVirDhpyaY,Job 00509,Refinish Stairs/New Runner,Install New Cove Molding Under Treads,,215,311.75,Labor,0000 Uncategorized
22PVirDhpyaY,Job 00509,Refinish Stairs/New Runner,"Fabricate and Install New Carpet Runner (28"" wide)",,1240,1797.9999999999998,Labor,0000 Uncategorized
22PVirDhpyaY,Job 00509,Stair Handrail Painting,Prep and Paint Handrail/Post Details,,450,652.5,Labor,0000 Uncategorized
22PVirDhpyaY,Job 00509,Refinish Stairs/New Runner,Remove Existing Runner/Staples,,150,217.49999999999997,Labor,0000 Uncategorized
22PVirDhpyaY,Job 00509,Refinish Stairs/New Runner,Sand and Finish Open Treads (15),,1500,2175,Labor,0000 Uncategorized
22PVirDhpyaY,Job 00509,Refinish Stairs/New Runner,Install New Cove Molding Under Treads,,215,311.75,Labor,0000 Uncategorized
22PVirDhpyaY,Job 00509,Refinish Stairs/New Runner,"Fabricate and Install New Carpet Runner (28"" wide)",,1240,1797.9999999999998,Labor,0000 Uncategorized
22PVirDhpyaY,Job 00509,Stair Handrail Painting,Prep and Paint Handrail/Post Details,,450,652.5,Labor,0000 Uncategorized
22PVucZhmUbL,Job 00512,2.5.1 - Install Fire Rated Door Unit,Miscellaneous,,400,660.0000000000001,Materials,0000 Uncategorized
22PVucZhmUbL,Job 00512,2.5.1 - Install Fire Rated Door Unit,Miscellaneous,,50,82.50000000000001,Materials,0000 Uncategorized
22PVucZhmUbL,Job 00512,2.5.1 - Install Fire Rated Door Unit,Miscellaneous,,150,247.50000000000003,Materials,0000 Uncategorized
22PVucZhmUbL,Job 00512,2.5.1 - Install Fire Rated Door Unit,Hourly Rate,20,55,89,Labor,0000 Uncategorized
22PVucZhmUbL,Job 00512,3.1.1 - Garage Firewall Repair,Hourly Rate,25,55,89,Labor,0000 Uncategorized
22PVucZhmUbL,Job 00512,3.1.1 - Garage Firewall Repair,Miscellaneous,,500,825.0000000000001,Materials,0000 Uncategorized
22PVucZhmUbL,Job 00512,3.1.4 - Repair Hole Above Breaker Panel,Hourly Rate,6,55,89,Labor,0000 Uncategorized
22PVucZhmUbL,Job 00512,5.5.1 - Laundry Water Supply Valve Handle Replacement,"1/2"" Exterior Spigot",1,12.36,20.64,Materials,0000 Uncategorized
22PVucZhmUbL,Job 00512,5.5.1 - Laundry Water Supply Valve Handle Replacement,Hourly Rate,1,55,89,Labor,0000 Uncategorized
22PVucZhmUbL,Job 00512,"6.1.1,2,3 - Water Heater Replacement (Gas)",Subcontractor Pricing,,2600,3769.9999999999995,Labor,0000 Uncategorized
22PVucZhmUbL,Job 00512,"8.2.2, 8.4.1,2,3 - Breaker Panel Repairs",Subcontractor Pricing,,400,580,Labor,0000 Uncategorized
22PVucZhmUbL,Job 00512,8.5.1 - Install GFCI Outlets,Subcontractor Pricing,,600,869.9999999999999,Labor,0000 Uncategorized
22PVucZhmUbL,Job 00512,"8.6.1,2,3,4 - Electrical Wiring Repairs",Subcontractor Pricing,,800,1160,Labor,0000 Uncategorized
22PVucZhmUbL,Job 00512,8.7.1 - Ungrounded 3-prong Outlet Repair,Subcontractor Pricing,,150,217.49999999999997,Labor,0000 Uncategorized
22PVucZhmUbL,Job 00512,"8.7.2, 8.8.1, 8.8.3 -  Minor Electrical Repairs",Subcontractor Pricing,,175,253.74999999999997,Labor,0000 Uncategorized
22PW2QJm3jkv,Job 00513,"8.1.A,B - Sink Drain Repair",Plumbers of Greenville,,150,217.49999999999997,Subcontractor,220 Subcontractor Labor
22PW2QJm3jkv,Job 00513,9.4 (2) - Ungrounded 3-prong Outlet Repair,Redland Electric,,650,942.4999999999999,Subcontractor,220 Subcontractor Labor
22PW2QJm3jkv,Job 00513,9.4 (4) - Three Way Switch Repair,Redland Electric,,150,217.49999999999997,Subcontractor,220 Subcontractor Labor
22PW2QJm3jkv,Job 00513,9.4 (6) - Cover Plate Replacement,Redland Electric,,75,108.74999999999999,Subcontractor,220 Subcontractor Labor
22PW2QJm3jkv,Job 00513,9.4 (8) - Dimmer Switch Replacement,Redland Electric,,100,145,Subcontractor,220 Subcontractor Labor
22PW2QJm3jkv,Job 00513,9.5 (2) - Evaluate Cloth Wiring,Redland Electric,,250,362.5,Subcontractor,220 Subcontractor Labor
22PW2QJm3jkv,Job 00513,9.6 (2) - GFCI Outlet Repairs,Redland Electric,,350,507.49999999999994,Subcontractor,220 Subcontractor Labor
22PW2QJm3jkv,Job 00513,13.0 (2) - Water Heater Supply Line Repair,Plumbers of Greenville,,550,797.5,Subcontractor,220 Subcontractor Labor
22PW2QJm3jkv,Job 00513,15.3 - Fungal Remediation Options,Crawlspace Medic,1400,0.62,0.8989999999999999,Materials,0000 Uncategorized
22PW2QJm3jkv,Job 00513,"8.1.A,B - Sink Drain Repair",Plumbers of Greenville,,150,217.49999999999997,Subcontractor,220 Subcontractor Labor
22PWP4349T2n,Job 00519,6.1.1 - Install Expansion Tank Support,Black Strapping,1,19.1,31.9,Materials,0000 Uncategorized
22PWP4349T2n,Job 00519,6.1.1 - Install Expansion Tank Support,Hourly Rate,1,55,89,Labor,0000 Uncategorized
22PWP4349T2n,Job 00519,6.1.2 - Water Heater Replacement (Tanked Electric),Plumbers of Greenville,,2400,3479.9999999999995,Labor,0000 Uncategorized
22PWP4349T2n,Job 00519,7.1.1 - Bathtub Diverter Spout,Hourly Rate,1,55,89,Labor,0000 Uncategorized
22PWP4349T2n,Job 00519,7.1.1 - Bathtub Diverter Spout,Chrome Diverter Spout,,22.86,38.18,Materials,0000 Uncategorized
22PWP4349T2n,Job 00519,7.2.1 - Shower Head Repair,Hourly Rate,1,55,89,Labor,0000 Uncategorized
22PWP4349T2n,Job 00519,7.2.2 - Tile Grout Repair,Sanded Ceramic Tile Grout Caulk,,8.03,13.249500000000001,Materials,0000 Uncategorized
22PWP4349T2n,Job 00519,7.2.2 - Tile Grout Repair,Hourly Rate,2,55,89,Labor,0000 Uncategorized
22PWP4349T2n,Job 00519,7.2.3 - Sink Pop Up Assembly Repair,Hourly Rate,1,55,89,Labor,0000 Uncategorized
22PWP4349T2n,Job 00519,8.2.1 - Wiring Repairs (Main Panel),Redland Electric,,150,217.49999999999997,Subcontractor,220 Subcontractor Labor
22PWP4349T2n,Job 00519,8.3.1 - Label Breakers (Main Panel),Redland Electric,,100,145,Subcontractor,220 Subcontractor Labor
22PWP4349T2n,Job 00519,8.6.1 - Outlet Replacement,Redland Electric,,75,108.74999999999999,Subcontractor,220 Subcontractor Labor
22PWP4349T2n,Job 00519,9.1.1 - Electrical Disconnect Install (HVAC),Redland Electric,,300,434.99999999999994,Subcontractor,220 Subcontractor Labor
22PWP8qqVc8a,Job 00520,Demo and Haul Away,Demo and Haul Away,,2800,4059.9999999999995,Labor,0000 Uncategorized
22PWP8qqVc8a,Job 00520,Framing,Framing,,6400,9280,Labor,0000 Uncategorized
22PWP8qqVc8a,Job 00520,Decking Options,Wood Decking,,1800,2610,Labor,0000 Uncategorized
22PWP8qqVc8a,Job 00520,Decking Options,Composite Decking,,4200,6090,Labor,0000 Uncategorized
22PWP8qqVc8a,Job 00520,Option 1 - Wood Decking (Treated),Wood Decking,,1800,2610,Labor,0000 Uncategorized
22PWP8qqVc8a,Job 00520,Option 2 - Composite Decking (TimberTech Prime+),Composite Decking,,4200,6090,Labor,0000 Uncategorized
22PWP8qqVc8a,Job 00520,Hog Wire Railing,Railing,,3600,5220,Labor,0000 Uncategorized
22PWP8qqVc8a,Job 00520,Electrical,Redland Electric,,2500,3624.9999999999995,Subcontractor,220 Subcontractor Labor
22PWP8qqVc8a,Job 00520,Demo and Haul Away,Demo and Haul Away,,2800,4059.9999999999995,Labor,0000 Uncategorized
22PWP8qqVc8a,Job 00520,Framing,Framing,,6400,9280,Labor,0000 Uncategorized
22PWP8qqVc8a,Job 00520,Decking Options,Wood Decking,,1800,2610,Labor,0000 Uncategorized
22PWP8qqVc8a,Job 00520,Decking Options,Composite Decking,,4200,6090,Labor,0000 Uncategorized
22PWRR2ex47r,Job 00523,5.2 (2) - Garage Main Panel Screw Replacement,Hourly Rate,0.5,55,89,Labor,0000 Uncategorized
22PWRR2ex47r,Job 00523,5.2 (2) - Garage Main Panel Screw Replacement,Siemens Trim Screws for Load Centers (6-Pack),,8.46,15.65,Materials,0000 Uncategorized
22PWRR2ex47r,Job 00523,5.2 (3) - Evaluate Electrical Burns In Main Panel,Hourly Rate,1,55,89,Labor,0000 Uncategorized
22PWRR2ex47r,Job 00523,5.10 - AFCI Breaker Replacement,Eaton 20A AFCI breaker,,69.27,114.29550000000002,Materials,0000 Uncategorized
22PWRR2ex47r,Job 00523,5.10 - AFCI Breaker Replacement,Hourly Rate,1,55,89,Labor,0000 Uncategorized
22PWRR2ex47r,Job 00523,5.7 - Exterior Flood Light Repair (Detached Gargage),Hourly Rate,2.5,55,89,Labor,0000 Uncategorized
22PWRR2ex47r,Job 00523,"20.1, 4.0 - Drywall/Paint Repairs",Renew Paint,,1800,2610,Subcontractor,220 Subcontractor Labor
22PWRR2ex47r,Job 00523,20.2 - Sloped Floor Upper Bedroom,Hourly Rate,0,55,89,Labor,0000 Uncategorized
22PWRR2ex47r,Job 00523,8.0 - Fabricate/Install Attic Door (Detached Garage),Hourly Rate,8,55,89,Labor,0000 Uncategorized
22PWRR2ex47r,Job 00523,8.0 - Fabricate/Install Attic Door (Detached Garage),Semi-gloss Ultra White Acrylic Interior/Exterior Door and Trim Paint (1-Gallon),0.5,33.12,54.648,Materials,2300 Painting
22PWRR2ex47r,Job 00523,8.0 - Fabricate/Install Attic Door (Detached Garage),White Oil-Based Interior/Exterior Primer and Sealer,0.5,34.98,57.717000000000006,Materials,0000 Uncategorized
22PWRR2ex47r,Job 00523,8.0 - Fabricate/Install Attic Door (Detached Garage),2x4x10 Dimensional Lumber,6,5.62,9.273,Materials,0000 Uncategorized
22PWRR2ex47r,Job 00523,8.0 - Fabricate/Install Attic Door (Detached Garage),piano hinges,,75,107.14285714285715,Labor,0000 Uncategorized
22PWRR2ex47r,Job 00523,8.0 - Fabricate/Install Attic Door (Detached Garage),23/32 in. x 4 ft. x 8 ft Cabinet Grade Plywood Panel (Actual: 0.688 in. x 48 in. x 96 in.),2,51.28,84.61200000000001,Materials,0000 Uncategorized
22PWRR2ex47r,Job 00523,8.6 - Floor Shoring Post Install,Base Plate - 12,,56.22,92.76300000000002,Materials,0000 Uncategorized
22PWRR2ex47r,Job 00523,8.6 - Floor Shoring Post Install,STL-14,,233.75,385.68750000000006,Materials,0000 Uncategorized
22PWRR2ex47r,Job 00523,8.6 - Floor Shoring Post Install,Hourly Rate,2,55,89,Labor,0000 Uncategorized
22PWRR2ex47r,Job 00523,"15.0, 16.0, 17.0 - Line Set Insulation Repair",Hourly Rate,2,55,89,Labor,0000 Uncategorized
22PWRR2ex47r,Job 00523,"15.0, 16.0, 17.0 - Line Set Insulation Repair",Everbilt1/2 in. x 6 ft. Foam Self-Seal Pipe Insulation,6,2.95,4.93,Materials,0000 Uncategorized
22PWRR2ex47r,Job 00523,7.4 - Plumbing Waste Pipe Repair (Crawlspace),Plumbers of Greenville,,250,362.5,Labor,0000 Uncategorized
22PWSNjr5CLu,Job 00524,3.1.1 - Seal Exterior Siding Gaps,Hourly Rate,2,55,89,Labor,0000 Uncategorized
22PWSNjr5CLu,Job 00524,3.1.1 - Seal Exterior Siding Gaps,Lexel Clear Paintable Solvent Caulk,2,11.28,18.612000000000002,Materials,6000 Completion
22PWSNjr5CLu,Job 00524,3.1.4 - Replace Rotten Siding,Hourly Rate,6,55,89,Labor,0000 Uncategorized
22PWSNjr5CLu,Job 00524,3.1.4 - Replace Rotten Siding,"Typar Butyl Flashing Tape - 4"" W x 75' L",0.5,25.75,43,Materials,0000 Uncategorized
22PWSNjr5CLu,Job 00524,3.1.4 - Replace Rotten Siding,House Wrap,0.25,94.41,157.67,Materials,0000 Uncategorized
22PWSNjr5CLu,Job 00524,3.1.4 - Replace Rotten Siding,1.5-in x 10-in Aluminum Z Flashing,1,4.58,7.65,Materials,0000 Uncategorized
22PWSNjr5CLu,Job 00524,3.1.4 - Replace Rotten Siding,Custom Gallon Paint/Stain,1,60,99.00000000000001,Materials,2300 Painting
22PWSNjr5CLu,Job 00524,3.1.4 - Replace Rotten Siding,Lexel Clear Paintable Solvent Caulk,1,11.28,18.612000000000002,Materials,6000 Completion
22PWSNjr5CLu,Job 00524,3.1.4 - Replace Rotten Siding,"Plywood Siding T1-11- 8"" O.C.",2,44.93,83.12,Materials,0000 Uncategorized
22PWSNjr5CLu,Job 00524,3.1.5 - Seal Brick Mortar Cracks from Settling,Hourly Rate,1,55,89,Labor,0000 Uncategorized
22PWSNjr5CLu,Job 00524,3.1.5 - Seal Brick Mortar Cracks from Settling,Lexel Clear Paintable Solvent Caulk,1,11.28,18.612000000000002,Materials,6000 Completion
22PWSNjr5CLu,Job 00524,3.1.6 - Loose Brick Repair,Vindas Masonry,,450,642.8571428571429,Labor,0000 Uncategorized
22PWSNjr5CLu,Job 00524,3.5.1 - Prep and Paint Rusted Lintels,Hourly Rate,3,55,89,Labor,0000 Uncategorized
22PWSNjr5CLu,Job 00524,3.5.1 - Prep and Paint Rusted Lintels,Bonding Primer,0.5,50,71.42857142857143,Labor,0000 Uncategorized
22PWSNjr5CLu,Job 00524,3.5.1 - Prep and Paint Rusted Lintels,Custom Gallon Paint/Stain,0.5,60,99.00000000000001,Materials,2300 Painting
22PWSNjr5CLu,Job 00524,"4.1.1,2 - Siding Flashing Repair",Hourly Rate,14,55,89,Labor,0000 Uncategorized
22PWSNjr5CLu,Job 00524,"4.1.1,2 - Siding Flashing Repair",1.5-in x 10-in Aluminum Z Flashing,2,4.58,7.65,Materials,0000 Uncategorized
22PWSNjr5CLu,Job 00524,"4.1.1,2 - Siding Flashing Repair",Custom Gallon Paint/Stain,1,60,99.00000000000001,Materials,2300 Painting
22PWSNjr5CLu,Job 00524,"4.1.1,2 - Siding Flashing Repair",House Wrap,0.5,94.41,157.67,Materials,0000 Uncategorized
22PWSNjr5CLu,Job 00524,"4.1.1,2 - Siding Flashing Repair","Typar Butyl Flashing Tape - 4"" W x 75' L",0.5,25.75,43,Materials,0000 Uncategorized
22PWSNjr5CLu,Job 00524,"4.1.1,2 - Siding Flashing Repair",Lexel Clear Paintable Solvent Caulk,2,11.28,18.612000000000002,Materials,6000 Completion
22PWSNjr5CLu,Job 00524,"4.1.1,2 - Siding Flashing Repair","Plywood Siding T1-11- 8"" O.C.",6,44.93,83.12,Materials,0000 Uncategorized
22PWSNjr5CLu,Job 00524,5.3.1 - Roof Vent Replacement,Hourly Rate,3,55,89,Labor,0000 Uncategorized
22PWSNjr5CLu,Job 00524,5.3.1 - Roof Vent Replacement,Amerimax Home Products FlashMate 10 oz. Flashing Sealant,1,6.78,11.32,Materials,0000 Uncategorized
22PWSNjr5CLu,Job 00524,5.3.1 - Roof Vent Replacement,Broan-NuTone3 in. to 4 in. Roof Vent Kit for Round Duct Steel in Black,1,31.98,53.41,Materials,0000 Uncategorized
22PWSNjr5CLu,Job 00524,5.3.2 - Replace Improper Roof Boots,Hourly Rate,3,55,89,Labor,0000 Uncategorized
22PWSNjr5CLu,Job 00524,5.3.2 - Replace Improper Roof Boots,Amerimax Home Products FlashMate 10 oz. Flashing Sealant,1,6.78,11.32,Materials,0000 Uncategorized
22PWSNjr5CLu,Job 00524,5.3.2 - Replace Improper Roof Boots,Perma-BootPipe Boot Repair Flashing adjustable 1.5 in. I.D. to 3 in. I.D. Vent Pipe in Black,2,19.37,32.35,Materials,0000 Uncategorized
22PWSNjr5CLu,Job 00524,6.3.1 - Corroded Copper Pipes (Crawlspace),Plumbers of Greenville,,500,725,Labor,0000 Uncategorized
22PWSNjr5CLu,Job 00524,6.4.1 - Drain Leak Repair (Crawlspace),Plumbers of Greenville,,350,507.49999999999994,Labor,0000 Uncategorized
22PWUzgnMFJs,Job 00525,Crawlspace Insulation Installation,crawlspace medic,1500,2,2.9,Labor,0000 Uncategorized
22PWUzgnMFJs,Job 00525,Crawlspace Insulation Installation,crawlspace medic,1500,2,2.9,Labor,0000 Uncategorized
22PWVdSXvypJ,Job 00530,Vinyl Siding Repair,Hourly Rate,3,55,89,Labor,0000 Uncategorized
22PWVdSXvypJ,Job 00530,Vinyl Siding Repair,Hourly Rate,3,55,89,Labor,0000 Uncategorized
22PWVdSXvypJ,Job 00530,Vinyl Siding Repair,Hourly Rate,3,55,,Labor,0000 Uncategorized
22PWVdSXvypJ,Job 00530,Vinyl Siding Repair,Hourly Rate,3,54.99999999999999,89,Labor,0000 Uncategorized
22PWmiBE849G,Job 00532,Crawlspace Cleanout,crawlspace medic,,300,434.99999999999994,Labor,0000 Uncategorized
22PWmiBE849G,Job 00532,Crawlspace Vapor Barrier,crawlspace medic,,850,1232.5,Labor,0000 Uncategorized
22PWmiBE849G,Job 00532,Storm Door Hardware Replacement,Hourly Rate,2,55,89,Labor,0000 Uncategorized
22PWmiBE849G,Job 00532,Storm Door Hardware Replacement,Storm door handle,,90,148.50000000000003,Materials,0000 Uncategorized
22PWmiBE849G,Job 00532,Light Bulb Replacement,Light Bulb (Standard),,15,25.096153846153843,Materials,0000 Uncategorized
22PWmiBE849G,Job 00532,Light Bulb Replacement,Hourly Rate,1,55,89,Labor,0000 Uncategorized
22PWmiBE849G,Job 00532,Smoke Detector Installation,Smoke Detector & Carbon Monoxide Detector (Battery Powered) 4 pack,,56.97,95.14020031628888,Materials,520 Electrical
22PWmiBE849G,Job 00532,Smoke Detector Installation,Hourly Rate,2,55,89,Labor,0000 Uncategorized
22PWmiBE849G,Job 00532,Water Heater Cabinet Repair,Hourly Rate,2,55,89,Labor,0000 Uncategorized
22PWmiBE849G,Job 00532,Kitchen Sink Sprayer Replacement,Delta Side Sprayer in Chrome,,31.08,51.9,Materials,0000 Uncategorized
22PWmiBE849G,Job 00532,Kitchen Sink Sprayer Replacement,Hourly Rate,1,55,89,Labor,0000 Uncategorized
22PWmiBE849G,Job 00532,Kitchen Faucet Replacement,Hourly Rate,2,55,89,Labor,0000 Uncategorized
22PWmiBE849G,Job 00532,Kitchen Faucet Replacement,American Standard Kitchen Faucet in Nickel,1,100,165.00000000000003,Materials,0000 Uncategorized
22PWmiBE849G,Job 00532,HVAC Duct Insulation Repair/Replace,Duct Insulation,0.5,132.5,245.13,Materials,0000 Uncategorized
22PWmiBE849G,Job 00532,HVAC Duct Insulation Repair/Replace,Nashua Tape 2.83 in. x 10 yd. ASJ (All-Service Jacketing) Insulation Duct Tape,3,8.24,15.24,Materials,0000 Uncategorized
22PWmiBE849G,Job 00532,HVAC Duct Insulation Repair/Replace,Master Flow Water Based Mastic 0.91 Gal. Tub- Air Duct Sealant,,44.33,82.01,Materials,0000 Uncategorized
22PWmiBE849G,Job 00532,HVAC Duct Insulation Repair/Replace,Hourly Rate,4,55,89,Labor,0000 Uncategorized
22PWmiBE849G,Job 00532,Crawlspace Cleanout,crawlspace medic,,300,434.99999999999994,Labor,0000 Uncategorized
22PWqJJZYiMK,Job 00533,Drywall Repair,Drywall Joint Tape,0.25,16.75,27.637500000000003,Materials,0000 Uncategorized
22PWqJJZYiMK,Job 00533,Drywall Repair,Drywall Mud - USG Sheetrock 20 Joist Compound,0.25,17.92,29.926400000000005,Materials,710 Drywall
22PWqJJZYiMK,Job 00533,Drywall Repair,Hourly Rate,5,55,89,Labor,0000 Uncategorized
22PWqJJZYiMK,Job 00533,Drywall Repair,Scrap wood for blocking,1,5,8.250191570881226,Materials,0000 Uncategorized
22PWqJJZYiMK,Job 00533,Drywall Repair,1/2 in. x 4 ft. x 8 ft. UltraLight Drywall,0.25,11.25,18.7875,Materials,710 Drywall
22PWqJJZYiMK,Job 00533,Drywall Repair,Hourly Rate,5,55,89,Labor,0000 Uncategorized
22PWqJJZYiMK,Job 00533,Drywall Repair,Scrap wood for blocking,1,5,8.250191570881226,Materials,0000 Uncategorized
22PWqJJZYiMK,Job 00533,Drywall Repair,1/2 in. x 4 ft. x 8 ft. UltraLight Drywall,0.25,11.25,18.7875,Materials,710 Drywall
22PWqJJZYiMK,Job 00533,Drywall Repair,Drywall Joint Tape,0.25,16.75,27.637500000000003,Materials,0000 Uncategorized
22PWqJJZYiMK,Job 00533,Drywall Repair,Drywall Mud - USG Sheetrock 20 Joist Compound,0.25,17.92,29.926400000000005,Materials,710 Drywall
22PWqJJZYiMK,Job 00533,Drywall Repair,Hourly Rate,5,55,,Labor,0000 Uncategorized
22PWqJJZYiMK,Job 00533,Drywall Repair,Scrap wood for blocking,1,5,,Materials,0000 Uncategorized
22PWqJJZYiMK,Job 00533,Drywall Repair,1/2 in. x 4 ft. x 8 ft. UltraLight Drywall,0.25,11.24,,Materials,710 Drywall
22PWqJJZYiMK,Job 00533,Drywall Repair,Drywall Joint Tape,0.25,16.76,,Materials,0000 Uncategorized
22PWqJJZYiMK,Job 00533,Drywall Repair,Drywall Mud - USG Sheetrock 20 Joist Compound,0.25,17.92,,Materials,710 Drywall
22PWqJJZYiMK,Job 00533,Drywall Repair,Hourly Rate,5,54.99999999999999,89,Labor,0000 Uncategorized
22PWqJJZYiMK,Job 00533,Drywall Repair,Scrap wood for blocking,1,5,8.25,Materials,0000 Uncategorized
22PWqJJZYiMK,Job 00533,Drywall Repair,1/2 in. x 4 ft. x 8 ft. UltraLight Drywall,0.25,11.24,18.8,Materials,710 Drywall
22PWqJJZYiMK,Job 00533,Drywall Repair,Drywall Joint Tape,0.25,16.76,27.64,Materials,0000 Uncategorized
22PWqJJZYiMK,Job 00533,Drywall Repair,Drywall Mud - USG Sheetrock 20 Joist Compound,0.25,17.919999999999998,29.92,Materials,710 Drywall
22PWqfWtw7g5,Job 00534,Exterior Wood Rot Repairs,2x6x10 PT,3,10.66,17.8,Materials,0000 Uncategorized
22PWqfWtw7g5,Job 00534,Exterior Wood Rot Repairs,2x4x10 PT,3,8.71,14.55,Materials,0000 Uncategorized
22PWqfWtw7g5,Job 00534,Exterior Wood Rot Repairs,1050 Quick Dry Siliconized Acrylic Latex Caulk,6,3.31,5.462,Materials,0000 Uncategorized
22PWqfWtw7g5,Job 00534,Exterior Wood Rot Repairs,Lexel Clear Paintable Solvent Caulk,2,11.28,18.612000000000002,Materials,6000 Completion
22PWqfWtw7g5,Job 00534,Exterior Wood Rot Repairs,Semi-gloss Ultra White Acrylic Interior/Exterior Door and Trim Paint (1-Gallon),2,33.12,54.648,Materials,2300 Painting
22PWqfWtw7g5,Job 00534,Exterior Wood Rot Repairs,Miscellaneous,,600,990.0000000000001,Materials,0000 Uncategorized
22PWqfWtw7g5,Job 00534,Exterior Wood Rot Repairs,1x4x18 Vinyl Trim plank,4,34.2,57.12,Materials,0000 Uncategorized
22PWqfWtw7g5,Job 00534,Exterior Wood Rot Repairs,1x8x18 Vinyl Trim Plank,4,72,118.8,Materials,0000 Uncategorized
22PWqfWtw7g5,Job 00534,Exterior Wood Rot Repairs,1x6x18 Vinyl Trim Plank,4,54.9,90.585,Materials,0000 Uncategorized
22PWqfWtw7g5,Job 00534,Exterior Wood Rot Repairs,Hourly Rate,90,55,89,Labor,210 In-House Labor
22PWqfWtw7g5,Job 00534,Exterior Wood Rot Repairs,"3/8"" x 48"" x 8' S4S PVC sheating",1,83.98,138.567,Materials,0000 Uncategorized
22PWqfWtw7g5,Job 00534,Exterior Wood Rot Repairs,2x6x10 PT,3,10.66,17.8,Materials,0000 Uncategorized
22PWqfWtw7g5,Job 00534,Exterior Wood Rot Repairs,2x4x10 PT,3,8.71,14.55,Materials,0000 Uncategorized
22PWqfWtw7g5,Job 00534,Exterior Wood Rot Repairs,1050 Quick Dry Siliconized Acrylic Latex Caulk,6,3.31,5.462,Materials,0000 Uncategorized
22PWqfWtw7g5,Job 00534,Exterior Wood Rot Repairs,Lexel Clear Paintable Solvent Caulk,2,11.28,18.612000000000002,Materials,6000 Completion
22PWqfWtw7g5,Job 00534,Exterior Wood Rot Repairs,Semi-gloss Ultra White Acrylic Interior/Exterior Door and Trim Paint (1-Gallon),2,33.12,54.648,Materials,2300 Painting
22PWqfWtw7g5,Job 00534,Exterior Wood Rot Repairs,Miscellaneous,,600,990.0000000000001,Materials,0000 Uncategorized
22PWqfWtw7g5,Job 00534,Exterior Wood Rot Repairs,1x4x18 Vinyl Trim plank,4,34.2,57.12,Materials,0000 Uncategorized
22PWqfWtw7g5,Job 00534,Exterior Wood Rot Repairs,1x8x18 Vinyl Trim Plank,4,72,118.8,Materials,0000 Uncategorized
22PWqfWtw7g5,Job 00534,Exterior Wood Rot Repairs,1x6x18 Vinyl Trim Plank,4,54.9,90.585,Materials,0000 Uncategorized
22PWqfWtw7g5,Job 00534,Exterior Wood Rot Repairs,"3/8"" x 48"" x 8' S4S PVC Sheathing",1,83.98,,Materials,0000 Uncategorized
22PWqfWtw7g5,Job 00534,Exterior Wood Rot Repairs,2x6x10 PT,3,10.66,,Materials,0000 Uncategorized
22PWqfWtw7g5,Job 00534,Exterior Wood Rot Repairs,2x4x10 PT,3,8.709999999999999,,Materials,0000 Uncategorized
22PWqfWtw7g5,Job 00534,Exterior Wood Rot Repairs,1050 Quick Dry Siliconized Acrylic Latex Caulk,6,3.31,,Materials,0000 Uncategorized
22PWqfWtw7g5,Job 00534,Exterior Wood Rot Repairs,Lexel Clear Paintable Solvent Caulk,2,11.28,,Materials,6000 Completion
22PWqfWtw7g5,Job 00534,Exterior Wood Rot Repairs,Semi-gloss Ultra White Acrylic Interior/Exterior Door and Trim Paint (1-Gallon),2,33.12,,Materials,2300 Painting
22PWqfWtw7g5,Job 00534,Exterior Wood Rot Repairs,Miscellaneous,,600,,Materials,0000 Uncategorized
22PWqfWtw7g5,Job 00534,Exterior Wood Rot Repairs,1x4x18 Vinyl Trim plank,4,34.2,,Materials,0000 Uncategorized
22PWqfWtw7g5,Job 00534,Exterior Wood Rot Repairs,1x8x18 Vinyl Trim Plank,4,72,,Materials,0000 Uncategorized
22PWqfWtw7g5,Job 00534,Exterior Wood Rot Repairs,1x6x18 Vinyl Trim Plank,4,54.9,,Materials,0000 Uncategorized
22PWqfWtw7g5,Job 00534,Electrical Evaluation,Subcontractor,1,200,290,Labor,220 Subcontractor Labor
22PWqfWtw7g5,Job 00534,Electrical Evaluation,Subcontractor,1,200,290,Labor,220 Subcontractor Labor
22PWqfWtw7g5,Job 00534,Masonry Work,Driveway Stone Border,1,1250,1812.4999999999998,Labor,220 Subcontractor Labor
22PWqfWtw7g5,Job 00534,Masonry Work,Back Patio Stonework,1,5600,8119.999999999999,Labor,220 Subcontractor Labor
22PWqfWtw7g5,Job 00534,Masonry Work,Driveway Stone Border,1,1250,1812.4999999999998,Labor,220 Subcontractor Labor
22PWqfWtw7g5,Job 00534,Masonry Work,Back Patio Stonework,1,5600,8119.999999999999,Labor,220 Subcontractor Labor
22PWqfWtw7g5,Job 00534,Exterior Wood Rot Repairs,"3/8"" x 48"" x 8' S4S PVC sheating",1,83.98,138.57,Materials,0000 Uncategorized
22PWqfWtw7g5,Job 00534,Exterior Wood Rot Repairs,2x6x10 PT,3,10.660000000000002,17.8,Materials,0000 Uncategorized
22PWqfWtw7g5,Job 00534,Exterior Wood Rot Repairs,2x4x10 PT,3,8.709999999999999,14.549999999999999,Materials,0000 Uncategorized
22PWqfWtw7g5,Job 00534,Exterior Wood Rot Repairs,1050 Quick Dry Siliconized Acrylic Latex Caulk,6,3.3099999999999996,5.461666666666667,Materials,0000 Uncategorized
22PWqfWtw7g5,Job 00534,Exterior Wood Rot Repairs,Lexel Clear Paintable Solvent Caulk,2,11.28,18.61,Materials,6000 Completion
22PWqfWtw7g5,Job 00534,Exterior Wood Rot Repairs,Semi-gloss Ultra White Acrylic Interior/Exterior Door and Trim Paint (1-Gallon),2,33.12,54.65,Materials,2300 Painting
22PWqfWtw7g5,Job 00534,Exterior Wood Rot Repairs,Miscellaneous,,600,990,Materials,0000 Uncategorized
22PWqfWtw7g5,Job 00534,Exterior Wood Rot Repairs,1x4x18 Vinyl Trim plank,4,34.2,57.12,Materials,0000 Uncategorized
22PWqfWtw7g5,Job 00534,Exterior Wood Rot Repairs,1x8x18 Vinyl Trim Plank,4,72,118.8,Materials,0000 Uncategorized
22PWqfWtw7g5,Job 00534,Exterior Wood Rot Repairs,1x6x18 Vinyl Trim Plank,4,54.9,90.585,Materials,0000 Uncategorized
22PWqfyNpsbC,Job 00535,Drywall Repairs/Trim Repairs/Misc.,Renew Painting,,811,1094.8500000000001,Labor,0000 Uncategorized
22PWqfyNpsbC,Job 00535,Primary Bathroom,Renew Painting,,580,783,Labor,0000 Uncategorized
22PWqfyNpsbC,Job 00535,Primary Bedroom,Renew Painting,,715,965.25,Labor,0000 Uncategorized
22PWqfyNpsbC,Job 00535,Primary Hallway,Renew Painting,,325,438.75,Labor,0000 Uncategorized
22PWqfyNpsbC,Job 00535,Half Bathroom,Renew Painting,,376,507.6,Labor,0000 Uncategorized
22PWqfyNpsbC,Job 00535,Foyer,Renew Painting,,748,1009.8000000000001,Labor,0000 Uncategorized
22PWqfyNpsbC,Job 00535,Living and Kitchen,Renew Painting,,1496,2019.6000000000001,Labor,0000 Uncategorized
22PWqfyNpsbC,Job 00535,Laundry,Renew Painting,,388,523.8000000000001,Labor,0000 Uncategorized
22PWqfyNpsbC,Job 00535,Mudroom,Renew Painting,,661,892.35,Labor,0000 Uncategorized
22PWqfyNpsbC,Job 00535,Pantry,Renew Painting,,315,425.25,Labor,0000 Uncategorized
22PWquQNPbfJ,Job 00537,Loose Railing Repairs,Hourly Rate,5,55,89,Labor,0000 Uncategorized
22PWquQNPbfJ,Job 00537,Gutters & Downspouts Cleaning,Hourly Rate,4,55,89,Labor,0000 Uncategorized
22PWquQNPbfJ,Job 00537,Gutters & Downspouts Cleaning,Trash Bags,,29.98,50.07,Materials,0000 Uncategorized
22PWquQNPbfJ,Job 00537,Lifting Roof Boot Repair,Henry 208R Rubberized Wet Patch 10.1 oz Roof Cement Leak Repair,,7.24,12.09,Materials,0000 Uncategorized
22PWquQNPbfJ,Job 00537,Lifting Roof Boot Repair,Grip-Rite#11 x 1-1/4 in. Electro-Galvanized Steel Roofing Nails (1 lb.-Pack),,4.98,8.32,Materials,0000 Uncategorized
22PWquQNPbfJ,Job 00537,Lifting Roof Boot Repair,Hourly Rate,2,55,89,Labor,0000 Uncategorized
22PWquQNPbfJ,Job 00537,Downspout Adjustment,Miscellaneous,,10,16.500000000000004,Materials,0000 Uncategorized
22PWquQNPbfJ,Job 00537,Downspout Adjustment,Hourly Rate,2,55,89,Labor,0000 Uncategorized
22PWquQNPbfJ,Job 00537,Roof Vent Pipe Boot Replacement,Henry 208R Rubberized Wet Patch 10.1 oz Roof Cement Leak Repair,,7.24,12.09,Materials,0000 Uncategorized
22PWquQNPbfJ,Job 00537,Roof Vent Pipe Boot Replacement,Grip-Rite#11 x 1-1/4 in. Electro-Galvanized Steel Roofing Nails (1 lb.-Pack),,4.98,8.32,Materials,0000 Uncategorized
22PWquQNPbfJ,Job 00537,Roof Vent Pipe Boot Replacement,Hourly Rate,4,55,89,Labor,0000 Uncategorized
22PWquQNPbfJ,Job 00537,Roof Vent Pipe Boot Replacement,Perma-BootPipe Boot Repair Flashing adjustable 1.5 in. I.D. to 3 in. I.D. Vent Pipe in Black,2,19.37,32.35,Materials,0000 Uncategorized
22PWquQNPbfJ,Job 00537,Water Temperature and Pressure Adjustment,Hourly Rate,1.5,55,89,Labor,0000 Uncategorized
22PWquQNPbfJ,Job 00537,Exterior Spigot Repair/Replacement,"1/2"" Exterior Spigot",,12.36,20.64,Materials,0000 Uncategorized
22PWquQNPbfJ,Job 00537,Exterior Spigot Repair/Replacement,"1/2""x 5' Pex Pipe",,2.7,4.51,Materials,0000 Uncategorized
22PWquQNPbfJ,Job 00537,Exterior Spigot Repair/Replacement,"1/2"" Push to connect coupling",,8.1,13.53,Materials,0000 Uncategorized
22PWquQNPbfJ,Job 00537,Exterior Spigot Repair/Replacement,Hourly Rate,3,55,89,Labor,0000 Uncategorized
22PWquQNPbfJ,Job 00537,Hot/Cold Reversed Sink Repair,Hourly Rate,2,55,89,Labor,0000 Uncategorized
22PWquQNPbfJ,Job 00537,Loose Faucet Repair,Lexel Clear Paintable Solvent Caulk,,11.28,18.612000000000002,Materials,6000 Completion
22PWquQNPbfJ,Job 00537,Loose Faucet Repair,Hourly Rate,,55,89,Labor,0000 Uncategorized
22PWquQNPbfJ,Job 00537,Loose Toilet Repair,Hourly Rate,2,55,89,Labor,0000 Uncategorized
22PWquQNPbfJ,Job 00537,Loose Toilet Repair,Lexel Clear Paintable Solvent Caulk,,11.28,18.612000000000002,Materials,6000 Completion
22PWtiS28C2m,Job 00538,Downspout Extender Installation,Hourly Rate,2,55,89,Labor,0000 Uncategorized
22PWtiS28C2m,Job 00538,Downspout Extender Installation,Downspout Extender,3,13,21.71014492753623,Materials,0000 Uncategorized
22PWtiS28C2m,Job 00538,Secure Porch Stair Railing,Hourly Rate,2,55,89,Labor,0000 Uncategorized
22PWtiS28C2m,Job 00538,Porch Steps Ground Contact Repair,Miscellaneous,,100,165.00000000000003,Materials,0000 Uncategorized
22PWtiS28C2m,Job 00538,Porch Steps Ground Contact Repair,Hourly Rate,5,55,89,Labor,0000 Uncategorized
22PWtiS28C2m,Job 00538,Deck Board Repair,Deckmate 3 inch wood screw,,12.98,21.417000000000005,Materials,410 Framing
22PWtiS28C2m,Job 00538,Deck Board Repair,Hourly Rate,1.5,55,89,Labor,0000 Uncategorized
22PWtiS28C2m,Job 00538,Rusted Gas Line Repair,Rusty Metal Primer,,6.98,11.66,Materials,0000 Uncategorized
22PWtiS28C2m,Job 00538,Rusted Gas Line Repair,Hourly Rate,2,55,89,Labor,0000 Uncategorized
22PWtiS28C2m,Job 00538,Level A/C Unit,Plastic Shims,,2.75,7.25,Materials,0000 Uncategorized
22PWtiS28C2m,Job 00538,Level A/C Unit,Hourly Rate,1,55,89,Labor,0000 Uncategorized
22PWtiS28C2m,Job 00538,Seal Gaps (Crawlspace),Lexel Clear Paintable Solvent Caulk,,11.28,18.612000000000002,Materials,6000 Completion
22PWtiS28C2m,Job 00538,Seal Gaps (Crawlspace),Hourly Rate,2,55,89,Labor,0000 Uncategorized
22PWtiS28C2m,Job 00538,Downspout Extender Installation,Hourly Rate,2,55,89,Labor,0000 Uncategorized
22PWtiS28C2m,Job 00538,Downspout Extender Installation,Downspout Extender,3,13,21.71014492753623,Materials,0000 Uncategorized
22PWtiS28C2m,Job 00538,Secure Porch Stair Railing,Hourly Rate,2,55,89,Labor,0000 Uncategorized
22PWtiS28C2m,Job 00538,Porch Steps Ground Contact Repair,Miscellaneous,,100,165.00000000000003,Materials,0000 Uncategorized
22PWtiS28C2m,Job 00538,Porch Steps Ground Contact Repair,Hourly Rate,5,55,89,Labor,0000 Uncategorized
22PWx8WHiuJR,Job 00539,Dust Control/Floor Protection,Ezra Greene,,350,507.49999999999994,Labor,0000 Uncategorized
22PWx8WHiuJR,Job 00539,Structural Beam Install,Ezra Greene,,2800,4059.9999999999995,Labor,0000 Uncategorized
22PWx8WHiuJR,Job 00539,Floor Shoring,Ezra Greene,,750,1087.5,Labor,0000 Uncategorized
22PWx8WHiuJR,Job 00539,Wall Framing,Ezra Greene,,1200,1739.9999999999998,Labor,0000 Uncategorized
22PWx8WHiuJR,Job 00539,Drywall,Renew Painting,,2800,4059.9999999999995,Labor,0000 Uncategorized
22PWx8WHiuJR,Job 00539,Electrical,Redland,,1750,2537.5,Labor,0000 Uncategorized
22PWx8WHiuJR,Job 00539,Demo,Ezra Greene,,650,942.4999999999999,Labor,0000 Uncategorized
22PWx8WHiuJR,Job 00539,Dust Control/Floor Protection,Ezra Greene,,350,507.49999999999994,Labor,0000 Uncategorized
22PWx8WHiuJR,Job 00539,Demo,Ezra Greene,,850,1232.5,Labor,0000 Uncategorized
22PWx8WHiuJR,Job 00539,Structural Beam Install,Ezra Greene,,2800,4059.9999999999995,Labor,0000 Uncategorized
22PX9UhZgXGm,Job 00542,Add Brick Lintel,Vindas Masonry,,450,652.5,Labor,0000 Uncategorized
22PX9UhZgXGm,Job 00542,Install Deck Ledger Flashing,Miscellaneous supplies,1,200,330.00000000000006,Materials,0000 Uncategorized
22PX9UhZgXGm,Job 00542,Install Deck Ledger Flashing,hourly rate,20,55,89,Labor,0000 Uncategorized
22PX9UhZgXGm,Job 00542,Install Deck Ledger Flashing,GCP Applied Technologies Vycor Plus 9 in. x 75 ft. Roll Fully-Adhered Flashing Tape (56 sq. ft.),,56.53,104.58,Materials,0000 Uncategorized
22PX9UhZgXGm,Job 00542,Concrete Slab Evaluation,Owners Choice,,100,149.99999999999997,Labor,0000 Uncategorized
22PX9UhZgXGm,Job 00542,Crawlspace Foundation Evaluation,crawlspace medic,,150,224.99999999999997,Labor,0000 Uncategorized
22PX9UhZgXGm,Job 00542,Add Brick Lintel,Vindas Masonry,,450,652.5,Labor,0000 Uncategorized
22PX9UhZgXGm,Job 00542,Install Deck Ledger Flashing,Miscellaneous supplies,1,200,330.00000000000006,Materials,0000 Uncategorized
22PX9UhZgXGm,Job 00542,Install Deck Ledger Flashing,hourly rate,20,55,89,Labor,0000 Uncategorized
22PX9UhZgXGm,Job 00542,Install Deck Ledger Flashing,GCP Applied Technologies Vycor Plus 9 in. x 75 ft. Roll Fully-Adhered Flashing Tape (56 sq. ft.),,56.53,104.58,Materials,0000 Uncategorized
22PX9UhZgXGm,Job 00542,Concrete Slab Evaluation,Owners Choice,,100,149.99999999999997,Labor,0000 Uncategorized
22PX9UhZgXGm,Job 00542,Crawlspace Foundation Evaluation,crawlspace medic,,150,224.99999999999997,Labor,0000 Uncategorized
22PX9VtXHQkt,Job 00543,Front Door Refinishing,Renew Painting,,900,1305,Labor,0000 Uncategorized
22PX9VtXHQkt,Job 00543,Front Door Refinishing,Renew Painting,,900,1305,Labor,0000 Uncategorized
22PXC7zz6vaQ,Job 00545,"3.1.1, 3.3.1 - Lifting Shingles/Boot Repair",Henry 208R Rubberized Wet Patch 10.1 oz Roof Cement Leak Repair,,7.24,12.09,Materials,0000 Uncategorized
22PXC7zz6vaQ,Job 00545,"3.1.1, 3.3.1 - Lifting Shingles/Boot Repair",Grip-Rite#11 x 1-1/4 in. Electro-Galvanized Steel Roofing Nails (1 lb.-Pack),,4.98,8.32,Materials,0000 Uncategorized
22PXC7zz6vaQ,Job 00545,"3.1.1, 3.3.1 - Lifting Shingles/Boot Repair",Hourly Rate,4,55,89,Labor,210 In-House Labor
22PXC7zz6vaQ,Job 00545,"4.3.1,2 - Vinyl Siding Repair/Replacement",Hourly Rate,6,55,89,Labor,210 In-House Labor
22PXC7zz6vaQ,Job 00545,"4.3.1,2 - Vinyl Siding Repair/Replacement",1050 Quick Dry Siliconized Acrylic Latex Caulk,,3.31,5.462,Materials,0000 Uncategorized
22PXC7zz6vaQ,Job 00545,"4.3.1,2 - Vinyl Siding Repair/Replacement",Misc,,150,250.49999999999997,Materials,0000 Uncategorized
22PXC7zz6vaQ,Job 00545,"4.3.1,2 - Vinyl Siding Repair/Replacement",Mendyl Vinyl and Stucco Siding Repair Kit,2,13.78,26.75,Materials,0000 Uncategorized
22PXC7zz6vaQ,Job 00545,"4.3.1,2 - Vinyl Siding Repair/Replacement",Lexel Clear Paintable Solvent Caulk,,11.28,18.612000000000002,Materials,6000 Completion
22PXC7zz6vaQ,Job 00545,4.3.3 - Vent Cover Replacement,Hourly Rate,2,55,89,Labor,210 In-House Labor
22PXC7zz6vaQ,Job 00545,4.3.3 - Vent Cover Replacement,Everbilt4 in. Louvered Vent Cap in White,,6.56,10.12,Materials,0000 Uncategorized
22PXC7zz6vaQ,Job 00545,4.4.1 - Window Screen Repair/Replacement,Phifer 48 in. x 25 ft. BetterVue Screen,,28.98,48.4,Materials,0000 Uncategorized
22PXC7zz6vaQ,Job 00545,4.4.1 - Window Screen Repair/Replacement,Screen Tight 5/16 in. x 48 in. White Window Screen Frame Kit,,13.98,23.35,Materials,0000 Uncategorized
22PXC7zz6vaQ,Job 00545,4.4.1 - Window Screen Repair/Replacement,Hourly Rate,1,55,89,Labor,210 In-House Labor
22PXC7zz6vaQ,Job 00545,4.5.1 - Seal Exterior Trim Gaps,1050 Quick Dry Siliconized Acrylic Latex Caulk,1,3.31,5.462,Materials,0000 Uncategorized
22PXC7zz6vaQ,Job 00545,4.5.1 - Seal Exterior Trim Gaps,Hourly Rate,1.5,55,89,Labor,210 In-House Labor
22PXC7zz6vaQ,Job 00545,"5.1.1, 16.1.1 - Seal Cracks In Concrete Slab",Lexel Clear Paintable Solvent Caulk,,11.28,18.612000000000002,Materials,6000 Completion
22PXC7zz6vaQ,Job 00545,"5.1.1, 16.1.1 - Seal Cracks In Concrete Slab",Hourly Rate,1.5,55,89,Labor,210 In-House Labor
22PXC7zz6vaQ,Job 00545,5.2.1 - Garage Door Weatherstripping Replacement- Bottom seal,Overhead Door Garage Door Bottom Weatherstripping (Rubber seal & retainer),,50,83.49999999999999,Materials,0000 Uncategorized
22PXC7zz6vaQ,Job 00545,5.2.1 - Garage Door Weatherstripping Replacement- Bottom seal,Hourly Rate,2,55,89,Labor,210 In-House Labor
22PXC7zz6vaQ,Job 00545,6.2.1 - Attic Floor Repair,Hourly Rate,2,55,89,Labor,210 In-House Labor
22PXC7zz6vaQ,Job 00545,7.1.1 - Interior Door Adjustments,Hourly Rate,1,55,89,Labor,210 In-House Labor
22PXC7zz6vaQ,Job 00545,7.2.1 - Repair Drywall Cracks,Miscellaneous,,200,330.00000000000006,Materials,0000 Uncategorized
22PXC7zz6vaQ,Job 00545,7.2.1 - Repair Drywall Cracks,Hourly Rate,8,55,89,Labor,210 In-House Labor
22PXCEnsfpCP,Job 00547,Double Hung,Custom Order Windows,4,1250,1687.5,Materials,0000 Uncategorized
22PXCEnsfpCP,Job 00547,Double Hung,2x8x16 Pressure Treated Lumber,2,12.88,21.252,Materials,0000 Uncategorized
22PXCEnsfpCP,Job 00547,Double Hung,1x6x18 Vinyl Trim Plank,2,54.9,90.585,Materials,0000 Uncategorized
22PXCEnsfpCP,Job 00547,Double Hung,"Window Casing, extension jamb, and Stool (misc trim)",,250,412.50000000000006,Labor,0000 Uncategorized
22PXCEnsfpCP,Job 00547,Double Hung,GREAT STUFF Smart Straw Window and Door Foam Sealant,4,8.18,13.66,Materials,0000 Uncategorized
22PXCEnsfpCP,Job 00547,Double Hung,"7/16"" OSB Sheathing Panel",3,17.37,29.01,Materials,0000 Uncategorized
22PXCEnsfpCP,Job 00547,Double Hung,2x4x10 Dimensional Lumber,12,5.62,9.273,Materials,0000 Uncategorized
22PXCEnsfpCP,Job 00547,Double Hung,"Typar Butyl Flashing Tape - 4"" W x 75' L",2,25.75,43,Materials,0000 Uncategorized
22PXCEnsfpCP,Job 00547,Double Hung,DAPALEX FLEX 10.1 oz. White Premium Molding and Trim Sealant,4,5.12,8.55,Materials,0000 Uncategorized
22PXCEnsfpCP,Job 00547,Double Hung,1x4x18 Vinyl Trim plank,3,34.2,57.12,Materials,0000 Uncategorized
22PXCEnsfpCP,Job 00547,Front Porch Deck Replacement with Stamped Concrete,Ezra Greene,,9000,13050,Labor,0000 Uncategorized
22PXCEnsfpCP,Job 00547,Front Porch Deck Replacement with Stamped Concrete,Custom Order Product,,1200,1980.0000000000002,Materials,0000 Uncategorized
22PXCEnsfpCP,Job 00547,Window Enlargement & New Window Installation,Miscellaneous supplies,,150,247.50000000000003,Materials,0000 Uncategorized
22PXCEnsfpCP,Job 00547,Window Enlargement & New Window Installation,dust control labor,8,55,89,Labor,0000 Uncategorized
22PXCEnsfpCP,Job 00547,Window Enlargement & New Window Installation,Plastic Sheeting,1,53.24,99.33,Materials,0000 Uncategorized
22PXCEnsfpCP,Job 00547,Window Enlargement & New Window Installation,Floor Covering - Econo Runner,2,121.79,200.96,Materials,0000 Uncategorized
22PXCEnsfpCP,Job 00547,Window Enlargement & New Window Installation,Custom Gallon Paint/Stain,4,60,99.00000000000001,Materials,2300 Painting
22PXCEnsfpCP,Job 00547,Window Enlargement & New Window Installation,2x8x16 Pressure Treated Lumber,2,12.88,21.252,Materials,0000 Uncategorized
22PXCEnsfpCP,Job 00547,Window Enlargement & New Window Installation,1x6x18 Vinyl Trim Plank,2,54.9,90.585,Materials,0000 Uncategorized
22PXCEnsfpCP,Job 00547,Window Enlargement & New Window Installation,"Window Casing, extension jamb, and Stool (misc trim)",,250,412.50000000000006,Labor,0000 Uncategorized
22PXCEnsfpCP,Job 00547,Window Enlargement & New Window Installation,GREAT STUFF Smart Straw Window and Door Foam Sealant,4,8.18,13.66,Materials,0000 Uncategorized
22PXCEnsfpCP,Job 00547,Window Enlargement & New Window Installation,"7/16"" OSB Sheathing Panel",3,17.37,29.01,Materials,0000 Uncategorized
22PXCEnsfpCP,Job 00547,Front Porch Deck Replacement with Stamped Concrete,Custom Order Product,,1200,1980.0000000000002,Materials,0000 Uncategorized
22PXCEnsfpCP,Job 00547,Front Porch Deck Replacement with Stamped Concrete,Ezra Greene,,9000,13050,Labor,0000 Uncategorized
22PXCEnsfpCP,Job 00547,Double Door Replacement,Miscellaneous supplies,,500,825.0000000000001,Materials,0000 Uncategorized
22PXCEnsfpCP,Job 00547,Double Door Replacement,Hourly Rate,40,55,89,Labor,210 In-House Labor
22PXCEnsfpCP,Job 00547,Double Door Replacement,Custom Order Exterior Door,,4774,6444.900000000001,Materials,0000 Uncategorized
22PXCEnsfpCP,Job 00547,Double Door Replacement,Haul Away,,228,350,Materials,0000 Uncategorized
22PXCEnsfpCP,Job 00547,Window Enlargement & New Window Installation,Miscellaneous supplies,,150,247.50000000000003,Materials,0000 Uncategorized
22PXCEnsfpCP,Job 00547,Window Enlargement & New Window Installation,dust control labor,8,55,89,Labor,0000 Uncategorized
22PXCEnsfpCP,Job 00547,Window Enlargement & New Window Installation,Plastic Sheeting,1,53.24,99.33,Materials,0000 Uncategorized
22PXCEnsfpCP,Job 00547,Window Enlargement & New Window Installation,Floor Covering - Econo Runner,2,121.79,200.96,Materials,0000 Uncategorized
22PXCEnsfpCP,Job 00547,Window Enlargement & New Window Installation,Custom Gallon Paint/Stain,4,60,99.00000000000001,Materials,2300 Painting
22PXCEnsfpCP,Job 00547,Window Enlargement & New Window Installation,2x8x16 Pressure Treated Lumber,2,12.88,21.252,Materials,0000 Uncategorized
22PXCEnsfpCP,Job 00547,Window Enlargement & New Window Installation,1x6x18 Vinyl Trim Plank,2,54.9,90.585,Materials,0000 Uncategorized
22PXCEnsfpCP,Job 00547,Window Enlargement & New Window Installation,"Window Casing, extension jamb, and Stool (misc trim)",,250,412.50000000000006,Labor,0000 Uncategorized
22PXCEnsfpCP,Job 00547,Window Enlargement & New Window Installation,GREAT STUFF Smart Straw Window and Door Foam Sealant,4,8.18,13.66,Materials,0000 Uncategorized
22PXCEnsfpCP,Job 00547,Window Enlargement & New Window Installation,"7/16"" OSB Sheathing Panel",3,17.37,29.01,Materials,0000 Uncategorized
22PXCEnsfpCP,Job 00547,Front Porch Deck Replacement with Stamped Concrete,Custom Order Product,,1200,1980.0000000000002,Materials,0000 Uncategorized
22PXCEnsfpCP,Job 00547,Front Porch Deck Replacement with Stamped Concrete,Ezra Greene,,9000,13050,Labor,0000 Uncategorized
22PXCEnsfpCP,Job 00547,Double Door Replacement,Haul Away,,228,350,Materials,0000 Uncategorized
22PXCEnsfpCP,Job 00547,Double Door Replacement,Miscellaneous supplies,,500,825.0000000000001,Materials,0000 Uncategorized
22PXCEnsfpCP,Job 00547,Double Door Replacement,Hourly Rate,40,55,89,Labor,210 In-House Labor
22PXCEnsfpCP,Job 00547,Double Door Replacement,Custom Order Exterior Door,,4774,6444.900000000001,Materials,0000 Uncategorized
22PXCEnsfpCP,Job 00547,Window Enlargement & New Window Installation,Miscellaneous supplies,,150,247.50000000000003,Materials,0000 Uncategorized
22PXCEnsfpCP,Job 00547,Window Enlargement & New Window Installation,dust control labor,8,55,89,Labor,0000 Uncategorized
22PXCEnsfpCP,Job 00547,Window Enlargement & New Window Installation,Plastic Sheeting,1,53.24,99.33,Materials,0000 Uncategorized
22PXCEnsfpCP,Job 00547,Window Enlargement & New Window Installation,Floor Covering - Econo Runner,2,121.79,200.96,Materials,0000 Uncategorized
22PXCEnsfpCP,Job 00547,Window Enlargement & New Window Installation,Custom Gallon Paint/Stain,4,60,99.00000000000001,Materials,2300 Painting
22PXCEnsfpCP,Job 00547,Window Enlargement & New Window Installation,2x8x16 Pressure Treated Lumber,2,12.88,21.252,Materials,0000 Uncategorized
22PXCEnsfpCP,Job 00547,Window Enlargement & New Window Installation,1x6x18 Vinyl Trim Plank,2,54.9,90.585,Materials,0000 Uncategorized
22PXCEnsfpCP,Job 00547,Window Enlargement & New Window Installation,"Window Casing, extension jamb, and Stool (misc trim)",,250,412.50000000000006,Labor,0000 Uncategorized
22PXCEnsfpCP,Job 00547,Window Enlargement & New Window Installation,GREAT STUFF Smart Straw Window and Door Foam Sealant,4,8.18,13.66,Materials,0000 Uncategorized
22PXCEnsfpCP,Job 00547,Window Enlargement & New Window Installation,"7/16"" OSB Sheathing Panel",3,17.37,29.01,Materials,0000 Uncategorized
22PXCEnsfpCP,Job 00547,Casement,Miscellaneous supplies,,150,247.50000000000003,Materials,0000 Uncategorized
22PXCEnsfpCP,Job 00547,Casement,dust control labor,8,55,89,Labor,0000 Uncategorized
22PXCEnsfpCP,Job 00547,Casement,Plastic Sheeting,1,53.24,99.33,Materials,0000 Uncategorized
22PXCEnsfpCP,Job 00547,Casement,Floor Covering - Econo Runner,2,121.79,200.96,Materials,0000 Uncategorized
22PXCEnsfpCP,Job 00547,Casement,Custom Gallon Paint/Stain,4,60,99.00000000000001,Materials,2300 Painting
22PXCEnsfpCP,Job 00547,Casement,2x8x16 Pressure Treated Lumber,2,12.88,21.252,Materials,0000 Uncategorized
22PXCEnsfpCP,Job 00547,Casement,1x6x18 Vinyl Trim Plank,2,54.9,90.585,Materials,0000 Uncategorized
22PXCEnsfpCP,Job 00547,Casement,"Window Casing, extension jamb, and Stool (misc trim)",,250,412.50000000000006,Labor,0000 Uncategorized
22PXCEnsfpCP,Job 00547,Casement,GREAT STUFF Smart Straw Window and Door Foam Sealant,4,8.18,13.66,Materials,0000 Uncategorized
22PXCEnsfpCP,Job 00547,Casement,"7/16"" OSB Sheathing Panel",3,17.37,29.01,Materials,0000 Uncategorized
22PXCHz3gdgb,Job 00549,Wood Siding/Trim Repairs,Custom Order Siding Material,1,150.1,250.667,Materials,0000 Uncategorized
22PXCHz3gdgb,Job 00549,Wood Siding/Trim Repairs,Hourly Rate,36,55,89,Labor,210 In-House Labor
22PXCHz3gdgb,Job 00549,Wood Siding/Trim Repairs,Misc Material,1,59.83,99.9161,Materials,0000 Uncategorized
22PXCHz3gdgb,Job 00549,Wood Siding/Trim Repairs,Frogtape Pro Grade 6 in. x 75 ft. Advanced Acrylic Adhesive Flashing Tape for Windows and Doors,1,58.28,97.3276,Materials,0000 Uncategorized
22PXCHz3gdgb,Job 00549,Wood Siding/Trim Repairs,1x4x18 Vinyl Trim plank,1,34.2,57.12,Materials,0000 Uncategorized
22PXCHz3gdgb,Job 00549,Wood Siding/Trim Repairs,1x6x18 Vinyl Trim Plank,1,54.9,91.683,Materials,0000 Uncategorized
22PXCHz3gdgb,Job 00549,Wood Siding/Trim Repairs,1050 Quick Dry Siliconized Acrylic Latex Caulk,1,3.31,5.5277,Materials,0000 Uncategorized
22PXCHz3gdgb,Job 00549,Wood Siding/Trim Repairs,Custom Order Siding Material,,0,0,Materials,0000 Uncategorized
22PXCHz3gdgb,Job 00549,Wood Siding/Trim Repairs,Hourly Rate,36,55,89,Labor,210 In-House Labor
22PXCHz3gdgb,Job 00549,Wood Siding/Trim Repairs,Custom Order Siding Material,,0,,Materials,0000 Uncategorized
22PXCHz3gdgb,Job 00549,Wood Siding/Trim Repairs,Hourly Rate,36,55,,Labor,210 In-House Labor
22PXCHz3gdgb,Job 00549,Wood Siding/Trim Repairs,Misc Material,1,59.83,99.9161,Materials,0000 Uncategorized
22PXCHz3gdgb,Job 00549,Wood Siding/Trim Repairs,1x4x18 Vinyl Trim plank,1,34.2,57.12,Materials,0000 Uncategorized
22PXCHz3gdgb,Job 00549,Wood Siding/Trim Repairs,1x6x18 Vinyl Trim Plank,1,54.9,91.683,Materials,0000 Uncategorized
22PXCHz3gdgb,Job 00549,Wood Siding/Trim Repairs,Frogtape Pro Grade 6 in. x 75 ft. Advanced Acrylic Adhesive Flashing Tape for Windows and Doors,1,58.28,97.3276,Materials,0000 Uncategorized
22PXCHz3gdgb,Job 00549,Wood Siding/Trim Repairs,1050 Quick Dry Siliconized Acrylic Latex Caulk,1,3.31,5.5277,Materials,0000 Uncategorized
22PXCHz3gdgb,Job 00549,Wood Siding/Trim Repairs,Custom Order Siding Material,1,150.1,250.667,Materials,0000 Uncategorized
22PXCHz3gdgb,Job 00549,Wood Siding/Trim Repairs,Custom Order Siding Material,1,150.1,250.67,Materials,0000 Uncategorized
22PXCHz3gdgb,Job 00549,Wood Siding/Trim Repairs,Misc Material,1,59.82999999999999,99.92,Materials,0000 Uncategorized
22PXCHz3gdgb,Job 00549,Wood Siding/Trim Repairs,1x4x18 Vinyl Trim plank,1,34.2,57.12,Materials,0000 Uncategorized
22PXCHz3gdgb,Job 00549,Wood Siding/Trim Repairs,1x6x18 Vinyl Trim Plank,1,54.9,91.68,Materials,0000 Uncategorized
22PXCHz3gdgb,Job 00549,Wood Siding/Trim Repairs,Frogtape Pro Grade 6 in. x 75 ft. Advanced Acrylic Adhesive Flashing Tape for Windows and Doors,1,58.279999999999994,97.33,Materials,0000 Uncategorized
22PXCHz3gdgb,Job 00549,Wood Siding/Trim Repairs,1050 Quick Dry Siliconized Acrylic Latex Caulk,1,3.3099999999999996,5.53,Materials,0000 Uncategorized
22PXCHz3gdgb,Job 00549,Wood Siding/Trim Repairs,Hourly Rate,36,54.99999999999999,89,Labor,210 In-House Labor
22PXGHWVYdCu,Job 00550,"2.5.3,4 - Gutter Repairs","3""x4"" White Aluminum Downspout Elbow ""A""",1,6.28,10.49,Materials,0000 Uncategorized
22PXGHWVYdCu,Job 00550,"2.5.3,4 - Gutter Repairs",Dap Butyl-Flex 10.1 oz. White Gutter and Flashing Sealant,,9.98,18.46,Materials,0000 Uncategorized
22PXGHWVYdCu,Job 00550,"2.5.3,4 - Gutter Repairs",Hourly Rate,4,55,89,Labor,210 In-House Labor
22PXGHWVYdCu,Job 00550,4.3.2 - Subfloor/Structural Evaluation,Hourly Rate,1.7,55,88.23529411764706,Labor,210 In-House Labor
22PXGHWVYdCu,Job 00550,4.4.2 - Repair Bi-Fold Closet Door,Hourly Rate,4,55,89,Labor,210 In-House Labor
22PXGHWVYdCu,Job 00550,4.6.3 - Kitchen Cabinet Backing Repair,Semi-gloss Ultra White Acrylic Interior/Exterior Door and Trim Paint (1-Gallon),,33.12,54.648,Materials,2300 Painting
22PXGHWVYdCu,Job 00550,4.6.3 - Kitchen Cabinet Backing Repair,Hourly Rate,3,55,89,Labor,210 In-House Labor
22PXGHWVYdCu,Job 00550,7.4.1 - Sink Drain Repair,Oatey 1-1/4 in. White Plastic Sink Drain P- Trap,,4.69,7.738500000000002,Materials,0000 Uncategorized
22PXGHWVYdCu,Job 00550,7.4.1 - Sink Drain Repair,Hourly Rate,2,55,89,Labor,210 In-House Labor
22PXGHWVYdCu,Job 00550,9.4.2 - Breaker Replacement,Single Pole Breaker,8,8,13.36,Materials,0000 Uncategorized
22PXGHWVYdCu,Job 00550,9.4.2 - Breaker Replacement,Hourly Rate,2,55,89,Labor,210 In-House Labor
22PXGHWVYdCu,Job 00550,9.7.1 - Light Bulb Replacement,Light Bulb (Standard),40,1.04,1.74,Materials,0000 Uncategorized
22PXGHWVYdCu,Job 00550,9.7.1 - Light Bulb Replacement,Hourly Rate,2,55,89,Labor,210 In-House Labor
22PXGHWVYdCu,Job 00550,12.6.1 - Subfloor Repair (Crawlspace),Hourly Rate,4,55,89,Labor,210 In-House Labor
22PXGHWVYdCu,Job 00550,13.2.4 - Crawlspace Moisture Mitigation Evaluation,Hourly Rate,1.7,55,88.23529411764706,Labor,210 In-House Labor
22PXGHWVYdCu,Job 00550,"2.5.3,4 - Gutter Repairs","3""x4"" White Aluminum Downspout Elbow ""A""",1,6.28,10.49,Materials,0000 Uncategorized
22PXGHWVYdCu,Job 00550,"2.5.3,4 - Gutter Repairs",Dap Butyl-Flex 10.1 oz. White Gutter and Flashing Sealant,,9.98,18.46,Materials,0000 Uncategorized
22PXGHWVYdCu,Job 00550,"2.5.3,4 - Gutter Repairs",Hourly Rate,4,55,89,Labor,210 In-House Labor
22PXXek9CEqA,Job 00554,"3.3.1, 3.3.3, 3.4.1, 3.4.2 - Front Door Wood Rot/Moisture Damage Repairs",Hourly Rate,10,55,89,Labor,210 In-House Labor
22PXXek9CEqA,Job 00554,"3.3.1, 3.3.3, 3.4.1, 3.4.2 - Front Door Wood Rot/Moisture Damage Repairs",Miscellaneous,,200,330.00000000000006,Materials,0000 Uncategorized
22PXXek9CEqA,Job 00554,3.6.1 - Single Pane Window Replacement,DAP 10.1 oz. Latex Window Glazing,,8.14,13.59,Materials,0000 Uncategorized
22PXXek9CEqA,Job 00554,3.6.1 - Single Pane Window Replacement,Lasko Window Glazing Points,,2.48,4.14,Materials,0000 Uncategorized
22PXXek9CEqA,Job 00554,3.6.1 - Single Pane Window Replacement,Single Window Pane,,200,334,Materials,0000 Uncategorized
22PXXek9CEqA,Job 00554,3.6.1 - Single Pane Window Replacement,Hourly Rate,6,55,89,Labor,210 In-House Labor
22PXXek9CEqA,Job 00554,"3.8.1, 3.8.2 - Loose Vinyl Soffit Repairs",Hourly Rate,4,55,89,Labor,210 In-House Labor
22PXXek9CEqA,Job 00554,4.2.1 - Gutters & Downspouts Cleaning,Hourly Rate,6,55,89,Labor,210 In-House Labor
22PXXek9CEqA,Job 00554,4.2.2 - Downspout Extender Installation,Hourly Rate,1.5,55,89,Labor,210 In-House Labor
22PXXek9CEqA,Job 00554,4.2.2 - Downspout Extender Installation,Downspout Extender,,8.97,14.98,Materials,0000 Uncategorized
22PXXek9CEqA,Job 00554,6.1.1 - Expansion Tank Installation,Plumbers Of Greenville,,450,652.5,Labor,0000 Uncategorized
22PXXek9CEqA,Job 00554,6.1.2 - Water Heater Flue Vent Evaluation,Plumbers Of Greenville,,100,145,Labor,0000 Uncategorized
22PXXek9CEqA,Job 00554,"7.1.1, 7.2.1, 7.2.3 - Clogged Drain Repair",Plumbers Of Greenville,,150,217.49999999999997,Labor,0000 Uncategorized
22PXXek9CEqA,Job 00554,"7.2.2, 7.2.5 - Bathtub Faucet/Spout Repair",Plumbers Of Greenville,,300,434.99999999999994,Labor,0000 Uncategorized
22PXXek9CEqA,Job 00554,7.2.4 - Loose Shower Arm Repair,Plumbers Of Greenville,,200,290,Labor,0000 Uncategorized
22PXXwuBT7TY,Job 00555,Fascia/Soffit Repair (Wood),Hourly Rate,10,55,89,Labor,210 In-House Labor
22PXXwuBT7TY,Job 00555,Fascia/Soffit Repair (Wood),2x6x10 Dimensional Lumber,,13.05,21.533,Materials,0000 Uncategorized
22PXXwuBT7TY,Job 00555,Fascia/Soffit Repair (Wood),2x4x10 Dimensional Lumber,,5.62,9.273,Materials,0000 Uncategorized
22PXXwuBT7TY,Job 00555,Fascia/Soffit Repair (Wood),Lexel Clear Paintable Solvent Caulk,,11.28,18.612000000000002,Materials,6000 Completion
22PXXwuBT7TY,Job 00555,Fascia/Soffit Repair (Wood),1050 Quick Dry Siliconized Acrylic Latex Caulk,,3.31,5.462,Materials,0000 Uncategorized
22PXXwuBT7TY,Job 00555,Fascia/Soffit Repair (Wood),Custom Gallon Paint/Stain,,60,99.00000000000001,Materials,2300 Painting
22PXXwuBT7TY,Job 00555,Fascia/Soffit Repair (Wood),1-in x 8-in x 8-ft Unfinished #3 Better S1S2E Cedar,3,26,43.42000000000001,Materials,450 Siding & Trim
22PXXwuBT7TY,Job 00555,Attic Water Heater Remove/Dispose,Hourly Rate,6,55,89,Labor,210 In-House Labor
22PXXwuBT7TY,Job 00555,HVAC Evaluation,HVAC,,250,362.5,Subcontractor,110 Project Management
22PXXwuBT7TY,Job 00555,Extend Condensate Line,Charlotte Pipe 3/4 in. x 10 ft. PVC Schedule 40 Pressure Plain-End Pipe,,6.56,10.96,Materials,0000 Uncategorized
22PXXwuBT7TY,Job 00555,Extend Condensate Line,Charlotte Pipe 3/4 in. PVC Schedule 40 S x S Coupling,,0.52,0.83,Materials,0000 Uncategorized
22PXXwuBT7TY,Job 00555,Extend Condensate Line,Charlotte Pipe 3/4 in. PVC Schedule. 40 90° S x S Elbow Fitting,,0.73,1.22,Materials,0000 Uncategorized
22PXXwuBT7TY,Job 00555,Extend Condensate Line,Hourly Rate,1,55,89,Labor,210 In-House Labor
22PXXwuBT7TY,Job 00555,Water Heater Drain Pan Installation,Hourly Rate,6,55,89,Labor,210 In-House Labor
22PXXwuBT7TY,Job 00555,Water Heater Drain Pan Installation,Everbilt 24 in. Plastic Drain Pan,,10.98,18.34,Materials,0000 Uncategorized
22PXXwuBT7TY,Job 00555,Fascia/Soffit Repair (Wood),1-in x 8-in x 8-ft Unfinished #3 Better S1S2E Cedar,3,26,43.42000000000001,Materials,450 Siding & Trim
22PXXwuBT7TY,Job 00555,Fascia/Soffit Repair (Wood),Hourly Rate,10,55,89,Labor,210 In-House Labor
22PXXwuBT7TY,Job 00555,Fascia/Soffit Repair (Wood),2x6x10 Dimensional Lumber,,13.05,21.533,Materials,0000 Uncategorized
22PXXwuBT7TY,Job 00555,Fascia/Soffit Repair (Wood),2x4x10 Dimensional Lumber,,5.62,9.273,Materials,0000 Uncategorized
22PXXwuBT7TY,Job 00555,Fascia/Soffit Repair (Wood),Lexel Clear Paintable Solvent Caulk,,11.28,18.612000000000002,Materials,6000 Completion
22PXXwuBT7TY,Job 00555,Fascia/Soffit Repair (Wood),1050 Quick Dry Siliconized Acrylic Latex Caulk,,3.31,5.462,Materials,0000 Uncategorized
22PXXwuBT7TY,Job 00555,Fascia/Soffit Repair (Wood),Custom Gallon Paint/Stain,,60,99.00000000000001,Materials,2300 Painting
22PXXwuBT7TY,Job 00555,Attic Water Heater Remove/Dispose,Hourly Rate,6,55,89,Labor,210 In-House Labor
22PXXwuBT7TY,Job 00555,HVAC Evaluation,HVAC,,250,362.5,Subcontractor,110 Project Management
22PXXwuBT7TY,Job 00555,Extend Condensate Line,Charlotte Pipe 3/4 in. x 10 ft. PVC Schedule 40 Pressure Plain-End Pipe,,6.56,10.96,Materials,0000 Uncategorized
22PXXwuBT7TY,Job 00555,Extend Condensate Line,Charlotte Pipe 3/4 in. PVC Schedule 40 S x S Coupling,,0.52,0.83,Materials,0000 Uncategorized
22PXXwuBT7TY,Job 00555,Extend Condensate Line,Charlotte Pipe 3/4 in. PVC Schedule. 40 90° S x S Elbow Fitting,,0.73,1.22,Materials,0000 Uncategorized
22PXXwuBT7TY,Job 00555,Extend Condensate Line,Hourly Rate,1,55,89,Labor,210 In-House Labor
22PXXwuBT7TY,Job 00555,Water Heater Drain Pan Installation,Everbilt 24 in. Plastic Drain Pan,,10.98,18.34,Materials,0000 Uncategorized
22PXXwuBT7TY,Job 00555,Water Heater Drain Pan Installation,Hourly Rate,6,55,89,Labor,210 In-House Labor
22PXYefxaRWP,Job 00556,Pipe Insulation Install,Armacell 2 in. x 30 ft. R-1 Foam Insulation Tape,,12.1,20.21,Materials,0000 Uncategorized
22PXYefxaRWP,Job 00556,Pipe Insulation Install,Hourly Rate,7,55,89,Labor,210 In-House Labor
22PXYefxaRWP,Job 00556,Pipe Insulation Install,Everbilt 1/2 in. x 6 ft. Foam Self-Seal Pipe Insulation,18,3.68,6.149966101694915,Materials,0000 Uncategorized
22PXYefxaRWP,Job 00556,Pipe Insulation Install,Everbilt 3/4 in. x 6 ft. Foam Self-Seal Pipe Insulation,18,3.78,6.3170847457627115,Materials,0000 Uncategorized
22PXYefxaRWP,Job 00556,Pipe Insulation Install,Nashua Tape 1.89 in. x 50 yd. 322 Multi-Purpose HVAC Foil Duct Tape,,12.1,20.21,Materials,0000 Uncategorized
22PXYefxaRWP,Job 00556,Pipe Insulation Install,Hourly Rate,7,55,89,Labor,210 In-House Labor
22PXYefxaRWP,Job 00556,Pipe Insulation Install,Everbilt 1/2 in. x 6 ft. Foam Self-Seal Pipe Insulation,18,3.68,6.149966101694915,Materials,0000 Uncategorized
22PXYefxaRWP,Job 00556,Pipe Insulation Install,Everbilt 3/4 in. x 6 ft. Foam Self-Seal Pipe Insulation,18,3.78,6.3170847457627115,Materials,0000 Uncategorized
22PXYefxaRWP,Job 00556,Pipe Insulation Install,Armacell 2 in. x 30 ft. R-1 Foam Insulation Tape,,12.1,,Materials,0000 Uncategorized
22PXYefxaRWP,Job 00556,Pipe Insulation Install,Hourly Rate,7,55,,Labor,210 In-House Labor
22PXYefxaRWP,Job 00556,Pipe Insulation Install,Everbilt 1/2 in. x 6 ft. Foam Self-Seal Pipe Insulation,18,3.6799999999999997,,Materials,0000 Uncategorized
22PXYefxaRWP,Job 00556,Pipe Insulation Install,Everbilt 3/4 in. x 6 ft. Foam Self-Seal Pipe Insulation,18,3.7800000000000002,,Materials,0000 Uncategorized
22PXaypcYF2z,Job 00557,3.6.3 - Single Pane Window Glass Replacement,Hourly Rate,3,55,89,Labor,210 In-House Labor
22PXaypcYF2z,Job 00557,3.6.3 - Single Pane Window Glass Replacement,DAP 10.1 oz. Latex Window Glazing,,8.14,13.59,Materials,0000 Uncategorized
22PXaypcYF2z,Job 00557,3.6.3 - Single Pane Window Glass Replacement,Lasko Window Glazing Points,,2.48,4.14,Materials,0000 Uncategorized
22PXaypcYF2z,Job 00557,3.6.3 - Single Pane Window Glass Replacement,Single Window Pane,,50,83.49999999999999,Materials,0000 Uncategorized
22PXaypcYF2z,Job 00557,"3.10.1,2 - Soffit/Fascia Wood Rot Repairs",Hourly Rate,10,55,89,Labor,210 In-House Labor
22PXaypcYF2z,Job 00557,"3.10.1,2 - Soffit/Fascia Wood Rot Repairs",Ply Gem 12.75 in x 0.5 in Rectangular Triple 4 in. Economy Solid Vinyl Soffit - Non-Ventilated,,22.17,41.02,Materials,0000 Uncategorized
22PXaypcYF2z,Job 00557,"3.10.1,2 - Soffit/Fascia Wood Rot Repairs",2x6x8 PT,1,9.09,15.180186799501872,Materials,0000 Uncategorized
22PXaypcYF2z,Job 00557,"3.10.1,2 - Soffit/Fascia Wood Rot Repairs",2x4x8 PT,1,6.19,10.34,Materials,0000 Uncategorized
22PXaypcYF2z,Job 00557,"5.2.2,3,4 - Gutter Repairs",Hourly Rate,4,55,89,Labor,210 In-House Labor
22PXaypcYF2z,Job 00557,"5.2.2,3,4 - Gutter Repairs",Dap Butyl-Flex 10.1 oz. White Gutter and Flashing Sealant,,9.98,18.46,Materials,0000 Uncategorized
22PXaypcYF2z,Job 00557,6.1.1 - Water Pressure Adjustment,Plumbers of Greenville,,75,107.14285714285715,Labor,0000 Uncategorized
22PXaypcYF2z,Job 00557,6.2.1 - Plumbing Pipe Inspection,Plumbers of Greenville,,150,214.2857142857143,Labor,0000 Uncategorized
22PXaypcYF2z,Job 00557,6.3.1 - Cast Iron Drain Leak Repair,Plumbers of Greenville,,850,1214.2857142857144,Labor,0000 Uncategorized
22PXaypcYF2z,Job 00557,6.3.2 - Drum Trap Drain Replacement,Plumbers of Greenville,,500,714.2857142857143,Labor,0000 Uncategorized
22PXaypcYF2z,Job 00557,6.6.1 - Gas Bonding Installation,Redland Electric,,450,652.5,Subcontractor,220 Subcontractor Labor
22PXaypcYF2z,Job 00557,7.1.1 - Expansion Tank Installation,Plumbers of Greenville,,400,571.4285714285714,Labor,0000 Uncategorized
22PXaypcYF2z,Job 00557,7.1.2 - Water Heater Flue Pipe Repair,Plumbers of Greenville,,75,107.14285714285715,Labor,0000 Uncategorized
22PXbWrkXSwk,108 N Poinsett Hwy,Site Visit/Estimate Fee,Fee,,0,200,Labor,0000 Uncategorized
22PXbWrkXSwk,108 N Poinsett Hwy,Site Visit/Estimate Fee,Fee,,0,200,Labor,0000 Uncategorized
22PXbkxV6nXZ,Job 00561,2.9.1 - Exterior Door Lower Jamb/Casing Repair,"Brick Moulding 1-63/64"" x 1-15/64"" x 10' PVC",,21.14,34.88100000000001,Materials,1500 Doors & Windows
22PXbkxV6nXZ,Job 00561,2.9.1 - Exterior Door Lower Jamb/Casing Repair,Semi-gloss Ultra White Acrylic Interior/Exterior Door and Trim Paint (1-Gallon),1,33.12,54.648,Materials,2300 Painting
22PXbkxV6nXZ,Job 00561,2.9.1 - Exterior Door Lower Jamb/Casing Repair,3M Bondo Interior/ Exterior Waterproof 41 oz.,1,31.68,52.272000000000006,Materials,0000 Uncategorized
22PXbkxV6nXZ,Job 00561,2.9.1 - Exterior Door Lower Jamb/Casing Repair,Composite Shim,1,2.23,3.6795000000000004,Materials,0000 Uncategorized
22PXbkxV6nXZ,Job 00561,2.9.1 - Exterior Door Lower Jamb/Casing Repair,Vinyl Door Jamb,1,65.96,108.834,Materials,1500 Doors & Windows
22PXbkxV6nXZ,Job 00561,2.9.1 - Exterior Door Lower Jamb/Casing Repair,Hourly Rate,5,55,89,Labor,210 In-House Labor
22PXbkxV6nXZ,Job 00561,3.6.2 - Chimney Cap Install,Chimney Cap,,400,668,Materials,0000 Uncategorized
22PXbkxV6nXZ,Job 00561,3.6.2 - Chimney Cap Install,Henry 208R Rubberized Wet Patch 10.1 oz Roof Cement Leak Repair,,7.24,12.09,Materials,0000 Uncategorized
22PXbkxV6nXZ,Job 00561,3.6.2 - Chimney Cap Install,Return trip for finishing,2,55,89,Materials,0000 Uncategorized
22PXbkxV6nXZ,Job 00561,3.6.2 - Chimney Cap Install,Hourly Rate,4,55,89,Labor,210 In-House Labor
22PXbkxV6nXZ,Job 00561,3.7.1 - Downspout Extension Repair,Hourly Rate,2.5,55,89,Labor,210 In-House Labor
22PXbkxV6nXZ,Job 00561,3.7.1 - Downspout Extension Repair,Downspout Extender,,8.97,14.98,Materials,0000 Uncategorized
22PXbkxV6nXZ,Job 00561,8.2.1 - Loose Countertop Repair,Hourly Rate,2,55,89,Labor,210 In-House Labor
22PXbkxV6nXZ,Job 00561,8.2.1 - Loose Countertop Repair,1050 Quick Dry Siliconized Acrylic Latex Caulk,1,3.31,5.462,Materials,0000 Uncategorized
22PXbkxV6nXZ,Job 00561,8.3.2 - Sink Faucet Repair,Hourly Rate,1.5,55,89,Labor,210 In-House Labor
22PXbkxV6nXZ,Job 00561,8.3.3 - Sink Drain Repair,Oatey 1-1/4 in. White Plastic Sink Drain P- Trap,,4.69,0,Materials,0000 Uncategorized
22PXbkxV6nXZ,Job 00561,8.3.3 - Sink Drain Repair,Hourly Rate,2,55,89,Labor,210 In-House Labor
22PXbkxV6nXZ,Job 00561,8.6.1 - Shower Head Repair,Hourly Rate,1,55,89,Labor,210 In-House Labor
22PXbkxV6nXZ,Job 00561,9.3.2 - Dryer Vent Cap Replacement,Tapcon 1/4 in. x 1-1/4 in. Hex-Washer-Head Concrete Anchors (75-Pack),,21.64,36.14,Materials,0000 Uncategorized
22PXbkxV6nXZ,Job 00561,9.3.2 - Dryer Vent Cap Replacement,Lexel Clear Paintable Solvent Caulk,,11.28,18.612000000000002,Materials,6000 Completion
22PXbkxV6nXZ,Job 00561,9.3.2 - Dryer Vent Cap Replacement,Everbilt Wide Mouth Dryer Vent Hood in White,,15.89,26.54,Materials,0000 Uncategorized
22PXbkxV6nXZ,Job 00561,9.3.2 - Dryer Vent Cap Replacement,Hourly Rate,2,55,89,Labor,210 In-House Labor
22PXbkxV6nXZ,Job 00561,11.3.1 - HVAC Evaluation,Eastergard,,250,357.14285714285717,Labor,0000 Uncategorized
22PXbkxV6nXZ,Job 00561,12.9.2 - GFCI Outlet Installation,1-Gang GFCI/Rocker Switch Cover Plate,,0.78,1.42,Materials,0000 Uncategorized
22PXbkxV6nXZ,Job 00561,12.9.2 - GFCI Outlet Installation,15 Amp GFCI Outlet,,22.36,37.34,Materials,0000 Uncategorized
22PXbkxV6nXZ,Job 00561,12.9.2 - GFCI Outlet Installation,Hourly Rate,2,55,89,Labor,210 In-House Labor
22PXeS5JUfBV,Job 00562,3.3.1 - Roof Evaluation and Selective Shingle Replacement,Roofing,,2000,3300.0000000000005,Materials,0000 Uncategorized
22PXeS5JUfBV,Job 00562,4.1.1 - Vinyl Siding Repairs,Miscellaneous,,200,330.00000000000006,Materials,0000 Uncategorized
22PXeS5JUfBV,Job 00562,4.1.1 - Vinyl Siding Repairs,Hourly Rate,16,55,89,Labor,210 In-House Labor
22PXeS5JUfBV,Job 00562,4.7.1 - Brick Retaining Wall Repair,Vindas Masonry,,650,942.4999999999999,Labor,220 Subcontractor Labor
22PXeS5JUfBV,Job 00562,5.2.2 - Crawlspace Moisture Inspection,Crawlspace Medic,,150,217.49999999999997,Labor,220 Subcontractor Labor
22PXeS5JUfBV,Job 00562,14.1.1 - Expansion Tank Installation,Plumbers Of Greenville,,445,645.25,Labor,220 Subcontractor Labor
22PXeS5JUfBV,Job 00562,15.5.1 - Crawlspace Insulation Installation,Crawlspace Medic,,1200,1739.9999999999998,Labor,220 Subcontractor Labor
22PXeS5JUfBV,Job 00562,15.3.1 - Foundation Vent Screen Replacement,Crawlspace Medic,,150,217.49999999999997,Labor,220 Subcontractor Labor
22PXeS5JUfBV,Job 00562,16.8.1 - Attic Pulldown Stair Adjustment,Hourly Rate,2,55,89,Labor,210 In-House Labor
22PXeS5JUfBV,Job 00562,"11.5.1, 12.5.1 - Shower Head Repairs",Plumbers Of Greenville,,125,178.57142857142858,Labor,220 Subcontractor Labor
22PXeS5JUfBV,Job 00562,"11.6.1, 14.10.1 - Clogged Drain Repair",Plumbers Of Greenville,,150,214.2857142857143,Labor,220 Subcontractor Labor
22PXhmLs7nuT,Job 00563,Garage Door Framing,Ezra Greene,,2800,4059.9999999999995,Labor,0000 Uncategorized
22PXhmLs7nuT,Job 00563,Garage Door Installation,Garage Door Company,,3827,5549.15,Labor,0000 Uncategorized
22PXhmLs7nuT,Job 00563,Siding/Trim/Drywall Repairs,Hourly Rate,30,55,89,Labor,210 In-House Labor
22PXhmLs7nuT,Job 00563,Siding/Trim/Drywall Repairs,Miscellaneous,,500,825.0000000000001,Materials,0000 Uncategorized
22PXhmLs7nuT,Job 00563,Garage Door Framing,Ezra Greene,,2800,4059.9999999999995,Labor,0000 Uncategorized
22PXhmLs7nuT,Job 00563,Garage Door Installation,Garage Door Company,,3827,5549.15,Labor,0000 Uncategorized
22PXhmLs7nuT,Job 00563,Siding/Trim/Drywall Repairs,Miscellaneous,,500,825.0000000000001,Materials,0000 Uncategorized
22PXhmLs7nuT,Job 00563,Siding/Trim/Drywall Repairs,Hourly Rate,30,55,89,Labor,210 In-House Labor
22PXhn9Ukubq,Job 00564,Deck Refinishing,Renew Painting,,3000,4350,Labor,0000 Uncategorized
22PXhn9Ukubq,Job 00564,Primary Closet Shelf Relocation,Miscellaneous,,40,66.00000000000001,Materials,0000 Uncategorized
22PXhn9Ukubq,Job 00564,Primary Closet Shelf Relocation,Custom Gallon Paint/Stain,0.5,60,99.00000000000001,Materials,2300 Painting
22PXhn9Ukubq,Job 00564,Primary Closet Shelf Relocation,Hourly Rate,6,55,89,Labor,210 In-House Labor
22PXhn9Ukubq,Job 00564,Misc. Repairs,Miscellaneous,,200,330.00000000000006,Materials,0000 Uncategorized
22PXhn9Ukubq,Job 00564,Misc. Repairs,Hourly Rate,26,55,89,Labor,210 In-House Labor
22PXhn9Ukubq,Job 00564,Misc. Repairs,Font Door Hardware,,200,330.00000000000006,Labor,0000 Uncategorized
22PXhn9Ukubq,Job 00564,Deck Refinishing,Renew Painting,,3000,4350,Labor,0000 Uncategorized
22PXhn9Ukubq,Job 00564,Primary Closet Shelf Relocation,Miscellaneous,,40,66.00000000000001,Materials,0000 Uncategorized
22PXhn9Ukubq,Job 00564,Primary Closet Shelf Relocation,Custom Gallon Paint/Stain,0.5,60,99.00000000000001,Materials,2300 Painting
22PXhn9Ukubq,Job 00564,Primary Closet Shelf Relocation,Hourly Rate,6,55,89,Labor,210 In-House Labor
22PXhn9Ukubq,Job 00564,Misc. Repairs,Miscellaneous,,150,247.50000000000003,Materials,0000 Uncategorized
22PXhn9Ukubq,Job 00564,Misc. Repairs,Hourly Rate,24,55,89,Labor,210 In-House Labor
22PXhn9Ukubq,Job 00564,Deck Refinishing,Renew Painting,,3000,4350,Labor,0000 Uncategorized
22PXhn9Ukubq,Job 00564,Primary Closet Shelf Relocation,Miscellaneous,,40,66.00000000000001,Materials,0000 Uncategorized
22PXhn9Ukubq,Job 00564,Primary Closet Shelf Relocation,Custom Gallon Paint/Stain,0.5,60,99.00000000000001,Materials,2300 Painting
22PXhn9Ukubq,Job 00564,Primary Closet Shelf Relocation,Hourly Rate,6,55,89,Labor,210 In-House Labor
22PXhn9Ukubq,Job 00564,Misc. Repairs,Font Door Hardware,,200,330.00000000000006,Labor,0000 Uncategorized
22PXhn9Ukubq,Job 00564,Misc. Repairs,Miscellaneous,,200,330.00000000000006,Materials,0000 Uncategorized
22PXhn9Ukubq,Job 00564,Misc. Repairs,Hourly Rate,26,55,89,Labor,210 In-House Labor
22PXhq7Ce3YU,Job 00565,Deck Project,Demo (labor),,550,770.0000000000001,Labor,0000 Uncategorized
22PXhq7Ce3YU,Job 00565,Deck Project,Deck Stairs (labor),,900,1260.0000000000002,Labor,0000 Uncategorized
22PXhq7Ce3YU,Job 00565,Deck Project,Wood Railing (labor),,1500,2100.0000000000005,Labor,0000 Uncategorized
22PXhq7Ce3YU,Job 00565,Deck Project,Under Pinning (materials),,300,420.00000000000006,Labor,0000 Uncategorized
22PXhq7Ce3YU,Job 00565,Deck Project,Stain/Seal,,2600,3640.0000000000005,Labor,0000 Uncategorized
22PXhq7Ce3YU,Job 00565,Deck Project,Deck Stairs (materials),,200,280.00000000000006,Labor,0000 Uncategorized
22PXhq7Ce3YU,Job 00565,Deck Project,Demo (dumpster/haul away),,300,420.00000000000006,Labor,0000 Uncategorized
22PXhq7Ce3YU,Job 00565,Deck Project,Wood Railing (materials),,1300,1820.0000000000002,Labor,0000 Uncategorized
22PXhq7Ce3YU,Job 00565,Deck Project,Under Pinning (labor),,1000,1400.0000000000002,Labor,0000 Uncategorized
22PXhq7Ce3YU,Job 00565,Deck Project,Structural Beam Install,,1000,1400.0000000000002,Labor,0000 Uncategorized
22PXhq7Ce3YU,Job 00565,Decking Options,Pressure Treated Wood (labor),,1000,1400.0000000000002,Labor,0000 Uncategorized
22PXhq7Ce3YU,Job 00565,Decking Options,Composite - Timbertech AZEK (labor),,1500,2100.0000000000005,Labor,0000 Uncategorized
22PXhq7Ce3YU,Job 00565,Decking Options,Pressure Treated Wood (materials),,700,980.0000000000001,Labor,0000 Uncategorized
22PXhq7Ce3YU,Job 00565,Decking Options,Composite - Timbertech AZEK (materials),,2900,4060.0000000000005,Labor,0000 Uncategorized
22PXhq7Ce3YU,Job 00565,Composite,Composite - Timbertech AZEK (labor),,1500,2100.0000000000005,Labor,0000 Uncategorized
22PXhq7Ce3YU,Job 00565,Composite,Composite - Timbertech AZEK (materials),,2900,4060.0000000000005,Labor,0000 Uncategorized
22PXhq7Ce3YU,Job 00565,Pressure Treated Wood,Pressure Treated Wood (labor),,1000,1400.0000000000002,Labor,0000 Uncategorized
22PXhq7Ce3YU,Job 00565,Pressure Treated Wood,Pressure Treated Wood (materials),,700,980.0000000000001,Labor,0000 Uncategorized
22PXhq7Ce3YU,Job 00565,Deck Project,Demo (labor),,550,770.0000000000001,Labor,0000 Uncategorized
22PXhq7Ce3YU,Job 00565,Deck Project,Demo (dumpster/haul away),,300,420.00000000000006,Labor,0000 Uncategorized
22PXhq7Ce3YU,Job 00565,Deck Project,Deck Stairs (labor),,900,1260.0000000000002,Labor,0000 Uncategorized
22PXhq7Ce3YU,Job 00565,Deck Project,Deck Stairs (materials),,200,280.00000000000006,Labor,0000 Uncategorized
22PXhq7Ce3YU,Job 00565,Deck Project,Wood Railing (labor),,1500,2100.0000000000005,Labor,0000 Uncategorized
22PXhq7Ce3YU,Job 00565,Deck Project,Wood Railing (materials),,1300,1820.0000000000002,Labor,0000 Uncategorized
22PXhq7Ce3YU,Job 00565,Deck Project,Under Pinning (labor),,1000,1400.0000000000002,Labor,0000 Uncategorized
22PXhq7Ce3YU,Job 00565,Deck Project,Under Pinning (materials),,300,420.00000000000006,Labor,0000 Uncategorized
22PXhq7Ce3YU,Job 00565,Deck Project,Structural Beam Install,,1000,1400.0000000000002,Labor,0000 Uncategorized
22PXhq7Ce3YU,Job 00565,Deck Project,Stain/Seal,,2600,3640.0000000000005,Labor,0000 Uncategorized
22PXhq7Ce3YU,Job 00565,Decking Options,Composite - Timbertech AZEK (materials),,2900,4060.0000000000005,Labor,0000 Uncategorized
22PXhq7Ce3YU,Job 00565,Decking Options,Composite - Timbertech AZEK (labor),,1500,2100.0000000000005,Labor,0000 Uncategorized
22PXhq7Ce3YU,Job 00565,Decking Options,Pressure Treated Wood (materials),,700,980.0000000000001,Labor,0000 Uncategorized
22PXhq7Ce3YU,Job 00565,Decking Options,Pressure Treated Wood (labor),,1000,1400.0000000000002,Labor,0000 Uncategorized
22PXhq7Ce3YU,Job 00565,Composite,Composite - Timbertech AZEK (materials),,2900,4060.0000000000005,Labor,0000 Uncategorized
22PXhq7Ce3YU,Job 00565,Composite,Composite - Timbertech AZEK (labor),,1500,2100.0000000000005,Labor,0000 Uncategorized
22PXhq7Ce3YU,Job 00565,Pressure Treated Wood,Pressure Treated Wood (materials),,700,980.0000000000001,Labor,0000 Uncategorized
22PXhq7Ce3YU,Job 00565,Pressure Treated Wood,Pressure Treated Wood (labor),,1000,1400.0000000000002,Labor,0000 Uncategorized
22PXiR3Nw8hj,Job 00568,Install Wood Strips,Liquid Nail Fuze It Glue,2,8.24,13.76,Materials,0000 Uncategorized
22PXiR3Nw8hj,Job 00568,Install Wood Strips,Custom Gallon Paint/Stain,0.5,60,99.00000000000001,Materials,2300 Painting
22PXiR3Nw8hj,Job 00568,Install Wood Strips,Royal Mouldings 1/4 in. D x 1-3/4 in. W x 8 ft. L PVC Composite White Lattice Molding,20,9.28,15.5,Materials,0000 Uncategorized
22PXiR3Nw8hj,Job 00568,Install Wood Strips,Hourly Rate,10,55,89,Labor,210 In-House Labor
22PXiTpCnnux,Job 00569,Exterior Door Hardware Adjustment,Hourly Rate,2.5,55,89,Labor,210 In-House Labor
22PXiTpCnnux,Job 00569,Fascia/Soffit Repair (Wood),Hourly Rate,20,55,89,Labor,210 In-House Labor
22PXiTpCnnux,Job 00569,Fascia/Soffit Repair (Wood),1x6x18 Vinyl Trim Plank,,54.9,90.585,Materials,0000 Uncategorized
22PXiTpCnnux,Job 00569,Fascia/Soffit Repair (Wood),1x8x18 Vinyl Trim Plank,,72,118.8,Materials,0000 Uncategorized
22PXiTpCnnux,Job 00569,Fascia/Soffit Repair (Wood),"3/8"" x 48"" x 8' S4S PVC sheating",,83.98,138.567,Materials,0000 Uncategorized
22PXiTpCnnux,Job 00569,Fascia/Soffit Repair (Wood),2x6x10 Dimensional Lumber,,13.05,21.533,Materials,0000 Uncategorized
22PXiTpCnnux,Job 00569,Fascia/Soffit Repair (Wood),2x4x10 Dimensional Lumber,,5.62,9.273,Materials,0000 Uncategorized
22PXiTpCnnux,Job 00569,Fascia/Soffit Repair (Wood),Lexel Clear Paintable Solvent Caulk,,11.28,18.612000000000002,Materials,6000 Completion
22PXiTpCnnux,Job 00569,Fascia/Soffit Repair (Wood),1050 Quick Dry Siliconized Acrylic Latex Caulk,,3.31,5.462,Materials,0000 Uncategorized
22PXiTpCnnux,Job 00569,Fascia/Soffit Repair (Wood),Custom Gallon Paint/Stain,,60,99.00000000000001,Materials,2300 Painting
22PXiTpCnnux,Job 00569,Exterior Door Trim Repair,Miscellaneous,,50,82.50000000000001,Materials,0000 Uncategorized
22PXiTpCnnux,Job 00569,Exterior Door Trim Repair,Hourly Rate,6,55,89,Labor,210 In-House Labor
22PXiTpCnnux,Job 00569,Exterior Door Trim Repair,Hourly Rate,1,55,89,Labor,210 In-House Labor
22PXiTpCnnux,Job 00569,Replace Metal Roofing,Piper Roofing,1,613.79,890,Labor,210 In-House Labor
22PXiTpCnnux,Job 00569,Secure Loose Roof Tiles,Piper Roofing,,568.97,825,Materials,0000 Uncategorized
22PXiTpCnnux,Job 00569,Secure Loose Roof Tiles,Piper Roofing,,650,942.4999999999999,Labor,220 Subcontractor Labor
22PXiTpCnnux,Job 00569,Roof Penetration Repairs,Piper Roofing,,1000,1450,Labor,0000 Uncategorized
22PXiTpCnnux,Job 00569,Fungal Remediation,Fungal Treatment (Fumigation Process),3000,0.62,0.8989999999999999,Materials,0000 Uncategorized
22PXiTpCnnux,Job 00569,Fungal Remediation,Fungal Treatment (Fumigation Process),-27,55,79.75,Materials,0000 Uncategorized
22PXiTpCnnux,Job 00569,Minor Toilet Repairs,Toilet Fill Valve,1,10.12,16.9,Materials,0000 Uncategorized
22PXiTpCnnux,Job 00569,Minor Toilet Repairs,Hourly Rate,2,55,89,Labor,210 In-House Labor
22PXiTpCnnux,Job 00569,Minor Toilet Repairs,Toilet Fill Valve,1,15.3,25.550395256916996,Materials,0000 Uncategorized
22PXiTpCnnux,Job 00569,Bath Exhaust Fan Repair/Replace,in-house labor,,450,652.5,Subcontractor,220 Subcontractor Labor
22PXiTpCnnux,Job 00569,Garage Door Repairs,Garage doors,,350,507.49999999999994,Subcontractor,110 Project Management
22PXiTpCnnux,Job 00569,Garage Door Repairs,Garage doors,,1718.5,1718.5,Subcontractor,110 Project Management
22PYRrrNWxSB,Job 00575,2.2.1 - Seal Gaps at Exterior,Lexel Clear Paintable Solvent Caulk,,11.28,18.612000000000002,Materials,6000 Completion
22PYRrrNWxSB,Job 00575,2.2.1 - Seal Gaps at Exterior,Hourly Rate,3,55,89,Labor,210 In-House Labor
22PYRrrNWxSB,Job 00575,3.5.1 - Shingle Nail Repair,Henry 208R Rubberized Wet Patch 10.1 oz Roof Cement Leak Repair,,7.24,12.09,Materials,0000 Uncategorized
22PYRrrNWxSB,Job 00575,3.5.1 - Shingle Nail Repair,Hourly Rate,3,55,89,Labor,210 In-House Labor
22PYRrrNWxSB,Job 00575,7.7.1 - Secure Loose Outlets,Hourly Rate,1.5,55,89,Labor,210 In-House Labor
22PYRrrNWxSB,Job 00575,8.5.1 - Extend Condensate Line,Charlotte Pipe 3/4 in. x 10 ft. PVC Schedule 40 Pressure Plain-End Pipe,,6.56,10.96,Materials,0000 Uncategorized
22PYRrrNWxSB,Job 00575,8.5.1 - Extend Condensate Line,Charlotte Pipe 3/4 in. PVC Schedule 40 S x S Coupling,,0.52,0.83,Materials,0000 Uncategorized
22PYRrrNWxSB,Job 00575,8.5.1 - Extend Condensate Line,Charlotte Pipe 3/4 in. PVC Schedule. 40 90° S x S Elbow Fitting,,0.73,1.22,Materials,0000 Uncategorized
22PYRrrNWxSB,Job 00575,8.5.1 - Extend Condensate Line,Hourly Rate,2,55,89,Labor,210 In-House Labor
22PYRrrNWxSB,Job 00575,8.5.2 - Level A/C Unit,Plastic Shims,,2.75,7.25,Materials,0000 Uncategorized
22PYRrrNWxSB,Job 00575,8.5.2 - Level A/C Unit,Hourly Rate,2,55,89,Labor,210 In-House Labor
22PYRrrNWxSB,Job 00575,9.14.1 - Wood Rot Evaluation,Hourly Rate,1.5,55,89,Labor,210 In-House Labor
22PYRrrNWxSB,Job 00575,11.5.1 - Secure Loose Handrail (Interior),Hourly Rate,2,55,89,Labor,210 In-House Labor
22PYRrrNWxSB,Job 00575,11.5.2 - Install Fireblocking (Closet under stairs),MIscellaneous Installation materials,,75,138.75,Materials,0000 Uncategorized
22PYRrrNWxSB,Job 00575,11.5.2 - Install Fireblocking (Closet under stairs),Hourly Rate,3,55,89,Labor,210 In-House Labor
22PYRrrNWxSB,Job 00575,11.6.1 - Double Pane Window Replacement,Return trip for finishing,1,55,89,Materials,0000 Uncategorized
22PYRrrNWxSB,Job 00575,11.6.1 - Double Pane Window Replacement,Double Pane Window,,300,495.00000000000006,Materials,0000 Uncategorized
22PYRrrNWxSB,Job 00575,11.6.1 - Double Pane Window Replacement,Hourly Rate,2,55,89,Labor,210 In-House Labor
22PYRrrNWxSB,Job 00575,2.2.1 - Seal Gaps at Exterior,Lexel Clear Paintable Solvent Caulk,,11.28,18.612000000000002,Materials,6000 Completion
22PYRrrNWxSB,Job 00575,2.2.1 - Seal Gaps at Exterior,Hourly Rate,3,55,89,Labor,210 In-House Labor
22PYXRXZC74W,Job 00577,Hardwood Floor Repair,Miscellaneous,,30,49.50000000000001,Materials,0000 Uncategorized
22PYXRXZC74W,Job 00577,Hardwood Floor Repair,Hourly Rate,4,55,89,Labor,210 In-House Labor
22PYXRXZC74W,Job 00577,Hardwood Floor Repair,Plumbers Of Greenville,2,200,290,Labor,220 Subcontractor Labor
22PYXRXZC74W,Job 00577,Hardwood Floor Repair,Greer Flooring,,500,725,Labor,0000 Uncategorized
22PYXRXZC74W,Job 00577,Hardwood Floor Repair,Miscellaneous,,30,49.50000000000001,Materials,0000 Uncategorized
22PYXRXZC74W,Job 00577,Hardwood Floor Repair,Hourly Rate,4,55,89,Labor,210 In-House Labor
22PYXRXZC74W,Job 00577,Hardwood Floor Repair,Plumbers Of Greenville,2,200,290,Labor,220 Subcontractor Labor
22PYXRXZC74W,Job 00577,Hardwood Floor Repair,Greer Flooring,,500,725,Labor,0000 Uncategorized
22PYXRXZC74W,Job 00577,Plumbing Repair,Subcontractor,1,900,1305,Labor,220 Subcontractor Labor
22PYXRXZC74W,Job 00577,Plumbing Repair,Subcontractor,1,900,1305,Labor,220 Subcontractor Labor
22PYXRXZC74W,Job 00577,Hardwood Floor Repair,Miscellaneous,,30,49.5,Materials,0000 Uncategorized
22PYXRXZC74W,Job 00577,Hardwood Floor Repair,Hourly Rate,4,54.99999999999999,89,Labor,210 In-House Labor
22PYXRXZC74W,Job 00577,Hardwood Floor Repair,Plumbers Of Greenville,2,200,290,Labor,220 Subcontractor Labor
22PYXRXZC74W,Job 00577,Hardwood Floor Repair,Greer Flooring,,500.00000000000006,725,Labor,0000 Uncategorized
22PYXRXZC74W,Job 00577,Plumbing Repair,Subcontractor,1,900.0000000000001,1305,Labor,220 Subcontractor Labor
22PYY3GW877D,Job 00578,Roof Repairs,B&F Roofing,,500,725,Labor,0000 Uncategorized
22PYY3GW877D,Job 00578,Deck Structure Evaluation,Hourly Rate,4,55,89,Labor,210 In-House Labor
22PYY3GW877D,Job 00578,Engineered Truss Evaluation,Engineer Consultation,,1250,1812.4999999999998,Labor,1100 Permits and Fees
22PYY3GW877D,Job 00578,Crawlspace Moisture Mitigation Plan,Crawlspace Medic,,300,434.99999999999994,Labor,220 Subcontractor Labor
22PYY3GW877D,Job 00578,Crawlspace Moisture Mitigation Plan,Crawlspace Medic,,1400,2029.9999999999998,Labor,220 Subcontractor Labor
22PYY3GW877D,Job 00578,Crawlspace Moisture Mitigation Plan,Crawlspace Medic,,870,1261.5,Labor,220 Subcontractor Labor
22PYY3GW877D,Job 00578,Water Heater Replacement/Relocation,Plumbers Of Greenville,,3200,4640,Labor,220 Subcontractor Labor
22PYY3GW877D,Job 00578,Water Heater Replacement/Relocation,Redland Electric,,450,652.5,Subcontractor,220 Subcontractor Labor
22PYY3GW877D,Job 00578,Shower Valve Adjustement,Plumbers Of Greenville,,200,285.7142857142857,Labor,220 Subcontractor Labor
22PYY3GW877D,Job 00578,Roof Repairs,B&F Roofing,,500,725,Labor,0000 Uncategorized
22PYY3GW877D,Job 00578,Deck Structure Evaluation,Hourly Rate,4,55,89,Labor,210 In-House Labor
22PYY3GW877D,Job 00578,Engineered Truss Evaluation,Engineer Consultation,,1250,1812.4999999999998,Labor,1100 Permits and Fees
22PYY3GW877D,Job 00578,Crawlspace Moisture Mitigation Plan,Crawlspace Medic,,300,434.99999999999994,Labor,220 Subcontractor Labor
22PYY3GW877D,Job 00578,Crawlspace Moisture Mitigation Plan,Crawlspace Medic,,1400,2029.9999999999998,Labor,220 Subcontractor Labor
22PYY3GW877D,Job 00578,Crawlspace Moisture Mitigation Plan,Crawlspace Medic,,870,1261.5,Labor,220 Subcontractor Labor
22PYkjnR98Hz,Job 00579,Shingle Repairs,Lexel Clear Paintable Solvent Caulk,,11.28,18.612000000000002,Materials,6000 Completion
22PYkjnR98Hz,Job 00579,Shingle Repairs,Henry 208R Rubberized Wet Patch 10.1 oz Roof Cement Leak Repair,1,7.24,12.09,Materials,0000 Uncategorized
22PYkjnR98Hz,Job 00579,Shingle Repairs,Roofing shingles,1,45,75.15,Materials,0000 Uncategorized
22PYkjnR98Hz,Job 00579,Shingle Repairs,Hourly Rate,3,55,89,Labor,210 In-House Labor
22PYkjnR98Hz,Job 00579,Brick Repair,Hourly Rate,4,55,89,Labor,210 In-House Labor
22PYkjnR98Hz,Job 00579,Brick Repair,SAKRETE 10.3 fl. oz. Mortar Repair Sealant,,6.18,10.32,Materials,0000 Uncategorized
22PYkjnR98Hz,Job 00579,Brick Repair,Lexel Clear Paintable Solvent Caulk,,11.28,18.612000000000002,Materials,6000 Completion
22PYkjnR98Hz,Job 00579,Seal Gaps at Exterior Trim,Lexel Clear Paintable Solvent Caulk,,11.28,18.612000000000002,Materials,6000 Completion
22PYkjnR98Hz,Job 00579,Seal Gaps at Exterior Trim,Hourly Rate,0.5,55,89,Labor,210 In-House Labor
22PYkjnR98Hz,Job 00579,Deck Flashing Repair,Lexel Clear Paintable Solvent Caulk,,11.28,18.612000000000002,Materials,6000 Completion
22PYkjnR98Hz,Job 00579,Deck Flashing Repair,1050 Quick Dry Siliconized Acrylic Latex Caulk,,3.31,5.462,Materials,0000 Uncategorized
22PYkjnR98Hz,Job 00579,Deck Flashing Repair,"1-5/8"" DeckMate Screws - 1 lb.",,11.16,18.64,Materials,0000 Uncategorized
22PYkjnR98Hz,Job 00579,Deck Flashing Repair,Protecto Wrap Window & Door Flashing Tape,,41.99,70.13,Materials,0000 Uncategorized
22PYkjnR98Hz,Job 00579,Deck Flashing Repair,"10""x10' Aluminum Flashing",,11.62,19.41,Materials,0000 Uncategorized
22PYkjnR98Hz,Job 00579,Deck Flashing Repair,Hourly Rate,12,55,89,Labor,210 In-House Labor
22PYkjnR98Hz,Job 00579,Roof Leak Evaluation,Hourly Rate,3,55,89,Labor,210 In-House Labor
22PYkjnR98Hz,Job 00579,Interior Caulking and Drywall Tape Repairs,Miscellaneous supplies,,80,132.00000000000003,Materials,0000 Uncategorized
22PYkjnR98Hz,Job 00579,Interior Caulking and Drywall Tape Repairs,Hourly Rate,5,55,89,Labor,210 In-House Labor
22PYkjnR98Hz,Job 00579,Interior Trim Repair,1050 Quick Dry Siliconized Acrylic Latex Caulk,,3.31,5.462,Materials,0000 Uncategorized
22PYkjnR98Hz,Job 00579,Interior Trim Repair,Hourly Rate,0.5,55,89,Labor,210 In-House Labor
22PYkjnR98Hz,Job 00579,Interior Door Hardware Repair,Miscellaneous,,15,24.750000000000004,Materials,0000 Uncategorized
22PYkjnR98Hz,Job 00579,Interior Door Hardware Repair,Hourly Rate,2,55,89,Labor,210 In-House Labor
22PYkjnR98Hz,Job 00579,HVAC Furnace Flue Repair,eastergard,,350,507.49999999999994,Labor,0000 Uncategorized
22PYkjnR98Hz,Job 00579,Exterior Spigot Repair,Hourly Rate,0.5,55,89,Labor,210 In-House Labor
22PYkjnR98Hz,Job 00579,Exterior Spigot Repair,"1/2"" Exterior Spigot",1,12.36,20.64,Materials,0000 Uncategorized
22PYxPx8jFdr,Job 00587,Exterior Repairs,Replace rotten wood on the garage door and wrap with metal and flash properly,,900,1305,Labor,0000 Uncategorized
22PYxPx8jFdr,Job 00587,Exterior Repairs,Replace 3 windows (front dormers),,950,1377.5,Labor,0000 Uncategorized
22PYxPx8jFdr,Job 00587,Exterior Repairs,Install J-Channel flashing along roof line and deck,,700,1014.9999999999999,Labor,0000 Uncategorized
22PYxPx8jFdr,Job 00587,Exterior Repairs,Replace some broken siding and add kick out flashing to keep water from going behind the siding,,700,1014.9999999999999,Labor,0000 Uncategorized
22PYxPx8jFdr,Job 00587,Exterior Repairs,"Siding, Flashing, J-Channel, Exterior Trim, Wood, ect. (Install materials)",,600,869.9999999999999,Labor,0000 Uncategorized
22PYxPx8jFdr,Job 00587,Exterior Repairs,Replacement Windows (3),3,330,544.5000000000001,Labor,0000 Uncategorized
22PYxPx8jFdr,Job 00587,Exterior Repairs,Replace rotten wood on the garage door and wrap with metal and flash properly,,900,1305,Labor,0000 Uncategorized
22PYxPx8jFdr,Job 00587,Exterior Repairs,Replace 3 windows (front dormers),,950,1377.5,Labor,0000 Uncategorized
22PYxPx8jFdr,Job 00587,Exterior Repairs,Install J-Channel flashing along roof line and deck,,700,1014.9999999999999,Labor,0000 Uncategorized
22PYxPx8jFdr,Job 00587,Exterior Repairs,Replace some broken siding and add kick out flashing to keep water from going behind the siding,,700,1014.9999999999999,Labor,0000 Uncategorized
22PYxPx8jFdr,Job 00587,Exterior Repairs,"Siding, Flashing, J-Channel, Exterior Trim, Wood, ect. (Install materials)",,600,869.9999999999999,Labor,0000 Uncategorized
22PYxPx8jFdr,Job 00587,Exterior Repairs,Replacement Windows (3),3,330,544.5000000000001,Labor,0000 Uncategorized
22PZF72zyUkg,Job 00592,Secure Bathroom Sink,Lexel Clear Paintable Solvent Caulk,1,11.28,18.612000000000002,Materials,6000 Completion
22PZF72zyUkg,Job 00592,Secure Bathroom Sink,Hourly Rate,1,55,89,Labor,210 In-House Labor
22PZF72zyUkg,Job 00592,Repair Leaking Bathroom Faucet,Plumbers Of Greenville,,125,178.57142857142858,Labor,220 Subcontractor Labor
22PZF72zyUkg,Job 00592,Loose Toilet Repair,Plumbers Of Greenville,,250,357.14285714285717,Labor,220 Subcontractor Labor
22PZF72zyUkg,Job 00592,Interior Closet Door Adjustments,Hourly Rate,2,55,89,Labor,210 In-House Labor
22PZF72zyUkg,Job 00592,Secure Bathroom Sink,Lexel Clear Paintable Solvent Caulk,1,11.28,18.612000000000002,Materials,6000 Completion
22PZF72zyUkg,Job 00592,Secure Bathroom Sink,Hourly Rate,1,55,89,Labor,210 In-House Labor
22PZF72zyUkg,Job 00592,Repair Leaking Bathroom Faucet,Plumbers Of Greenville,,125,178.57142857142858,Labor,220 Subcontractor Labor
22PZF72zyUkg,Job 00592,Loose Toilet Repair,Plumbers Of Greenville,,250,357.14285714285717,Labor,220 Subcontractor Labor
22PZF72zyUkg,Job 00592,Interior Closet Door Adjustments,Hourly Rate,2,55,89,Labor,210 In-House Labor
22PZFNdvvHvp,Job 00593,Bandsil Rot Repair,"Door & Window Casing #356 11/16"" x 2-1/4"" PFJ",4,12.13,22.44,Materials,720 Trim & Millwork
22PZFNdvvHvp,Job 00593,Bandsil Rot Repair,Miscellaneous supplies,,200,330.00000000000006,Materials,0000 Uncategorized
22PZFNdvvHvp,Job 00593,Bandsil Rot Repair,"Jamsill 4 9/16 Up To 78"" Door Window Pan Flashing",,73.62,136.2,Materials,0000 Uncategorized
22PZFNdvvHvp,Job 00593,Bandsil Rot Repair,1x6x18 Vinyl Trim Plank,1,54.9,90.585,Materials,0000 Uncategorized
22PZFNdvvHvp,Job 00593,Bandsil Rot Repair,23/32 in. T&G OSB Subfloor,2,48,80.16,Materials,0000 Uncategorized
22PZFNdvvHvp,Job 00593,Bandsil Rot Repair,2x12x16 PT,1,65.94,110.12,Materials,0000 Uncategorized
22PZFNdvvHvp,Job 00593,Bandsil Rot Repair,Hourly Rate,30,55,89,Labor,210 In-House Labor
22PZFNdvvHvp,Job 00593,Bandsil Rot Repair,Floor Covering - Econo Runner,1,121.79,200.96,Materials,0000 Uncategorized
22PZFNdvvHvp,Job 00593,Bandsil Rot Repair,Floor Covering - Econo Runner,1,121.79,200.96,Materials,0000 Uncategorized
22PZFNdvvHvp,Job 00593,Bandsil Rot Repair,"Door & Window Casing #356 11/16"" x 2-1/4"" PFJ",4,12.13,22.44,Materials,720 Trim & Millwork
22PZFNdvvHvp,Job 00593,Bandsil Rot Repair,Miscellaneous supplies,,200,330.00000000000006,Materials,0000 Uncategorized
22PZFNdvvHvp,Job 00593,Bandsil Rot Repair,"Jamsill 4 9/16 Up To 78"" Door Window Pan Flashing",,73.62,136.2,Materials,0000 Uncategorized
22PZFNdvvHvp,Job 00593,Bandsil Rot Repair,1x6x18 Vinyl Trim Plank,1,54.9,90.585,Materials,0000 Uncategorized
22PZFNdvvHvp,Job 00593,Bandsil Rot Repair,23/32 in. T&G OSB Subfloor,2,48,80.16,Materials,0000 Uncategorized
22PZFNdvvHvp,Job 00593,Bandsil Rot Repair,2x12x16 PT,1,65.94,110.12,Materials,0000 Uncategorized
22PZFNdvvHvp,Job 00593,Bandsil Rot Repair,Hourly Rate,30,55,89,Labor,210 In-House Labor
22PZJ2Q6b2Qu,Screened In Porch,Screened-In Porch Enclosure,Screened-In Porch Enclosure Installation,1,2881,4177.45,Subcontractor,0000 Uncategorized
22PZJ2Q6b2Qu,Screened In Porch,Screened-In Porch Enclosure,Screened-In Porch Enclosure Installation,1,2881,4177.45,Subcontractor,0000 Uncategorized
22PZJCMGY8PL,Home Repair,Exterior Stairs/Framing Repairs,Framing labor,,2200,3190,Labor,3110 Framing Labor
22PZJCMGY8PL,Home Repair,Exterior Stairs/Framing Repairs,Framing labor,,2100,3045,Labor,3110 Framing Labor
22PZJCMGY8PL,Home Repair,Exterior Stairs/Framing Repairs,Framing labor,,2200,3190,Labor,3110 Framing Labor
22PZJejGQ9hx,705 Jenkins Bridge Rd,Gas Pipe Bonding,Gas Pipe Bonding,1,420.65,652,Subcontractor,0000 Uncategorized
22PZJejGQ9hx,705 Jenkins Bridge Rd,Gutter Cleaning,Gutter Cleaning,1,186.45,289,Subcontractor,0000 Uncategorized
22PZJejGQ9hx,705 Jenkins Bridge Rd,Fascia Board & Wood Deterioration Repair,Fascia Board & Wood Deterioration Repair,1,935.48,1450,Subcontractor,0000 Uncategorized
22PZJejGQ9hx,705 Jenkins Bridge Rd,Fascia Board & Wood Deterioration Repair,Miscellaneous,,250,412.50000000000006,Materials,0000 Uncategorized
22PZJejGQ9hx,705 Jenkins Bridge Rd,Electrical Panel Double-Tap & Subpanel Grounds/Neutrals,Electrical Panel Double-Tap & Subpanel Grounds/Neutrals,1,420.65,652,Subcontractor,0000 Uncategorized
22PZJejGQ9hx,705 Jenkins Bridge Rd,HVAC Registers Painted Shut,HVAC Registers Painted Shut,1,140,217,Subcontractor,0000 Uncategorized
22PZJejGQ9hx,705 Jenkins Bridge Rd,Kitchen GFCI Protection,Kitchen GFCI Protection,1,140,217,Subcontractor,0000 Uncategorized
22PZJejGQ9hx,705 Jenkins Bridge Rd,Garbage Disposal Replacement,Garbage Disposal Replacement,1,300,434.99999999999994,Subcontractor,0000 Uncategorized
22PZJejGQ9hx,705 Jenkins Bridge Rd,Garbage Disposal Replacement,InSinkErator Badger 100 Standard Series 1/3 HP Continuous Feed Garbage Disposal,,130,217.09999999999997,Materials,0000 Uncategorized
22PZJejGQ9hx,705 Jenkins Bridge Rd,Windows Painted Shut,Windows Painted Shut,1,143.23,222,Subcontractor,0000 Uncategorized
22PZJejGQ9hx,705 Jenkins Bridge Rd,Window Broken Glass Replacement,Window Broken Glass Replacement,1,500,775.0045767986818,Subcontractor,0000 Uncategorized
22PZJejGQ9hx,705 Jenkins Bridge Rd,Toilet Secured,Toilet Secured,1,250,362.5,Subcontractor,0000 Uncategorized
22PZLLciwEsn,1370 Bishop Rd.,6.12.1 - Crawlspace Access Door Repair,Crawlspace Door Replacement,1,186.26,288.71,Other,0000 Uncategorized
22PZLLciwEsn,1370 Bishop Rd.,6.12.1 - Crawlspace Access Door Repair,Hourly Rate,5,55,89,Labor,210 In-House Labor
22PZLLciwEsn,1370 Bishop Rd.,9.7.1 - Exterior Light Fixture Wiring Repair,Electrical Wiring Correction,1,172.9,267.99,Subcontractor,0000 Uncategorized
22PZLLciwEsn,1370 Bishop Rd.,10.2.1 - HVAC Condensate Line Leak Repair,Condensate Line Repair,2.5,65.81,102.01,Other,0000 Uncategorized
22PZLLciwEsn,1370 Bishop Rd.,12.1.1 - Smoke Alarm Battery Replacement,Smoke Alarm Service,1,57.86,89.68,Other,0000 Uncategorized
22PZLLciwEsn,1370 Bishop Rd.,4.9.1 - Front Porch Wood Deterioration Repair,Porch Wood Deterioration Repair,1,150,232.50108816559464,Other,0000 Uncategorized
22PZLLciwEsn,1370 Bishop Rd.,4.9.1 - Front Porch Wood Deterioration Repair,Hourly Rate,6,55,89,Labor,210 In-House Labor
22PZLLciwEsn,1370 Bishop Rd.,Crawlspace Cleanout - Remove Termite-Infested Wood,Crawlspace Cleanout,1,289.35,448.5,Other,0000 Uncategorized
22PZLLciwEsn,1370 Bishop Rd.,6.12.1 - Crawlspace Access Door Repair,Hourly Rate,5,55,89,Labor,210 In-House Labor
22PZLLciwEsn,1370 Bishop Rd.,6.12.1 - Crawlspace Access Door Repair,Crawlspace Door Replacement,1,186.26,288.71,Other,0000 Uncategorized
22PZLLciwEsn,1370 Bishop Rd.,9.7.1 - Exterior Light Fixture Wiring Repair,Electrical Wiring Correction,1,172.9,267.99,Subcontractor,0000 Uncategorized
22PZLLciwEsn,1370 Bishop Rd.,10.2.1 - HVAC Condensate Line Leak Repair,Condensate Line Repair,2.5,65.81,102.01,Other,0000 Uncategorized
22PZLLciwEsn,1370 Bishop Rd.,12.1.1 - Smoke Alarm Battery Replacement,Smoke Alarm Service,1,57.86,89.68,Other,0000 Uncategorized
22PZMAiFUKSF,Foister - 00605,1. Exploratory Demo,Labor - Demo & Siding Removal,6,55,89,Labor,0000 Uncategorized
22PZMAiFUKSF,Foister - 00605,1. Exploratory Demo,Trash Bags,0.5,29.98,50.07,Materials,0000 Uncategorized
22PZMAiFUKSF,Foister - 00605,2. Repair Deteriorated Framing & Sheathing,Labor - Framing Repair & Sheathing Replacement,20,55,89,Labor,0000 Uncategorized
22PZMAiFUKSF,Foister - 00605,2. Repair Deteriorated Framing & Sheathing,Framing Lumber - 2x4,3,45,78.71,Materials,0000 Uncategorized
22PZMAiFUKSF,Foister - 00605,2. Repair Deteriorated Framing & Sheathing,"OSB Sheathing - 7/16""",3,38,66.46,Materials,0000 Uncategorized
22PZMAiFUKSF,Foister - 00605,2. Repair Deteriorated Framing & Sheathing,R-13 Batt Insulation,2,32,55.97,Materials,0000 Uncategorized
22PZMAiFUKSF,Foister - 00605,3. Waterproofing & Moisture Barrier,Labor - Waterproofing & Flashing Installation,6,55,89,Labor,0000 Uncategorized
22PZMAiFUKSF,Foister - 00605,3. Waterproofing & Moisture Barrier,House Wrap / Vapor Barrier,143,0.17,0.3,Materials,0000 Uncategorized
22PZMAiFUKSF,Foister - 00605,3. Waterproofing & Moisture Barrier,Flashing Tape - Self-Adhesive,100,0.36,0.63,Materials,0000 Uncategorized
22PZMAiFUKSF,Foister - 00605,3. Waterproofing & Moisture Barrier,Construction Sealant / Caulk,2,8,13.99,Materials,0000 Uncategorized
22PZMAiFUKSF,Foister - 00605,4. Siding Reinstallation,Labor - Siding Reinstallation,10,55,89,Labor,0000 Uncategorized
22PZMAiFUKSF,Foister - 00605,4. Siding Reinstallation,Siding Trim & Accessories,1,60,104.94,Materials,0000 Uncategorized
22PZMAiFUKSF,Foister - 00605,4. Siding Reinstallation,Exterior Caulk - Final Sealing,2,,,Materials,0000 Uncategorized
22PZMAiFUKSF,Foister - 00605,1. Exploratory Demo,Trash Bags,0.5,29.98,50.07,Materials,0000 Uncategorized
22PZMAiFUKSF,Foister - 00605,1. Exploratory Demo,Labor - Demo & Siding Removal,6,55,89,Labor,0000 Uncategorized
22PZMAiFUKSF,Foister - 00605,2. Repair Deteriorated Framing & Sheathing,Labor - Framing Repair & Sheathing Replacement,20,55,89,Labor,0000 Uncategorized
22PZMAiFUKSF,Foister - 00605,2. Repair Deteriorated Framing & Sheathing,Framing Lumber - 2x4,3,45,78.71,Materials,0000 Uncategorized
22PZMAiFUKSF,Foister - 00605,2. Repair Deteriorated Framing & Sheathing,"OSB Sheathing - 7/16""",3,38,66.46,Materials,0000 Uncategorized
22PZMAiFUKSF,Foister - 00605,2. Repair Deteriorated Framing & Sheathing,R-13 Batt Insulation,2,32,55.97,Materials,0000 Uncategorized
22PZMAiFUKSF,Foister - 00605,3. Waterproofing & Moisture Barrier,Labor - Waterproofing & Flashing Installation,6,55,89,Labor,0000 Uncategorized
22PZMAiFUKSF,Foister - 00605,3. Waterproofing & Moisture Barrier,House Wrap / Vapor Barrier,143,0.17,0.3,Materials,0000 Uncategorized
22PZMAiFUKSF,Foister - 00605,3. Waterproofing & Moisture Barrier,Flashing Tape - Self-Adhesive,100,0.36,0.63,Materials,0000 Uncategorized
22PZMAiFUKSF,Foister - 00605,3. Waterproofing & Moisture Barrier,Construction Sealant / Caulk,2,8,13.99,Materials,0000 Uncategorized
22PZMAiFUKSF,Foister - 00605,4. Siding Reinstallation,Labor - Siding Reinstallation,10,55,89,Labor,0000 Uncategorized
22PZMAiFUKSF,Foister - 00605,4. Siding Reinstallation,Siding Trim & Accessories,1,60,104.94,Materials,0000 Uncategorized
22PZMAiFUKSF,Foister - 00605,4. Siding Reinstallation,Exterior Caulk - Final Sealing,2,0,0,Materials,0000 Uncategorized
22PZMAiFUKSF,Foister - 00605,1. Exploratory Demo,Trash Bags,0.5,29.98,,Materials,0000 Uncategorized
22PZMAiFUKSF,Foister - 00605,1. Exploratory Demo,Labor - Demo & Siding Removal,6,55,,Labor,0000 Uncategorized
22PZMAiFUKSF,Foister - 00605,2. Repair Deteriorated Framing & Sheathing,Labor - Framing Repair & Sheathing Replacement,20,55,,Labor,0000 Uncategorized
22PZMAiFUKSF,Foister - 00605,2. Repair Deteriorated Framing & Sheathing,Framing Lumber - 2x4,3,45,,Materials,0000 Uncategorized
22PZMAiFUKSF,Foister - 00605,2. Repair Deteriorated Framing & Sheathing,"OSB Sheathing - 7/16""",3,38,,Materials,0000 Uncategorized
22PZMAiFUKSF,Foister - 00605,2. Repair Deteriorated Framing & Sheathing,R-13 Batt Insulation,2,32,,Materials,0000 Uncategorized
22PZN4bvmTUM,8 Marquette Rd,1.A - Crawlspace Dehumidifier Leak Repair,A - Crawlspace Dehumidifier Leak Repair,2,55,89,Subcontractor,0000 Uncategorized
22PZN4bvmTUM,8 Marquette Rd,1.J - Fireplace Gas Log Repair,J - Fireplace Gas Log Repair,2,55,89,Other,0000 Uncategorized
22PZN4bvmTUM,8 Marquette Rd,1.A - Crawlspace Dehumidifier Leak Repair,A - Crawlspace Dehumidifier Leak Repair,2,55,89,Subcontractor,0000 Uncategorized
22PZN4bvmTUM,8 Marquette Rd,1.J - Fireplace Gas Log Repair,J - Fireplace Gas Log Repair,2,55,89,Other,0000 Uncategorized
22PZaSPkE3aU,Job 00609,Deck and Home Connection,Miscellaneous,,10,16.500000000000004,Materials,0000 Uncategorized
22PZaSPkE3aU,Job 00609,Deck and Home Connection,Miscellaneous,,75,123.75000000000001,Materials,0000 Uncategorized
22PZaSPkE3aU,Job 00609,Deck and Home Connection,Hourly Rate,6,55,89,Labor,210 In-House Labor
22PZaSPkE3aU,Job 00609,Deck and Home Connection,Miscellaneous,,10,16.500000000000004,Materials,0000 Uncategorized
22PZaSPkE3aU,Job 00609,Deck and Home Connection,Miscellaneous,,75,123.75000000000001,Materials,0000 Uncategorized
22PZaSPkE3aU,Job 00609,Deck and Home Connection,Hourly Rate,6,55,89,Labor,210 In-House Labor
22PZaSPkE3aU,Job 00609,Deck and Home Connection,Miscellaneous,,10,,Materials,0000 Uncategorized
22PZaSPkE3aU,Job 00609,Deck and Home Connection,Miscellaneous,,75,,Materials,0000 Uncategorized
22PZaSPkE3aU,Job 00609,Deck and Home Connection,Hourly Rate,6,55,,Labor,210 In-House Labor
22PZaSPkE3aU,Job 00609,General Framing,Hourly Rate,,55,89,Labor,210 In-House Labor
22PZaSPkE3aU,Job 00609,Drywall Installation,Hourly Rate,8,55,89,Labor,210 In-House Labor
22PZaSPkE3aU,Job 00609,Drywall Installation,1/2 in. x 4 ft. x 8 ft. UltraLight Drywall,1,11.25,18.7875,Materials,710 Drywall
22PZaSPkE3aU,Job 00609,Drywall Installation,"Drywall Screws 1 1/4""",1,29.98,50.06660000000001,Materials,710 Drywall
22PZaSPkE3aU,Job 00609,Drywall Installation,Drywall Joint Tape,1,16.75,27.637500000000003,Materials,0000 Uncategorized
22PZaSPkE3aU,Job 00609,Drywall Installation,Drywall Mud - USG Sheetrock 20 Joist Compound,1,17.92,29.926400000000005,Materials,710 Drywall
22PZaSPkE3aU,Job 00609,Drywall Installation,Sanding Discs,1,8.97,14.800500000000003,Materials,0000 Uncategorized
22PZaSPkE3aU,Job 00609,Drywall Installation,Strait-Flex 2-3/8 in. x 100 ft. Original Composite Flexible Corner Bead,1,36.98,61.76,Materials,0000 Uncategorized
22PZaSPkE3aU,Job 00609,Drywall Installation,Owens Corning R-30 Faced Fiberglass Insulation Batt 16 in. x 48 in. (1 Bag),1,78.97,131.88,Materials,0000 Uncategorized
22PZaSPkE3aU,Job 00609,Drywall Installation,R-13 Kraft Faced Fiberglass Insulation Batt 15 in. x 93 in.,1,75.98,126.89,Materials,0000 Uncategorized
22PZaSPkE3aU,Job 00609,Drywall Installation,White Oil-Based Interior/Exterior Primer and Sealer,1,34.98,57.717000000000006,Materials,0000 Uncategorized
22PZadc3zRxL,Job 00610,Leaking Window Repair,Hourly Rate,24,55,89,Labor,210 In-House Labor
22PZadc3zRxL,Job 00610,Leaking Window Repair,Floor Covering - Econo Runner,1,121.79,200.96,Materials,0000 Uncategorized
22PZadc3zRxL,Job 00610,Leaking Window Repair,Miscellaneous,1,150,247.50000000000003,Materials,0000 Uncategorized
22PZadc3zRxL,Job 00610,Leaking Window Repair,1x4x18 Vinyl Trim plank,3,34.2,57.12,Materials,0000 Uncategorized
22PZadc3zRxL,Job 00610,Leaking Window Repair,"Huber 6"" x 20' ZIP System Stretch Tape",0.5,52.45,86.54250000000002,Materials,0000 Uncategorized
22PZadc3zRxL,Job 00610,Leaking Window Repair,"Typar Butyl Flashing Tape - 4"" W x 75' L",0.5,25.75,43,Materials,0000 Uncategorized
22PZadc3zRxL,Job 00610,Interior Window Trim Repair,Miscellaneous,1,50,82.50000000000001,Materials,0000 Uncategorized
22PZadc3zRxL,Job 00610,Interior Window Trim Repair,Hourly Rate,3,55,89,Labor,210 In-House Labor
22PZadc3zRxL,Job 00610,Gable End Exterior Trim Repair,Miscellaneous,,25,41.25000000000001,Materials,0000 Uncategorized
22PZadc3zRxL,Job 00610,Gable End Exterior Trim Repair,1x2x8 PVC Trim Plank,2,9.02,15.06,Materials,0000 Uncategorized
22PZadc3zRxL,Job 00610,Gable End Exterior Trim Repair,Drip Edge Flashing (White),2,7.63,13.51,Materials,0000 Uncategorized
22PZadc3zRxL,Job 00610,Gable End Exterior Trim Repair,Hourly Rate,5,55,89,Labor,210 In-House Labor
22PZadc3zRxL,Job 00610,Leaking Window Repair,Miscellaneous,1,150,247.50000000000003,Materials,0000 Uncategorized
22PZadc3zRxL,Job 00610,Leaking Window Repair,Floor Covering - Econo Runner,1,121.79,200.96,Materials,0000 Uncategorized
22PZadc3zRxL,Job 00610,Leaking Window Repair,1x4x18 Vinyl Trim plank,3,34.2,57.12,Materials,0000 Uncategorized
22PZadc3zRxL,Job 00610,Leaking Window Repair,"Huber 6"" x 20' ZIP System Stretch Tape",0.5,52.45,86.54250000000002,Materials,0000 Uncategorized
22PZadc3zRxL,Job 00610,Leaking Window Repair,"Typar Butyl Flashing Tape - 4"" W x 75' L",0.5,25.75,43,Materials,0000 Uncategorized
22PZadc3zRxL,Job 00610,Leaking Window Repair,Hourly Rate,24,55,89,Labor,210 In-House Labor
22PZadc3zRxL,Job 00610,Interior Window Trim Repair,Miscellaneous,1,50,82.50000000000001,Materials,0000 Uncategorized
22PZadc3zRxL,Job 00610,Interior Window Trim Repair,Hourly Rate,3,55,89,Labor,210 In-House Labor
22PZadc3zRxL,Job 00610,Gable End Exterior Trim Repair,Miscellaneous,,25,41.25000000000001,Materials,0000 Uncategorized
22PZadc3zRxL,Job 00610,Gable End Exterior Trim Repair,1x2x8 PVC Trim Plank,2,9.02,15.06,Materials,0000 Uncategorized
22PZadc3zRxL,Job 00610,Gable End Exterior Trim Repair,Drip Edge Flashing (White),2,7.63,13.51,Materials,0000 Uncategorized
22PZadc3zRxL,Job 00610,Gable End Exterior Trim Repair,Hourly Rate,5,55,89,Labor,210 In-House Labor
22PZaggn8rbw,Job 00611,Staircase & Door Steps Rebuild,Framing labor/materials,,6500,9425,Labor,3110 Framing Labor
22PZaggn8rbw,Job 00611,Staircase & Door Steps Rebuild,dumpster fees,,500,725,Labor,3110 Framing Labor
22PZaggn8rbw,Job 00611,Patio Deck & Fence,Framing labor/materials,,16800,24360,Labor,3110 Framing Labor
22PZaggn8rbw,Job 00611,Patio Deck & Fence,dumpster fees,,500,725,Labor,3110 Framing Labor
22PZaggn8rbw,Job 00611,Add Exterior Door,Miscellaneous,,400,660.0000000000001,Materials,0000 Uncategorized
22PZaggn8rbw,Job 00611,Add Exterior Door,Custom Order Exterior Door,,1800,2970,Materials,0000 Uncategorized
22PZaggn8rbw,Job 00611,Add Exterior Door,Hourly Rate,40,55,89,Labor,210 In-House Labor
22PZaggn8rbw,Job 00611,Add Exterior Door,Framing labor/materials,,1200,1739.9999999999998,Labor,3110 Framing Labor
22PZaggn8rbw,Job 00611,Staircase & Door Steps Rebuild,Framing labor/materials,,6500,9425,Labor,3110 Framing Labor
22PZaggn8rbw,Job 00611,Staircase & Door Steps Rebuild,dumpster fees,,500,725,Labor,3110 Framing Labor
22PZaggn8rbw,Job 00611,Patio Deck & Fence,Framing labor/materials,,16800,24360,Labor,3110 Framing Labor
22PZaggn8rbw,Job 00611,Patio Deck & Fence,dumpster fees,,500,725,Labor,3110 Framing Labor
22PZaggn8rbw,Job 00611,Add Exterior Door,Miscellaneous,,400,660.0000000000001,Materials,0000 Uncategorized
22PZaggn8rbw,Job 00611,Add Exterior Door,Custom Order Exterior Door,,1800,2970,Materials,0000 Uncategorized
22PZaggn8rbw,Job 00611,Add Exterior Door,Hourly Rate,40,55,89,Labor,210 In-House Labor
22PZaggn8rbw,Job 00611,Add Exterior Door,Framing labor/materials,,1200,1739.9999999999998,Labor,3110 Framing Labor
22PZaggn8rbw,Job 00611,Staircase & Door Steps Rebuild,Framing labor/materials,,6500,9425,Labor,3110 Framing Labor
22PZaggn8rbw,Job 00611,Staircase & Door Steps Rebuild,dumpster fees,,500,725,Labor,3110 Framing Labor
22PZanr4T2Xz,Job 00612,Item 2 - Gutter Drainage / Downspout Extensions (Left Side),Item 2 - Gutter Drainage / Downspout Extensions (Left Side),1.5,78.71,129.8715,Other,0000 Uncategorized
22PZanr4T2Xz,Job 00612,Item 2 - Gutter Drainage / Downspout Extensions (Left Side),Downspout Extender,0,8.97,14.98,Materials,0000 Uncategorized
22PZanr4T2Xz,Job 00612,Items 4 & 5 - Loose and Damaged Vinyl Siding Repair,Items 4 & 5 - Loose and Damaged Vinyl Siding Repair,0,153.55,253.35750000000004,Other,0000 Uncategorized
22PZanr4T2Xz,Job 00612,"Item 6, 7, 12 - Crawlspace Vapor Barrier, Dehumidifier, and Insulation Repair","Item 6, 7, 12 - Crawlspace Vapor Barrier, Dehumidifier, and Insulation Repair",0,3980,5771,Subcontractor,0000 Uncategorized
22PZanr4T2Xz,Job 00612,Item 10 - Foundation Wall Crack Evaluation and Repair,Item 10 - Foundation Wall Crack Evaluation and Repair,0,234.19,386.41350000000006,Other,0000 Uncategorized
22PZanr4T2Xz,Job 00612,Item 11 - Subfloor and Joist Evaluation Below Hall Bathroom,Item 11 - Subfloor and Joist Evaluation Below Hall Bathroom,1,360,594.0000000000001,Subcontractor,0000 Uncategorized
22PZanr4T2Xz,Job 00612,Item 11 - Subfloor and Joist Evaluation Below Hall Bathroom,23/32 in. T&G OSB Subfloor,0,48,80.16,Materials,0000 Uncategorized
22PZanr4T2Xz,Job 00612,Item 11 - Subfloor and Joist Evaluation Below Hall Bathroom,2x8x10 PT,0,12.88,21.252,Materials,410 Framing
22PZanr4T2Xz,Job 00612,Item 11 - Subfloor and Joist Evaluation Below Hall Bathroom,Owens Corning R-19 Kraft Faced Fiberglass Insulation Batt 15 in. x 93 in.,0,99,183.152833428735,Materials,0000 Uncategorized
22PZanr4T2Xz,Job 00612,Item 11 - Subfloor and Joist Evaluation Below Hall Bathroom,Hourly Rate,2,55,89,Labor,210 In-House Labor
22PZanr4T2Xz,Job 00612,Item 13 - Bathroom Exhaust Fan Venting to Exterior,Item 13 - Bathroom Exhaust Fan Venting to Exterior,0,145.81,240.58650000000003,Other,0000 Uncategorized
22PZanr4T2Xz,Job 00612,Item 14 - Kickout Flashing Installation,Item 14 - Kickout Flashing Installation,0,84.52,139.45800000000003,Other,0000 Uncategorized
22PZanr4T2Xz,Job 00612,Item 15 - Roof Vent Boot Nail Head Sealing,Item 15 - Roof Vent Boot Nail Head Sealing,1.5,70.32,116.028,Other,0000 Uncategorized
22PZanr4T2Xz,Job 00612,Item 15 - Roof Vent Boot Nail Head Sealing,Sashco Through the Roof Clear Paintable Caulk,0,11.98,20.01,Materials,0000 Uncategorized
22PZanr4T2Xz,Job 00612,Item 16 - Double-Tapped Neutral Repair at Main Panel,Item 16 - Double-Tapped Neutral Repair at Main Panel,1,187.1,271.29499999999996,Subcontractor,0000 Uncategorized
22PZanr4T2Xz,Job 00612,Item 17 - Rear Deck Light Bulb Replacement,Item 17 - Rear Deck Light Bulb Replacement,0.5,62.58,90.74099999999999,Other,0000 Uncategorized
22PZanr4T2Xz,Job 00612,Item 17 - Rear Deck Light Bulb Replacement,60-Watt Equivalent A19 Non-Dimmable LED Light Bulb Daylight (8-Pack),0,10.37,17.32,Materials,0000 Uncategorized
22PZbBNYixph,Job 00613,Deck Extension & New Staircase,Demo (no haul off),1,600,869.9999999999999,Other,310 Demolition
22PZbBNYixph,Job 00613,Deck Extension & New Staircase,Labor,1,5500,7974.999999999999,Labor,2500 Decking
22PZbBNYixph,Job 00613,Deck Extension & New Staircase,Materials,1,2000,2900,Materials,2500 Decking
22PZbBNYixph,Job 00613,Deck Extension & New Staircase,Demo (no haul off),1,600,869.9999999999999,Other,310 Demolition
22PZbBNYixph,Job 00613,Deck Extension & New Staircase,Labor,1,5500,7974.999999999999,Labor,2500 Decking
22PZbBNYixph,Job 00613,Deck Extension & New Staircase,Materials,1,2000,2900,Materials,2500 Decking
22PZbBNYixph,Job 00613,Sliding Door Replacement (Wider),Miscellaneous supplies,0,600,990.0000000000001,Materials,0000 Uncategorized
22PZbBNYixph,Job 00613,Sliding Door Replacement (Wider),"Typar Butyl Flashing Tape - 4"" W x 75' L",0,25.75,43,Materials,0000 Uncategorized
22PZbBNYixph,Job 00613,Sliding Door Replacement (Wider),Custom Order Exterior Door,0,2575,4248.750000000001,Materials,0000 Uncategorized
22PZbBNYixph,Job 00613,Sliding Door Replacement (Wider),Hourly Rate,0,55,89,Labor,210 In-House Labor
22PZbBNYixph,Job 00613,Sliding Door Replacement (Wider),Redland Electric,0,1000,1450,Subcontractor,220 Subcontractor Labor
22PZbBNYixph,Job 00613,Sliding Door Replacement (Wider),Redland Electric,,1000,1450,Subcontractor,220 Subcontractor Labor
22PZbBNYixph,Job 00613,Sliding Door Replacement (Wider),Miscellaneous supplies,,600,990.0000000000001,Materials,0000 Uncategorized
22PZbBNYixph,Job 00613,Sliding Door Replacement (Wider),"Typar Butyl Flashing Tape - 4"" W x 75' L",,25.75,43,Materials,0000 Uncategorized
22PZbBNYixph,Job 00613,Sliding Door Replacement (Wider),Custom Order Exterior Door,,2575,4248.750000000001,Materials,0000 Uncategorized
22PZbBNYixph,Job 00613,Sliding Door Replacement (Wider),Hourly Rate,80,55,89,Labor,210 In-House Labor
22PZbBNYixph,Job 00613,Declined,Miscellaneous supplies,0,600,990.0000000000001,Materials,0000 Uncategorized
22PZbBNYixph,Job 00613,Declined,"Typar Butyl Flashing Tape - 4"" W x 75' L",0,25.75,43,Materials,0000 Uncategorized
22PZbBNYixph,Job 00613,Declined,Custom Order Exterior Door,0,2575,4248.750000000001,Materials,0000 Uncategorized
22PZbBNYixph,Job 00613,Declined,Hourly Rate,0,55,89,Labor,210 In-House Labor
22PZbBNYixph,Job 00613,Declined,Redland Electric,0,1000,1450,Subcontractor,220 Subcontractor Labor
22PZbNCS4FUu,Mockingbird - Deck Railings,Deck Washing/Staining,Wood Cleaning & Staining,30,55,89,Labor,2300 Painting
22PZbNCS4FUu,Mockingbird - Deck Railings,Deck Washing/Staining,Exterior Wood Stain (Material),3,80,132.57142857142858,Materials,2300 Painting
22PZbNCS4FUu,Mockingbird - Deck Railings,Deck Railing Replacement,Demo & Remove Existing Wood Railings (Deck & Stairs),6,55,89,Labor,310 Demolition
22PZbNCS4FUu,Mockingbird - Deck Railings,Deck Railing Replacement,Black Metal Railing - Deck & Stairs,65,60,99.42857142857143,Materials,2500 Decking
22PZbNCS4FUu,Mockingbird - Deck Railings,Deck Railing Replacement,Railing Installation Labor,20,55,89,Labor,2500 Decking
22PZbNCS4FUu,Mockingbird - Deck Railings,Deck Washing/Staining,Exterior Wood Stain (Material),3,80,132.57142857142858,Materials,2300 Painting
22PZbNCS4FUu,Mockingbird - Deck Railings,Deck Washing/Staining,Wood Cleaning & Staining,30,55,89,Labor,2300 Painting
22PZbNCS4FUu,Mockingbird - Deck Railings,Deck Railing Replacement,Demo & Remove Existing Wood Railings (Deck & Stairs),6,55,89,Labor,310 Demolition
22PZbNCS4FUu,Mockingbird - Deck Railings,Deck Railing Replacement,Black Metal Railing - Deck & Stairs,65,60,99.42857142857143,Materials,2500 Decking
22PZbNCS4FUu,Mockingbird - Deck Railings,Deck Railing Replacement,Railing Installation Labor,20,55,89,Labor,2500 Decking
22PZbNCS4FUu,Mockingbird - Deck Railings,Deck Railing Replacement (option 2),Demo & Remove Existing Wood Railings (Deck & Stairs),6,55,89,Labor,310 Demolition
22PZbNCS4FUu,Mockingbird - Deck Railings,Deck Railing Replacement (option 2),Black Metal Railing - Deck & Stairs,1,2500,4142.857142857143,Materials,2500 Decking
22PZbNCS4FUu,Mockingbird - Deck Railings,Deck Railing Replacement (option 2),Railing Installation Labor,20,55,89,Labor,2500 Decking
22PZbNCS4FUu,Mockingbird - Deck Railings,Deck Washing/Staining,Exterior Wood Stain (Material),3,80,132.57142857142858,Materials,2300 Painting
22PZbNCS4FUu,Mockingbird - Deck Railings,Deck Washing/Staining,Wood Cleaning & Staining,30,55,89,Labor,2300 Painting
22PZbNCS4FUu,Mockingbird - Deck Railings,Deck Railing Replacement (option 2),Demo & Remove Existing Wood Railings (Deck & Stairs),6,55,89,Labor,310 Demolition
22PZbNCS4FUu,Mockingbird - Deck Railings,Deck Railing Replacement (option 2),Black Metal Railing - Deck & Stairs,1,2500,4142.857142857143,Materials,2500 Decking
22PZbNCS4FUu,Mockingbird - Deck Railings,Deck Railing Replacement (option 2),Railing Installation Labor,20,55,89,Labor,2500 Decking
22PZn6dgBmtE,107 Chasta Ave,Electrical,TV Installation,1,300,435,Subcontractor,410 Framing
22PZn6dgBmtE,107 Chasta Ave,Electrical,Living Room Lighting,1,400,580,Subcontractor,410 Framing
22PZn6dgBmtE,107 Chasta Ave,Electrical,Hallway Lighting,1,150,217.5,Subcontractor,410 Framing
22PZn6dgBmtE,107 Chasta Ave,Electrical,Kitchen Lighting,1,400,580,Subcontractor,410 Framing
22PZn6dgBmtE,107 Chasta Ave,Electrical,Laundry Area Fan Circuit Separation,1,300,435,Subcontractor,410 Framing
22PZn6dgBmtE,107 Chasta Ave,Electrical,Kitchen Under-Cabinet LED Lighting,1,975,1413.75,Subcontractor,410 Framing
22PZn6dgBmtE,107 Chasta Ave,Electrical,Ring Floodlight Camera Wiring — 3 Locations,1,900,1305,Subcontractor,410 Framing
22PZn6dgBmtE,107 Chasta Ave,Electrical,Exterior Security Light Replacement,3,125,181.25,Subcontractor,410 Framing
22PZn6dgBmtE,107 Chasta Ave,Electrical,Detached Garage GFCI Protection,2,150,217.5,Subcontractor,410 Framing
22PZn6dgBmtE,107 Chasta Ave,Electrical,Exterior GFCI Protection — House & Detached Garage,3,200,290,Subcontractor,410 Framing
22PZn6dgBmtE,107 Chasta Ave,Back Door Landing Step,Trex Enhance Naturals Composite Deck Board 16 ft Grooved Edge,4,56.99,95.17,Materials,0000 Uncategorized
22PZn6dgBmtE,107 Chasta Ave,Back Door Landing Step,2x8x10 PT,8,12.88,21.252,Materials,410 Framing
22PZn6dgBmtE,107 Chasta Ave,Back Door Landing Step,Hourly Rate,16,55,89,Labor,210 In-House Labor
22PZn6dgBmtE,107 Chasta Ave,Foundation Vent Replacement,Hourly Rate,5,55,89,Labor,210 In-House Labor
22PZn6dgBmtE,107 Chasta Ave,Foundation Vent Replacement,"16""x8"" Automatic Foundation Vent",8,34.56,57.02,Materials,0000 Uncategorized
22PZn6dgBmtE,107 Chasta Ave,Crawlspace Door Replacement (both),Hourly Rate,6,55,89,Labor,210 In-House Labor
22PZn6dgBmtE,107 Chasta Ave,Crawlspace Door Replacement (both),Gate Thumb Latch Hardware,2,12.71,21.23,Materials,0000 Uncategorized
22PZn6dgBmtE,107 Chasta Ave,Crawlspace Door Replacement (both),"3 1/2"" Black Tee Hinge",4,6.94,11.59,Materials,0000 Uncategorized
22PZn6dgBmtE,107 Chasta Ave,Crawlspace Door Replacement (both),"3/8"" x 48"" x 8' S4S PVC Sheathing",1,97.5,160.87499999999997,Materials,450 Siding & Trim
22PZn6dgBmtE,107 Chasta Ave,Crawlspace Door Replacement (both),1x6x18 PVC Trim,1,58.2,96.03000000000002,Materials,450 Siding & Trim
22PZn6dgBmtE,107 Chasta Ave,Crawlspace Door Replacement (both),2x4x16 PT,2,14.18,23.397000000000002,Materials,410 Framing
22PZn6dgBmtE,107 Chasta Ave,Electrical,TV Installation,1,300,435,Subcontractor,410 Framing
22PZn6dgBmtE,107 Chasta Ave,Electrical,Living Room Lighting,1,400,580,Subcontractor,410 Framing
22PZn6dgBmtE,107 Chasta Ave,Electrical,Hallway Lighting,1,150,217.5,Subcontractor,410 Framing
22PZn6dgBmtE,107 Chasta Ave,Electrical,Kitchen Lighting,1,400,580,Subcontractor,410 Framing
22PZn6dgBmtE,107 Chasta Ave,Electrical,Laundry Area Fan Circuit Separation,1,300,435,Subcontractor,410 Framing
22PZn6dgBmtE,107 Chasta Ave,Electrical,Kitchen Under-Cabinet LED Lighting,1,975,1413.75,Subcontractor,410 Framing
22PZn6dgBmtE,107 Chasta Ave,Electrical,Ring Floodlight Camera Wiring — 3 Locations,1,900,1305,Subcontractor,410 Framing
22PZn6dgBmtE,107 Chasta Ave,Electrical,Exterior Security Light Replacement,3,125,181.25,Subcontractor,410 Framing
22PZn6dgBmtE,107 Chasta Ave,Electrical,Detached Garage GFCI Protection,2,150,217.5,Subcontractor,410 Framing
22PZn6dgBmtE,107 Chasta Ave,Electrical,Exterior GFCI Protection — House & Detached Garage,3,200,290,Subcontractor,410 Framing
22PZn6dgBmtE,107 Chasta Ave,Back Door Landing Step,Trex Enhance Naturals Composite Deck Board 16 ft Grooved Edge,4,56.99,95.17,Materials,0000 Uncategorized
22PZn6dgBmtE,107 Chasta Ave,Back Door Landing Step,2x8x10 PT,8,12.88,21.252,Materials,410 Framing
22PZn6dgBmtE,107 Chasta Ave,Back Door Landing Step,Hourly Rate,16,55,89,Labor,210 In-House Labor
22PZn6dgBmtE,107 Chasta Ave,Foundation Vent Replacement,"16""x8"" Automatic Foundation Vent",8,34.56,57.02,Materials,0000 Uncategorized
22PZn6dgBmtE,107 Chasta Ave,Foundation Vent Replacement,Hourly Rate,5,55,89,Labor,210 In-House Labor
22PZn6dgBmtE,107 Chasta Ave,Crawlspace Door Replacement (both),2x4x16 PT,2,14.18,23.397000000000002,Materials,410 Framing
22PZn6dgBmtE,107 Chasta Ave,Crawlspace Door Replacement (both),Gate Thumb Latch Hardware,2,12.71,21.23,Materials,0000 Uncategorized
22PZn6dgBmtE,107 Chasta Ave,Crawlspace Door Replacement (both),"3 1/2"" Black Tee Hinge",4,6.94,11.59,Materials,0000 Uncategorized
22PZn6dgBmtE,107 Chasta Ave,Crawlspace Door Replacement (both),"3/8"" x 48"" x 8' S4S PVC Sheathing",1,97.5,160.87499999999997,Materials,450 Siding & Trim
22PZn6dgBmtE,107 Chasta Ave,Crawlspace Door Replacement (both),1x6x18 PVC Trim,1,58.2,96.03000000000002,Materials,450 Siding & Trim
22PZn6dgBmtE,107 Chasta Ave,Crawlspace Door Replacement (both),Hourly Rate,6,55,89,Labor,210 In-House Labor
22PZxjgaiZ6U,24 Hale St,6.4.1 - Open Drain Line,Open Drain Line,3,57.42,89,Subcontractor,0000 Uncategorized
22PZxjgaiZ6U,24 Hale St,"7.1.1 / 7.1.2 / 7.1.3 - Water Heater: Expansion Tank, TPR Valve Discharge & Leveling","/ 7.1.2 / 7.1.3 - Water Heater: Expansion Tank, TPR Valve Discharge & Leveling",1,403.23,625,Subcontractor,0000 Uncategorized
22PZxjgaiZ6U,24 Hale St,9.1.2 - Electrical Ground Wire Re-Termination,Electrical Ground Wire Re-Termination,1,280.65,435,Subcontractor,0000 Uncategorized
22PZxjgaiZ6U,24 Hale St,"9.2.3 / 9.6.1 / 9.6.2 / 9.6.4 - Open Junction Boxes, Open Wire Splices & Improperly Terminated Wirin","/ 9.6.1 / 9.6.2 / 9.6.4 - Open Junction Boxes, Open Wire Splices & Improperly Terminated Wiring",1,420.65,652,Subcontractor,0000 Uncategorized
22PZxjgaiZ6U,24 Hale St,16.3.3 - Washed Out Crawlspace Skirt Wall,Washed Out Crawlspace Skirt Wall,1,467.74,725,Subcontractor,0000 Uncategorized
22PZxjgaiZ6U,24 Hale St,16.4.2 - Crawlspace Framing Repairs,Crawlspace Framing Repairs,1.1,935.48,1450,Subcontractor,0000 Uncategorized
22PZxjgaiZ6U,24 Hale St,16.4.3 / 16.4.4 - Termite Damage Sill Repair (Left Side & Back Right),/ 16.4.4 - Termite Damage Sill Repair (Left Side & Back Right),1.25,935.48,1450,Subcontractor,0000 Uncategorized
22PZxjgaiZ6U,24 Hale St,16.6.1 - Crawlspace Moisture Remediation,Crawlspace Moisture Remediation,1,3545.81,5496,Subcontractor,0000 Uncategorized
22PZxjgaiZ6U,24 Hale St,6.4.1 - Open Drain Line,Open Drain Line,3,57.42,89,Subcontractor,0000 Uncategorized
22PZxjgaiZ6U,24 Hale St,"7.1.1 / 7.1.2 / 7.1.3 - Water Heater: Expansion Tank, TPR Valve Discharge & Leveling","/ 7.1.2 / 7.1.3 - Water Heater: Expansion Tank, TPR Valve Discharge & Leveling",1,403.23,625,Subcontractor,0000 Uncategorized
22PZzUYeZmxi,2314 State Park Road,2.4.1 - Tuck Pointing at Front Stoop,Tuck Pointing at Front Stoop,1,250,387.49331908070553,Other,0000 Uncategorized
22PZzUYeZmxi,2314 State Park Road,2.5.1 - Wood Rot Repair at Rear Deck/Porch,Wood Rot Repair at Rear Deck/Porch,1,270.32,419,Other,0000 Uncategorized
22PZzUYeZmxi,2314 State Park Road,3.3.1 - Roof Algae (Gloeocapsa Magma) Treatment,Roof Algae (Gloeocapsa Magma) Treatment,4,118.06,183,Other,0000 Uncategorized
22PZzUYeZmxi,2314 State Park Road,3.3.2 - Damaged Shingle Repair,Damaged Shingle Repair,3,125.81,195,Other,0000 Uncategorized
22PZzUYeZmxi,2314 State Park Road,3.3.3 & 3.5.2 - Exposed Nail Head Sealing (Ridge Vent and Boots),& 3.5.2 - Exposed Nail Head Sealing (Ridge Vent and Boots),2,72.9,113,Other,0000 Uncategorized
22PZzUYeZmxi,2314 State Park Road,3.6.2 - Chimney Cricket Installation,Chimney Cricket Installation,2,553.55,858,Other,0000 Uncategorized
22PZzUYeZmxi,2314 State Park Road,"6.2.1, 8.2.1, 8.5.1 - Caulking (Kitchen, Master Bath Countertops, and Tub Spouts)",", 8.2.1, 8.5.1 - Caulking (Kitchen, Master Bath Countertops, and Tub Spouts)",2,93.55,145,Other,0000 Uncategorized
22PZzUYeZmxi,2314 State Park Road,10.7.1 - Fire-Rated Door Installation (Garage-to-Living Area),Fire-Rated Door Installation (Garage-to-Living Area),1.5,696.13,1079,Other,0000 Uncategorized
22PZzUYeZmxi,2314 State Park Road,11.2.1 - Expansion Tank Installation,Expansion Tank Installation,1,324.52,503,Other,0000 Uncategorized
22PZzUYeZmxi,2314 State Park Road,11.3.1 - TPR Valve Discharge Pipe Installation,TPR Valve Discharge Pipe Installation,1,134.84,209,Other,0000 Uncategorized
22PZzq9YsBDv,9 Legends Way,"Rear Deck Door, Screen Door",Replace Damaged Screen Panel,4,55,89,Labor,310 Demolition
22PZzq9YsBDv,9 Legends Way,"Rear Deck Door, Screen Door",Replace Screen Door,2,55,89,Labor,310 Demolition
22PZzq9YsBDv,9 Legends Way,"Rear Deck Door, Screen Door",Adjust Rear Deck Door,1,55,89,Labor,310 Demolition
22PZzq9YsBDv,9 Legends Way,"Rear Deck Door, Screen Door",Phifer 48 in. x 25 ft. BetterVue Screen,,28.98,48.4,Materials,0000 Uncategorized
22PZzq9YsBDv,9 Legends Way,"Rear Deck Door, Screen Door",Screen door,,150,247.50000000000003,Labor,0000 Uncategorized
22PZzq9YsBDv,9 Legends Way,Exterior Gas Piping,Gas Line Remediation — Screened Area,2,55,89,Labor,310 Demolition
22PZzq9YsBDv,9 Legends Way,Exterior Gas Piping,Gas Pipe Prep & Paint Matching,1,55,89,Labor,310 Demolition
22PZzq9YsBDv,9 Legends Way,Exterior Gas Piping,Miscellaneous,,20,33.00000000000001,Materials,0000 Uncategorized
22PZzq9YsBDv,9 Legends Way,Exterior Gas Piping,Black Spray Paint (Rustoleum),1,6.48,10.82,Materials,0000 Uncategorized
22PZzq9YsBDv,9 Legends Way,Masonry Cracking & Tuckpointing Repairs,Tuckpointing (Multiple Locations),1,500,714.2857142857143,Labor,4200 Masonry
22PZzq9YsBDv,9 Legends Way,Laundry Room Cabinet Modifications,Laundry Room Cabinet & Countertop Modification for Deep Freezer,6,55,89,Labor,750 Cabinetry
22PZzq9YsBDv,9 Legends Way,Laundry Room Cabinet Modifications,Miscellaneous,,75,123.75000000000001,Materials,0000 Uncategorized
22PZzq9YsBDv,9 Legends Way,Bathroom Updates,Plumbing install (tub faucet),1,250,362.5,Labor,510 Plumbing
22PZzq9YsBDv,9 Legends Way,Bathroom Updates,Plumbing demo (prep for counter removal),5,75,108.74999999999999,Labor,760 Countertops
22PZzq9YsBDv,9 Legends Way,Bathroom Updates,Bathroom mirror installs (qty 3),3,125,181.25,Labor,520 Electrical
22PZzq9YsBDv,9 Legends Way,Bathroom Updates,Vanity countertops (qty 5),5,1000,1450,Labor,760 Countertops
22PZzq9YsBDv,9 Legends Way,Bathroom Updates,Sconce electrical (rough in and install...total 4 vanities),1,1750,2537.5,Labor,760 Countertops
22PZzq9YsBDv,9 Legends Way,Bathroom Updates,Faucet installs (qty 5),5,180,261,Labor,760 Countertops
22PZzq9YsBDv,9 Legends Way,Downspout Repairs,Miscellaneous,,50,82.50000000000001,Materials,0000 Uncategorized
22PZzq9YsBDv,9 Legends Way,Downspout Repairs,"3""x4"" White Aluminum Downspout Elbow ""A""",6,6.28,10.49,Materials,0000 Uncategorized
22PZzq9YsBDv,9 Legends Way,Downspout Repairs,"3""x4"" White Aluminum Downspout",3,19.72,32.93,Materials,0000 Uncategorized
22PZzq9YsBDv,9 Legends Way,Downspout Repairs,Reroute & Connect Downspout,6,55,89,Labor,310 Demolition
22PZzq9YsBDv,9 Legends Way,Master Bedroom,Master Bedroom Ceiling Fan Installation,1,180,261,Labor,520 Electrical
22PZzq9YsBDv,9 Legends Way,Basement Cabinet Modification,Basement Bar Cabinet Modification for Mini Fridge,6,55,89,Labor,750 Cabinetry
22PZzq9YsBDv,9 Legends Way,Basement Cabinet Modification,Electrical Run — Bar Area to Mini Fridge Location,1,250,362.5,Labor,520 Electrical
22PZzq9YsBDv,9 Legends Way,Toilet Repairs,Reset toilets (qty 4),4,220,319,Labor,220 Subcontractor Labor
22PZzsiAQQJv,Job 00632,Crawlspace Foundation Wall Support,BASE-12,2,104.99,173.23350000000002,Materials,610 Crawlspace Work
22PZzsiAQQJv,Job 00632,Crawlspace Foundation Wall Support,Hourly Rate,30,55,89,Labor,210 In-House Labor
22PZzsiAQQJv,Job 00632,Crawlspace Foundation Wall Support,Steel Lintel,,250,412.50000000000006,Labor,0000 Uncategorized
22PZzsiAQQJv,Job 00632,Crawlspace Foundation Wall Support,STL-14,2,287.74,474.7710000000001,Materials,610 Crawlspace Work
22PZzsiAQQJv,Job 00632,Crawlspace Foundation Wall Support,Miscellaneous,,100,165.00000000000003,Materials,0000 Uncategorized
22PZzsiAQQJv,Job 00632,Crawlspace Foundation Wall Support,Miscellaneous,,100,165.00000000000003,Materials,0000 Uncategorized
22PZzsiAQQJv,Job 00632,Crawlspace Foundation Wall Support,BASE-12,2,104.99,173.23350000000002,Materials,610 Crawlspace Work
22PZzsiAQQJv,Job 00632,Crawlspace Foundation Wall Support,Hourly Rate,30,55,89,Labor,210 In-House Labor
22PZzsiAQQJv,Job 00632,Crawlspace Foundation Wall Support,Steel Lintel,,250,412.50000000000006,Labor,0000 Uncategorized
22PZzsiAQQJv,Job 00632,Crawlspace Foundation Wall Support,STL-14,2,287.74,474.7710000000001,Materials,610 Crawlspace Work
22PZzsiAQQJv,Job 00632,Crawlspace Foundation Wall Support,Miscellaneous,,100,,Materials,0000 Uncategorized
22PZzsiAQQJv,Job 00632,Crawlspace Foundation Wall Support,BASE-12,2,104.99,,Materials,610 Crawlspace Work
22PZzsiAQQJv,Job 00632,Crawlspace Foundation Wall Support,Hourly Rate,30,55,,Labor,210 In-House Labor
22PZzsiAQQJv,Job 00632,Crawlspace Foundation Wall Support,Steel Lintel,1,250,,Labor,0000 Uncategorized
22PZzsiAQQJv,Job 00632,Crawlspace Foundation Wall Support,STL-14,2,287.74,,Materials,610 Crawlspace Work
22PZzsiAQQJv,Job 00632,Crawlspace Foundation Wall Support,Miscellaneous,,100,165,Materials,0000 Uncategorized
22PZzsiAQQJv,Job 00632,Crawlspace Foundation Wall Support,BASE-12,2,104.99000000000001,173.235,Materials,610 Crawlspace Work
22PZzsiAQQJv,Job 00632,Crawlspace Foundation Wall Support,Hourly Rate,30,54.99999999999999,89,Labor,210 In-House Labor
22PZzsiAQQJv,Job 00632,Crawlspace Foundation Wall Support,Steel Lintel,,250,412.5,Labor,0000 Uncategorized
22PZzsiAQQJv,Job 00632,Crawlspace Foundation Wall Support,STL-14,2,287.74,474.77,Materials,610 Crawlspace Work
22Pa4dZ7enjd,Job 00639,Electrical Eval and Repairs,Redland Electric,,350,507.49999999999994,Subcontractor,220 Subcontractor Labor
22Pa4dZ7enjd,Job 00639,Electrical Eval and Repairs,Redland Electric,,350,507.49999999999994,Subcontractor,220 Subcontractor Labor
22Pa4dZ7enjd,Job 00639,Electrical Eval and Repairs,Redland Electric,,350,507.5,Subcontractor,220 Subcontractor Labor
22Pa4u69wpSu,Job 00641,Wrought Iron Railing,Sunsheild awning and iron,1,1500,2175,Subcontractor,0000 Uncategorized
22Pa4u69wpSu,Job 00641,General Masonry Repairs,Vindas Masonry,1,5450,7902.5,Subcontractor,0000 Uncategorized
22Pa4u69wpSu,Job 00641,Prep and Paint (front door/steps railing),Renew Painting,,650,942.4999999999999,Labor,0000 Uncategorized
22Pa4u69wpSu,Job 00641,General Masonry Repairs,Vindas Masonry,1,5450,7902.5,Subcontractor,0000 Uncategorized
22Pa4u69wpSu,Job 00641,Wrought Iron Railing,Sunsheild awning and iron,1,1500,2175,Subcontractor,0000 Uncategorized
22Pa4u69wpSu,Job 00641,Prep and Paint (front door/steps railing),Renew Painting,,650,942.4999999999999,Labor,0000 Uncategorized
22Pa5henNYZF,Job 00644,Item 1 - Gas Pipe Bonding Installation,Item 1 - Gas Pipe Bonding Installation,1,420.65,652,Subcontractor,0000 Uncategorized
22Pa5henNYZF,Job 00644,Item 2 - Foundation Slab Crack Repair (3.2.3),Item 2 - Foundation Slab Crack Repair (3.2.3),1,55,89,Other,0000 Uncategorized
22Pa5henNYZF,Job 00644,Item 3 - Exterior Water Spigot Repair (3.2.4),Item 3 - Exterior Water Spigot Repair (3.2.4),1,84.52,131,Other,0000 Uncategorized
22Pa5henNYZF,Job 00644,"Items 4 & 5 - Siding Repair: Damaged, Loose, and Backing Fasteners (3.2.5 & 3.2.6 & 3.2.7)","Items 4 & 5 - Siding Repair: Damaged, Loose, and Backing Fasteners (3.2.5 & 3.2.6 & 3.2.7)",1.25,321.29,498,Other,0000 Uncategorized
22Pa5henNYZF,Job 00644,Item 6 - Crawlspace Vent Screen Replacement (3.2.8),Item 6 - Crawlspace Vent Screen Replacement (3.2.8),1,140.65,218,Other,0000 Uncategorized
22Pa5henNYZF,Job 00644,Item 7 - Soffit/Trim Gap Repair (3.2.9),Item 7 - Soffit/Trim Gap Repair (3.2.9),1.5,83.23,129,Other,0000 Uncategorized
22Pa5henNYZF,Job 00644,Item 8 - Window Screen Repair/Replacement (3.2.11),Item 8 - Window Screen Repair/Replacement (3.2.11),1.5,103.87,161,Other,0000 Uncategorized
22Pa5henNYZF,Job 00644,Item 9 - Exterior Wood Deterioration Repair (3.2.12),Item 9 - Exterior Wood Deterioration Repair (3.2.12),1,337.42,523,Other,0000 Uncategorized
22Pa5henNYZF,Job 00644,Item 10 - Rock Veneer Void Repair (3.2.13),Item 10 - Rock Veneer Void Repair (3.2.13),1,63.87,99,Other,0000 Uncategorized
22Pa5henNYZF,Job 00644,Item 11 - Missing Handrail Installation (3.3.1),Item 11 - Missing Handrail Installation (3.3.1),,,,Other,0000 Uncategorized
22Pa5mJxDZut,Job 00645,Exterior Door Brick Molding Replacement,Semi-gloss Ultra White Acrylic Interior/Exterior Door and Trim Paint (1-Gallon),0.5,33.12,54.648,Materials,2300 Painting
22Pa5mJxDZut,Job 00645,Exterior Door Brick Molding Replacement,Vinyl Door Jamb,0.5,65.96,108.834,Materials,1500 Doors & Windows
22Pa5mJxDZut,Job 00645,Exterior Door Brick Molding Replacement,GE Paintable Silicone Supreme Window and Door Sealant White,1,13.86,23.14570143884892,Materials,0000 Uncategorized
22Pa5mJxDZut,Job 00645,Exterior Door Brick Molding Replacement,"Brick Moulding 1-63/64"" x 1-15/64"" x 10' PVC",2,21.14,34.88100000000001,Materials,1500 Doors & Windows
22Pa5mJxDZut,Job 00645,Exterior Door Brick Molding Replacement,Hourly Rate,6,55,89,Labor,210 In-House Labor
22Pa5mJxDZut,Job 00645,Shower Grout Repair,Sanded Ceramic Tile Grout Caulk,,8.03,13.249500000000001,Materials,0000 Uncategorized
22Pa5mJxDZut,Job 00645,Shower Grout Repair,Hourly Rate,5,55,89,Labor,210 In-House Labor
22Pa5mJxDZut,Job 00645,Exterior Siding Repair,Hourly Rate,2,55,89,Labor,210 In-House Labor
22Pa5mJxDZut,Job 00645,Exterior Siding Repair,Dutch Lap Vinyl Siding,1,14.29,23.578500000000002,Materials,0000 Uncategorized
22Pa5mJxDZut,Job 00645,Exterior Siding Repair,Hourly Rate,1.5,55,89,Labor,210 In-House Labor
22Pa5mJxDZut,Job 00645,Exterior Door Brick Molding Replacement,Semi-gloss Ultra White Acrylic Interior/Exterior Door and Trim Paint (1-Gallon),0.5,33.12,54.648,Materials,2300 Painting
22Pa5mJxDZut,Job 00645,Exterior Door Brick Molding Replacement,Vinyl Door Jamb,0.5,65.96,108.834,Materials,1500 Doors & Windows
22Pa5mJxDZut,Job 00645,Exterior Door Brick Molding Replacement,GE Paintable Silicone Supreme Window and Door Sealant White,1,13.86,23.14570143884892,Materials,0000 Uncategorized
22Pa5mJxDZut,Job 00645,Exterior Door Brick Molding Replacement,"Brick Moulding 1-63/64"" x 1-15/64"" x 10' PVC",2,21.14,34.88100000000001,Materials,1500 Doors & Windows
22Pa5mJxDZut,Job 00645,Exterior Door Brick Molding Replacement,Hourly Rate,6,55,89,Labor,210 In-House Labor
22Pa5mJxDZut,Job 00645,Shower Grout Repair,Sanded Ceramic Tile Grout Caulk,,8.03,13.249500000000001,Materials,0000 Uncategorized
22Pa5mJxDZut,Job 00645,Shower Grout Repair,Hourly Rate,3,55,89,Labor,210 In-House Labor
22Pa5mJxDZut,Job 00645,Exterior Siding Repair,Hourly Rate,2,55,89,Labor,210 In-House Labor
22Pa5mJxDZut,Job 00645,Exterior Door Brick Molding Replacement,Semi-gloss Ultra White Acrylic Interior/Exterior Door and Trim Paint (1-Gallon),0.5,33.12,54.648,Materials,2300 Painting
22Pa5mJxDZut,Job 00645,Exterior Door Brick Molding Replacement,Vinyl Door Jamb,0.5,65.96,108.834,Materials,1500 Doors & Windows
22Pa5mJxDZut,Job 00645,Exterior Door Brick Molding Replacement,GE Paintable Silicone Supreme Window and Door Sealant White,1,13.86,23.14570143884892,Materials,0000 Uncategorized
22Pa5mJxDZut,Job 00645,Exterior Door Brick Molding Replacement,"Brick Moulding 1-63/64"" x 1-15/64"" x 10' PVC",2,21.14,34.88100000000001,Materials,1500 Doors & Windows
22Pa5mJxDZut,Job 00645,Exterior Door Brick Molding Replacement,Hourly Rate,6,55,89,Labor,210 In-House Labor
22Pa5mJxDZut,Job 00645,Shower Grout Repair,Sanded Ceramic Tile Grout Caulk,,8.03,13.249500000000001,Materials,0000 Uncategorized
22Pa5mJxDZut,Job 00645,Shower Grout Repair,Hourly Rate,5,55,89,Labor,210 In-House Labor
22Pa5mJxDZut,Job 00645,Exterior Siding Repair,Hourly Rate,2,55,89,Labor,210 In-House Labor
22Pa5mJxDZut,Job 00645,Exterior Door Brick Molding Replacement,Semi-gloss Ultra White Acrylic Interior/Exterior Door and Trim Paint (1-Gallon),0.5,33.12,,Materials,2300 Painting
22Pa5mJxDZut,Job 00645,Exterior Door Brick Molding Replacement,Vinyl Door Jamb,0.5,65.96,,Materials,1500 Doors & Windows
22Pa5mJxDZut,Job 00645,Exterior Door Brick Molding Replacement,GE Paintable Silicone Supreme Window and Door Sealant White,1,13.86,,Materials,0000 Uncategorized
22Pa5mJxDZut,Job 00645,Exterior Door Brick Molding Replacement,"Brick Moulding 1-63/64"" x 1-15/64"" x 10' PVC",2,21.14,,Materials,1500 Doors & Windows
22Pa5mJxDZut,Job 00645,Exterior Door Brick Molding Replacement,Hourly Rate,6,55,,Labor,210 In-House Labor
22Pa6KLqkaWj,Job 00647,Exterior Repairs,0001 Composite Decking And Black Handrail,1,,,Subcontractor,0000 Uncategorized
22Pa6KLqkaWj,Job 00647,Exterior Repairs,0002 Front Foundation Wall Waterproofing,1,,,Subcontractor,0000 Uncategorized
22Pa6KLqkaWj,Job 00647,Exterior Repairs,0003 Bedroom And Deck Support Posts Footers,1,,,Subcontractor,0000 Uncategorized
22Pa6KLqkaWj,Job 00647,Decking Repairs,Railing,,1500,2475.0000000000005,Labor,0000 Uncategorized
22Pa6KLqkaWj,Job 00647,Decking Repairs,Hourly Rate,90,55,89,Labor,210 In-House Labor
22Pa6KLqkaWj,Job 00647,Decking Repairs,Composite Decking,22,65,107.25000000000001,Labor,0000 Uncategorized
22Pa6KLqkaWj,Job 00647,Decking Repairs,Miscellaneous,,200,330.00000000000006,Materials,0000 Uncategorized
22Pa6KLqkaWj,Job 00647,Decking Repairs,"Tongue and Groove 5.25""",18,20,33.00000000000001,Materials,5210 Interior Trim Materials
22Pa6KLqkaWj,Job 00647,Decking Repairs,Miscellaneous,,200,330.00000000000006,Materials,0000 Uncategorized
22Pa6KLqkaWj,Job 00647,Decking Repairs,"Tongue and Groove 5.25""",18,20,33.00000000000001,Materials,5210 Interior Trim Materials
22Pa6KLqkaWj,Job 00647,Decking Repairs,Railing,,1500,2475.0000000000005,Labor,0000 Uncategorized
22Pa6KLqkaWj,Job 00647,Decking Repairs,Hourly Rate,90,55,89,Labor,210 In-House Labor
22Pa6KLqkaWj,Job 00647,Decking Repairs,Composite Decking,22,65,107.25000000000001,Labor,0000 Uncategorized
22Pa7r3Kxras,Job 00648,13.7.1 Cover Plate Replacement,Metal Box Cover Plate,1,0.93,0,Materials,0000 Uncategorized
22Pa7r3Kxras,Job 00648,13.7.1 Cover Plate Replacement,Hourly Rate,0.25,55,0,Labor,210 In-House Labor
22Pa7r3Kxras,Job 00648,11.2.1 Pipe Insulation Replacement,Everbilt1/2 in. x 6 ft. Foam Self-Seal Pipe Insulation,5,2.95,4.93,Materials,0000 Uncategorized
22Pa7r3Kxras,Job 00648,11.2.1 Pipe Insulation Replacement,Hourly Rate,2,55,89,Labor,210 In-House Labor
22Pa7r3Kxras,Job 00648,6.5.2 Garage Door Weather Stripping Installation,7' Garage Door Weatherstrip,6,9.47,0,Materials,1600 Garage
22Pa7r3Kxras,Job 00648,6.5.2 Garage Door Weather Stripping Installation,Stainless Steel Trim Nail,2,12.98,0,Materials,0000 Uncategorized
22Pa7r3Kxras,Job 00648,6.5.2 Garage Door Weather Stripping Installation,Hourly Rate,4,55,0,Labor,210 In-House Labor
22Pa7r3Kxras,Job 00648,6.5.2 Garage Door Weather Stripping Installation,9' Garage Door Weatherstrip,3,11.76,0,Materials,1600 Garage
22Pa7r3Kxras,Job 00648,8.3.6 Hot Water Repair,Hourly Rate,1,125,202.27272727272728,Labor,210 In-House Labor
22Pa7r3Kxras,Job 00648,13.8.1 Light Bulb Replacement,60-Watt Equivalent A19 Non-Dimmable LED Light Bulb Daylight (8-Pack),1,10.37,0,Materials,0000 Uncategorized
22Pa7r3Kxras,Job 00648,13.8.1 Light Bulb Replacement,Hourly Rate,0.25,55,0,Labor,210 In-House Labor
22Pa7r3Kxras,Job 00648,Warranty Items,Metal Box Cover Plate,1,0.93,0,Materials,0000 Uncategorized
22Pa7r3Kxras,Job 00648,Warranty Items,Hourly Rate,0.25,55,0,Labor,210 In-House Labor
22Pa7r3Kxras,Job 00648,Warranty Items,7' Garage Door Weatherstrip,6,9.47,0,Materials,1600 Garage
22Pa7r3Kxras,Job 00648,Warranty Items,Stainless Steel Trim Nail,2,12.98,0,Materials,0000 Uncategorized
22Pa7r3Kxras,Job 00648,Warranty Items,Hourly Rate,4,55,0,Labor,210 In-House Labor
22Pa7r3Kxras,Job 00648,Warranty Items,60-Watt Equivalent A19 Non-Dimmable LED Light Bulb Daylight (8-Pack),1,10.37,0,Materials,0000 Uncategorized
22Pa7r3Kxras,Job 00648,Warranty Items,Hourly Rate,0.25,55,0,Labor,210 In-House Labor
22Pa7r3Kxras,Job 00648,Warranty Items,9' Garage Door Weatherstrip,3,11.76,0,Materials,1600 Garage
22Pa7r3Kxras,Job 00648,Warranty Items,7' Garage Door Weatherstrip,6,9.47,,Materials,1600 Garage
22Pa7r3Kxras,Job 00648,Warranty Items,9' Garage Door Weatherstrip,3,11.76,,Materials,1600 Garage
22Pa7r3Kxras,Job 00648,Warranty Items,Stainless Steel Trim Nail,2,12.98,,Materials,0000 Uncategorized
22Pa7r3Kxras,Job 00648,Warranty Items,Hourly Rate,4,55,,Labor,210 In-House Labor
22Pa7r3Kxras,Job 00648,Warranty Items,Metal Box Cover Plate,1,0.93,,Materials,0000 Uncategorized
22Pa7r3Kxras,Job 00648,Warranty Items,Hourly Rate,0.25,55,,Labor,210 In-House Labor
22Pa7r3Kxras,Job 00648,Warranty Items,60-Watt Equivalent A19 Non-Dimmable LED Light Bulb Daylight (8-Pack),1,10.37,,Materials,0000 Uncategorized
22Pa7r3Kxras,Job 00648,Warranty Items,Hourly Rate,0.25,55,,Labor,210 In-House Labor
22Pa7r3Kxras,Job 00648,6.5.2 Garage Door Weather Stripping Installation,7' Garage Door Weatherstrip,6,9.47,,Materials,1600 Garage
22Pa7r3Kxras,Job 00648,6.5.2 Garage Door Weather Stripping Installation,9' Garage Door Weatherstrip,3,11.76,,Materials,1600 Garage
22Pa7r3Kxras,Job 00648,6.5.2 Garage Door Weather Stripping Installation,Stainless Steel Trim Nail,2,12.98,,Materials,0000 Uncategorized
22Pa7r3Kxras,Job 00648,6.5.2 Garage Door Weather Stripping Installation,Hourly Rate,4,55,,Labor,210 In-House Labor
22Pa7r3Kxras,Job 00648,13.7.1 Cover Plate Replacement,Metal Box Cover Plate,1,0.93,,Materials,0000 Uncategorized
22Pa7r3Kxras,Job 00648,13.7.1 Cover Plate Replacement,Hourly Rate,0.25,55,,Labor,210 In-House Labor
22Pa7r3Kxras,Job 00648,13.8.1 Light Bulb Replacement,60-Watt Equivalent A19 Non-Dimmable LED Light Bulb Daylight (8-Pack),1,10.37,,Materials,0000 Uncategorized
22Pa7r3Kxras,Job 00648,13.8.1 Light Bulb Replacement,Hourly Rate,0.25,55,,Labor,210 In-House Labor
22Pa8CZ38Lp9,11 Ardmore Drive,3.9.1 - Exterior: Porch and Railings — Settling Brick Repair,Exterior: Porch and Railings — Settling Brick Repair,4,55,89,Other,0000 Uncategorized
22Pa8CZ38Lp9,11 Ardmore Drive,3.9.1 - Exterior: Porch and Railings — Settling Brick Repair,SAKRETE 10.3 fl. oz. Mortar Repair Sealant,4,6.18,10.32,Materials,0000 Uncategorized
22Pa8CZ38Lp9,11 Ardmore Drive,6.3.1 - Roof: Flashing & Roof Penetrations — Chimney Flashing Repair,Roof: Flashing & Roof Penetrations — Chimney Flashing Repair,1,450,652.5,Other,0000 Uncategorized
22Pa8CZ38Lp9,11 Ardmore Drive,"7.4.1 - Plumbing: Drain, Waste & Vent — Improperly Capped Drain Line (Crawlspace)","Plumbing: Drain, Waste & Vent — Improperly Capped Drain Line (Crawlspace)",1.5,69.68,108,Other,0000 Uncategorized
22Pa8CZ38Lp9,11 Ardmore Drive,8.1.1 - Water Heater — TPR Drain Pipe Extension,Water Heater — TPR Drain Pipe Extension,2.5,86.45,134,Other,0000 Uncategorized
22Pa8CZ38Lp9,11 Ardmore Drive,9.1.1 - Bathrooms: Hall Bathroom — Accordion Drain Pipe Replacement,Bathrooms: Hall Bathroom — Accordion Drain Pipe Replacement,2,63.23,98,Other,0000 Uncategorized
22Pa8CZ38Lp9,11 Ardmore Drive,"10.5.1, 10.5.2, 10.5.3 - Electrical: GFCI Protection — Bathrooms, Garage & Kitchen",", 10.5.2, 10.5.3 - Electrical: GFCI Protection — Bathrooms, Garage & Kitchen",1,600,869.9999999999999,Subcontractor,0000 Uncategorized
22Pa8CZ38Lp9,11 Ardmore Drive,12.1.1 - Heating: Heating Unit — Condensate Drain Line Cleanout Installation,Heating: Heating Unit — Condensate Drain Line Cleanout Installation,2,65.81,102,Other,0000 Uncategorized
22Pa8CZ38Lp9,11 Ardmore Drive,3.9.1 - Exterior: Porch and Railings — Settling Brick Repair,SAKRETE 10.3 fl. oz. Mortar Repair Sealant,4,6.18,10.32,Materials,0000 Uncategorized
22Pa8CZ38Lp9,11 Ardmore Drive,3.9.1 - Exterior: Porch and Railings — Settling Brick Repair,Exterior: Porch and Railings — Settling Brick Repair,4,55,89,Other,0000 Uncategorized
22Pa8CZ38Lp9,11 Ardmore Drive,6.3.1 - Roof: Flashing & Roof Penetrations — Chimney Flashing Repair,Roof: Flashing & Roof Penetrations — Chimney Flashing Repair,1,450,652.5,Other,0000 Uncategorized
22Pa8CZ38Lp9,11 Ardmore Drive,"7.4.1 - Plumbing: Drain, Waste & Vent — Improperly Capped Drain Line (Crawlspace)","Plumbing: Drain, Waste & Vent — Improperly Capped Drain Line (Crawlspace)",1.5,69.68,108,Other,0000 Uncategorized
22Pa8gqYmpxv,Job 00651,"1 - Drywall Removal (Living, Dining, Kitchen — Vaulted Ceiling Area)",Hourly Rate,30,55,89,Labor,210 In-House Labor
22Pa8gqYmpxv,Job 00651,"1 - Drywall Removal (Living, Dining, Kitchen — Vaulted Ceiling Area)",Ram Board 6.1 mm x 3 in. x 164 ft. Floor Protection Seam Tape,3,11.26,18.579000000000004,Materials,1000 1000 Preparation and Management Fees
22Pa8gqYmpxv,Job 00651,"1 - Drywall Removal (Living, Dining, Kitchen — Vaulted Ceiling Area)",Ram Board 38 in. W x 50 ft. L Heavy Duty Temporary Floor Protection Board,10,36.96,60.98400000000001,Materials,1000 1000 Preparation and Management Fees
22Pa8gqYmpxv,Job 00651,"1 - Drywall Removal (Living, Dining, Kitchen — Vaulted Ceiling Area)",Dumpster Rental,1,400,580,Other,310 Demolition
22Pa8gqYmpxv,Job 00651,2 - Structural Ceiling Joist Repairs (Per Engineer's Report),2x6x12 SPF,30,10.76,17.97,Materials,0000 Uncategorized
22Pa8gqYmpxv,Job 00651,2 - Structural Ceiling Joist Repairs (Per Engineer's Report),Hourly Rate,50,55,89,Labor,210 In-House Labor
22Pa8gqYmpxv,Job 00651,2 - Structural Ceiling Joist Repairs (Per Engineer's Report),Miscellaneous,,200,330.00000000000006,Materials,0000 Uncategorized
22Pa8gqYmpxv,Job 00651,"3 - Drywall Reinstallation (Living, Dining, Kitchen — Vaulted Ceiling Area)",Drywall Reinstallation,1,2700,3914.9999999999995,Other,0000 Uncategorized
22Pa8gqYmpxv,Job 00651,4 - Electrical,Electrical Fixture Reinstallation,1,1800,2610,Subcontractor,0000 Uncategorized
22Pa8gqYmpxv,Job 00651,"5 - Interior Painting (Living, Dining, Kitchen — Ceilings and Walls)","Interior Painting (Living, Dining, Kitchen — Ceilings and Walls)",1,2300,3335,Other,0000 Uncategorized
22Pa8gqYmpxv,Job 00651,Ceiling Faux Beams (Optional),Miscellaneous supplies,,200,330.00000000000006,Materials,0000 Uncategorized
22Pa8gqYmpxv,Job 00651,Ceiling Faux Beams (Optional),2x4x10 Dimensional Lumber,10,5.62,9.273,Materials,0000 Uncategorized
22Pa8gqYmpxv,Job 00651,Ceiling Faux Beams (Optional),Special Order Materials,,1000,1650.0000000000002,Materials,0000 Uncategorized
22Pa8gqYmpxv,Job 00651,Ceiling Faux Beams (Optional),Hourly Rate,20,55,89,Labor,210 In-House Labor
22Pa8gqYmpxv,Job 00651,"1 - Drywall Removal (Living, Dining, Kitchen — Vaulted Ceiling Area)",Dumpster Rental,1,400,580,Other,310 Demolition
22Pa8gqYmpxv,Job 00651,"1 - Drywall Removal (Living, Dining, Kitchen — Vaulted Ceiling Area)",Hourly Rate,30,55,89,Labor,210 In-House Labor
22Pa8gqYmpxv,Job 00651,"1 - Drywall Removal (Living, Dining, Kitchen — Vaulted Ceiling Area)",Ram Board 6.1 mm x 3 in. x 164 ft. Floor Protection Seam Tape,3,11.26,18.579000000000004,Materials,1000 1000 Preparation and Management Fees
22Pa8gqYmpxv,Job 00651,"1 - Drywall Removal (Living, Dining, Kitchen — Vaulted Ceiling Area)",Ram Board 38 in. W x 50 ft. L Heavy Duty Temporary Floor Protection Board,10,36.96,60.98400000000001,Materials,1000 1000 Preparation and Management Fees
22Pa8gqYmpxv,Job 00651,2 - Structural Ceiling Joist Repairs (Per Engineer's Report),Miscellaneous,,200,330.00000000000006,Materials,0000 Uncategorized
22Pa8gqYmpxv,Job 00651,2 - Structural Ceiling Joist Repairs (Per Engineer's Report),2x6x12 SPF,30,10.76,17.97,Materials,0000 Uncategorized
22Pa8gqYmpxv,Job 00651,2 - Structural Ceiling Joist Repairs (Per Engineer's Report),Hourly Rate,50,55,89,Labor,210 In-House Labor
22Pa8gqYmpxv,Job 00651,"3 - Drywall Reinstallation (Living, Dining, Kitchen — Vaulted Ceiling Area)",Drywall Reinstallation,1,2700,3914.9999999999995,Other,0000 Uncategorized
22Pa8gqYmpxv,Job 00651,"5 - Interior Painting (Living, Dining, Kitchen — Ceilings and Walls)","Interior Painting (Living, Dining, Kitchen — Ceilings and Walls)",1,2300,3335,Other,0000 Uncategorized
22PaCRzaRQTg,294 Austin Street,s-36 - Roof Shingle Repair at Rear Left,s-36 - Roof Shingle Repair at Rear Left,1,500,725,Other,0000 Uncategorized
22PaCRzaRQTg,294 Austin Street,s-100 - Laundry Room Outlet Installation,s-100 - Laundry Room Outlet Installation,2,325,471.24999999999994,Subcontractor,0000 Uncategorized
22PaCRzaRQTg,294 Austin Street,s-36 - Roof Shingle Repair at Rear Left,s-36 - Roof Shingle Repair at Rear Left,1,500,725,Other,0000 Uncategorized
22PaCRzaRQTg,294 Austin Street,s-100 - Laundry Room Outlet Installation,s-100 - Laundry Room Outlet Installation,2,325,471.24999999999994,Subcontractor,0000 Uncategorized
22PaFUymz8m3,Job 00657,Electrical - TV Wiring Relocation,Electrical - TV Wiring Relocation,1,187.1,290,Subcontractor,0000 Uncategorized
22PaFUymz8m3,Job 00657,Electrical - Light Switch Relocation,Electrical - Light Switch Relocation,1,420.65,652,Subcontractor,0000 Uncategorized
22PaFUymz8m3,Job 00657,Electrical - Wall-Mounted Light Fixture Removal (Mudroom),Electrical - Wall-Mounted Light Fixture Removal (Mudroom),1,140.65,218,Subcontractor,0000 Uncategorized
22PaQGPiPRHj,310 Cardinal Drive,Pg. 8 (4) - Garage Door Roller Repair,Pg. 8 (4) - Garage Door Roller Repair,1,221.94,344,Other,0000 Uncategorized
22PaQGPiPRHj,310 Cardinal Drive,Pg. 18 - GFCI Outlet Installation (Kitchen & Bathrooms),Pg. 18 - GFCI Outlet Installation (Kitchen & Bathrooms),1,420.65,652,Subcontractor,0000 Uncategorized
22PaQGPiPRHj,310 Cardinal Drive,Pg. 19 - Open Splices in Attic & Open Junction Box in Crawlspace,Pg. 19 - Open Splices in Attic & Open Junction Box in Crawlspace,1,280.65,435,Subcontractor,0000 Uncategorized
22PaQGPiPRHj,310 Cardinal Drive,Pg. 26 (12) - Missing Gable Vent Screens (Attic),Pg. 26 (12) - Missing Gable Vent Screens (Attic),1.5,140.65,218,Other,0000 Uncategorized
22PaQGPiPRHj,310 Cardinal Drive,Pg. 27 (13) - Missing Crawlspace Vent Screens,Pg. 27 (13) - Missing Crawlspace Vent Screens,1.5,140.65,218,Other,0000 Uncategorized
22PaQGPiPRHj,310 Cardinal Drive,Pg. 27 (14) - Crawlspace Dehumidifier Installation,Pg. 27 (14) - Crawlspace Dehumidifier Installation,1,2310.32,3581,Subcontractor,0000 Uncategorized
22PaQGPiPRHj,310 Cardinal Drive,Pg. 32 (15) - Gas Piping Bonding,Pg. 32 (15) - Gas Piping Bonding,1,420.65,652,Subcontractor,0000 Uncategorized
22PaQGPiPRHj,310 Cardinal Drive,Pg. 32 (16) - Cap Unused Gas Line,Pg. 32 (16) - Cap Unused Gas Line,2,57.42,89,Subcontractor,0000 Uncategorized
22PaQGPiPRHj,310 Cardinal Drive,"Pg. 32 (17-21) - Plumbing Repairs (Kitchen, Bathtub, Toilet, Hosebib, Guest Toilet)","Pg. 32 (17-21) - Plumbing Repairs (Kitchen, Bathtub, Toilet, Hosebib, Guest Toilet)",1.5,935.48,1450,Subcontractor,0000 Uncategorized
22PaQGPiPRHj,310 Cardinal Drive,Pg. 42 (28) - Bath Exhaust Fan Venting to Exterior,Pg. 42 (28) - Bath Exhaust Fan Venting to Exterior,1.5,145.81,226,Other,0000 Uncategorized
22PaRJXqqRHV,Job 00663,Exterior Softwash / Pressure Wash,Exterior Softwash / Pressure Wash,1,650,942.4999999999999,Other,0000 Uncategorized
22PaRJXqqRHV,Job 00663,Garage Door Divider (Center Post) Repair,Hourly Rate,8,55,89,Labor,210 In-House Labor
22PaRJXqqRHV,Job 00663,"Interior Drywall Repairs – Bedroom Closet, Dining Room, and Primary Bathroom Ceilings","Interior Drywall Repairs – Bedroom Closet, Dining Room, and Primary Bathroom Ceilings",1,1640,2378,Other,0000 Uncategorized
22PaRJXqqRHV,Job 00663,Primary Bathroom Exhaust Fan/Light Combo Replacement,Broan-NuTone 80 CFM Ceiling Bathroom Exhaust Fan with Light,1,79.55,147.17,Materials,0000 Uncategorized
22PaRJXqqRHV,Job 00663,Primary Bathroom Exhaust Fan/Light Combo Replacement,Hourly Rate,6,55,89,Labor,210 In-House Labor
22PaRJXqqRHV,Job 00663,Deck Board Replacement and Railing Repairs,misc materials,1,200,330.00000000000006,Other,0000 Uncategorized
22PaRJXqqRHV,Job 00663,Deck Board Replacement and Railing Repairs,Hourly Rate,12,55,89,Labor,210 In-House Labor
22PaRJXqqRHV,Job 00663,Full Deck Replacement (Alternative Quote),Full Deck Replacement (Ballpark Quote),1,11000,15949.999999999998,Other,0000 Uncategorized
22PaRJXqqRHV,Job 00663,Deck Repairs/Replacement,misc materials,1,200,330.00000000000006,Other,0000 Uncategorized
22PaRJXqqRHV,Job 00663,Deck Repairs/Replacement,Full Deck Replacement (Ballpark Quote),1,11000,15949.999999999998,Other,0000 Uncategorized
22PaRJXqqRHV,Job 00663,Deck Repairs/Replacement,Hourly Rate,12,55,89,Labor,210 In-House Labor
22PaRJXqqRHV,Job 00663,Exterior Softwash / Pressure Wash,Exterior Softwash / Pressure Wash,1,650,942.4999999999999,Other,0000 Uncategorized
22PaRJXqqRHV,Job 00663,Garage Door Divider (Center Post) Repair,Hourly Rate,8,55,89,Labor,210 In-House Labor
22PaRJXqqRHV,Job 00663,"Interior Drywall Repairs – Bedroom Closet, Dining Room, and Primary Bathroom Ceilings","Interior Drywall Repairs – Bedroom Closet, Dining Room, and Primary Bathroom Ceilings",1,1640,2378,Other,0000 Uncategorized
22PaX8yxc648,Job 00665,Toilet Repairs,Plumbers Of Greenville,,600,869.9999999999999,Labor,220 Subcontractor Labor
22PaX8yxc648,Job 00665,Toilet Repairs,Plumbers Of Greenville,,600,869.9999999999999,Labor,220 Subcontractor Labor
22PaXDdeuwhm,138 Barrington Creek,"A1-2, A1-2.2, A1-2.3 - Vinyl Siding Repair and Trim Installation","A1-2, A1-2.2, A1-2.3 - Vinyl Siding Repair and Trim Installation",2,158.71,246,Other,0000 Uncategorized
22PaXDdeuwhm,138 Barrington Creek,"B1-1, B1-1.2, B1-1.3, B1-1.4 - Foundation Crack and Pitting Repair","B1-1, B1-1.2, B1-1.3, B1-1.4 - Foundation Crack and Pitting Repair",1,241.94,375,Other,0000 Uncategorized
22PaXDdeuwhm,138 Barrington Creek,E2-1.2 - Miscolored Wire Labeling at Main Electrical Panel,E2-1.2 - Miscolored Wire Labeling at Main Electrical Panel,1.25,140.65,218,Subcontractor,0000 Uncategorized
22PaXDdeuwhm,138 Barrington Creek,G1-1.3 - HVAC Compressor Breaker Replacement,G1-1.3 - HVAC Compressor Breaker Replacement,1.5,138.06,214,Subcontractor,0000 Uncategorized
22PaXDdeuwhm,138 Barrington Creek,"A1-2, A1-2.2, A1-2.3 - Vinyl Siding Repair and Trim Installation","A1-2, A1-2.2, A1-2.3 - Vinyl Siding Repair and Trim Installation",2,158.71,246,Other,0000 Uncategorized
22PaXDdeuwhm,138 Barrington Creek,"B1-1, B1-1.2, B1-1.3, B1-1.4 - Foundation Crack and Pitting Repair","B1-1, B1-1.2, B1-1.3, B1-1.4 - Foundation Crack and Pitting Repair",1,241.94,375,Other,0000 Uncategorized
22PaXDdeuwhm,138 Barrington Creek,E2-1.2 - Miscolored Wire Labeling at Main Electrical Panel,E2-1.2 - Miscolored Wire Labeling at Main Electrical Panel,1.25,140.65,218,Subcontractor,0000 Uncategorized
22PaXDdeuwhm,138 Barrington Creek,G1-1.3 - HVAC Compressor Breaker Replacement,G1-1.3 - HVAC Compressor Breaker Replacement,1.5,138.06,214,Subcontractor,0000 Uncategorized
22PaeWZNXNtn,Job 00669,Painting,nothing,,,,Labor,0000 Uncategorized
22PaeWZNXNtn,Job 00669,Balcony Column Trim & Misc Repairs,Kerf Door Weatherstrip - Brown,10,6.470000000000001,10.676,Materials,1500 Doors & Windows
22PaeWZNXNtn,Job 00669,Balcony Column Trim & Misc Repairs,Miscellaneous,,150,247.5,Materials,0000 Uncategorized
22PaeWZNXNtn,Job 00669,Balcony Column Trim & Misc Repairs,Hourly Rate,30,55,89,Labor,210 In-House Labor
22PaeWZNXNtn,Job 00669,Balcony Floor Coating,Miscellaneous,,500,825,Materials,0000 Uncategorized
22PaeWZNXNtn,Job 00669,Balcony Floor Coating,Hourly Rate,10,55,89,Labor,210 In-House Labor
22PaeWZNXNtn,Job 00669,Painting,nothing,,0,0,Labor,0000 Uncategorized
22PaeWZNXNtn,Job 00669,Balcony Column Trim & Misc Repairs,Kerf Door Weatherstrip - Brown,10,6.470000000000001,10.676,Materials,1500 Doors & Windows
22PaeWZNXNtn,Job 00669,Balcony Column Trim & Misc Repairs,Miscellaneous,,150,247.5,Materials,0000 Uncategorized
22PaeWZNXNtn,Job 00669,Balcony Column Trim & Misc Repairs,Hourly Rate,30,55,89,Labor,210 In-House Labor
22PapifRtpwY,Job 00671,1 - Leak Source Investigation (Office Ceiling),Leak Source Investigation (Office Ceiling),1,57.42,89,Other,0000 Uncategorized
22PapifRtpwY,Job 00671,1A - Office Ceiling Drywall and Paint Repair (Allowance),A - Office Ceiling Drywall and Paint Repair (Allowance),1,256.13,397,Other,0000 Uncategorized
22PapifRtpwY,Job 00671,2 - Cloudy/Fogged Window Glass Replacement (Bedroom and Master Bath),Cloudy/Fogged Window Glass Replacement (Bedroom and Master Bath),1,540.65,838,Other,0000 Uncategorized
22Papn5SbCDC,Job 00672,Deck/Stairs Stain,Renew Paint,,4000,5800,Labor,0000 Uncategorized
22Papn5SbCDC,Job 00672,Deck/Stairs Stain,Renew Paint,,4000,5800,Labor,0000 Uncategorized
22Paw2ZCv2Ze,115 Sturgeon Bay Drive,3.1.1 / 3.2.1 - Vinyl Siding Repairs and Penetration Sealing,/ 3.2.1 - Vinyl Siding Repairs and Penetration Sealing,1.5,270.32,419,Other,0000 Uncategorized
22Paw2ZCv2Ze,115 Sturgeon Bay Drive,4.5.1 - Window Sash Spring/Balance Repair (Office),Window Sash Spring/Balance Repair (Office),3,57.42,89,Other,0000 Uncategorized
22Paw2ZCv2Ze,115 Sturgeon Bay Drive,6.1.1 / 6.1.2 - Exterior Gas Line Rust Treatment and Non-Rated Flex Line Replacement (Right Side Ext,/ 6.1.2 - Exterior Gas Line Rust Treatment and Non-Rated Flex Line Replacement (Right Side Exterior),1,327.74,508,Subcontractor,0000 Uncategorized
22Paw2ZCv2Ze,115 Sturgeon Bay Drive,7.2.1 / 7.2.2 - Bathroom Fixture Caulking and Bathtub Spout Securing,/ 7.2.2 - Bathroom Fixture Caulking and Bathtub Spout Securing,0.75,138.06,214,Other,0000 Uncategorized
22Paw2ZCv2Ze,115 Sturgeon Bay Drive,7.4.1 - Slow Drain Repair (Primary Bathroom),Slow Drain Repair (Primary Bathroom),1,57.42,89,Other,0000 Uncategorized
22Paw2ZCv2Ze,115 Sturgeon Bay Drive,7.6.1 - Water Heater Combustible Clearance Correction (Garage),Water Heater Combustible Clearance Correction (Garage),1,57.42,89,Other,0000 Uncategorized
22Paw2ZCv2Ze,115 Sturgeon Bay Drive,7.8.1 - Exterior Hose Bib Repair (Right Exterior),Exterior Hose Bib Repair (Right Exterior),1.5,84.52,131,Other,0000 Uncategorized
22Paw2ZCv2Ze,115 Sturgeon Bay Drive,"9.4.1 - Mismatched AC Breaker Correction (Main Panel, Garage)","Mismatched AC Breaker Correction (Main Panel, Garage)",1.5,138.06,214,Subcontractor,0000 Uncategorized
22Paw2ZCv2Ze,115 Sturgeon Bay Drive,9.7.1 - Ceiling Fan Repair or Replacement (Front Left Bedroom),Ceiling Fan Repair or Replacement (Front Left Bedroom),1,57.42,89,Other,0000 Uncategorized
22Paw2ZCv2Ze,115 Sturgeon Bay Drive,9.8.1 / 9.8.2 - GFCI Outlet Installation and Repair (Laundry Room and Front Exterior),/ 9.8.2 - GFCI Outlet Installation and Repair (Laundry Room and Front Exterior),1,191.61,297,Subcontractor,0000 Uncategorized
22PawSSgTvKH,Job 00675,Skylight Installation - Roof Penetration and Flashing,Skylight Installation - Roof Penetration and Flashing,2,500,725,Other,0000 Uncategorized
22PawSSgTvKH,Job 00675,Skylight Light Shaft - Attic Framing and Drywall,Hourly Rate,,55,89,Labor,210 In-House Labor
